Tweet,Label
pagi-pagi sudah dibuat emosi.,Anger
"kok stabilitas negara? memang sepuluh tahun negara tidak aman. bahkan susilo bambang yudhoyono menyuburkan organisasi masyarakat radikal, intoleran, teroris yang berafiliasi ke partai tertentu. narasi kelihatan intelektual tapi bodoh.",Anger
sudahlah emosi melulu lihat manchester united.,Anger
"aib? bodoh benar! sebelum kata aib itu muncul, terlebih dahulu sudah ada tindakan, yakni kekejian. jangan kau sembunyikan caramu menelaah masalah. semisal anak perempuanmu ditempeleng, apa kau juga setuju untuk dia bersikap bungkam? melapor polisi adalah benar. lantas apa bedanya?",Anger
"dih, kamu yang menyebalkan bodoh.",Anger
asli memalukan orang indonesia bodoh yang latah cilukba pakai huruf hijaiyah sama bersetubuh sama ganti huruf t pakai salib. ada tiktok filipina lewat for your page aku dan balasannya bersetubuh semua. dasar bodoh tren tiktok terbodoh.,Anger
drama anak baru gede bodoh.,Anger
"masih emosi sih sama katla kemarin. mana keterangannya begini saja, hasil mengaci. kesal.",Anger
"bangsat penghormatan nomor satu, bencana nomor dua mau mengalahkan ini sepertinya.",Anger
"ingin pergi jauh terus berteriak sambil menangis sekencang-kencangnya, nanti balik kalau aku sudah lupa segalanya. haha kan bodoh, mustahil sekali.",Anger
ya allah mau marah tapi bagaimana ya.,Anger
silabus kita memang kemampuan berfikir aras tinggi gila babi. bodoh yang membuat silabus ini. pembelajaran seharusnya menyenangkan.,Anger
"pagi-pagi dikerjai orang haha dikira aku bodoh, ya aku ladeni lah lihat sampai mana.",Anger
"angka covid lagi naik. kalau masih dilanjutkan acara offlinenya, asli bodoh sih merek ini.",Anger
"bukan lebih ke sangar sih, kalau menurutku bodoh bin tolol. diingatkan untuk kebaikan malah acuh.",Anger
"mas menjajakan diri dulu mas, biar otaknya jadi segar lagi. bagi orang kafir seperti kamu bersetubuh dengan perempuan tuna susila ibadah yang utama. punya bodoh kok keterlaluan sekali.",Anger
"satu sampai sepuluh, marah aku.",Anger
bodoh banget. mana ada bercinta? yang ada mimpi dikejar-kejar setan semalam. anak kecil bodoh ini yang iya iya saja kalau bicara.,Anger
"izinkan suami berpoligami buat menghindari zina? lucu sekali, apakah nabi saya berpoligami karena mata keranjang terus bernafsu? terus ada niat zina, tapi biar tidak zina jadi dinikahi? melirik perempuan sambil menyebarkan ajaran agama begitu? bodoh, belajar agama lagi sana.",Anger
aku menyerah joki saja kali ya tugas puisi. ya allah kenapa aku bodoh bahasa inggris.,Anger
hah? seperti dendam sekali sama ibu.,Anger
"huah benci covid sekali. semoga berhenti di jimin tidak ada jungkook dan juga taehyung. ya tuhan, tolong.",Anger
"benci sekali sama diri sendiri, gampang menangis kalau ngobrol sama orang tua.",Anger
"kelompok lesbian, gay, biseksual, transgender ini patutlah. liberal bodoh tahi.",Anger
iya televisi nasional ini memang suka memancing emosi penonton.,Anger
sekarang ini aku baru bangun tidur sudah bikin emosi saja.,Anger
mau marah sekali kenapa orang-orang jahat sekali sih.,Anger
kadang suka emosi baca beginian tapi orang bodoh memang susah kalau diajak ngobrol.,Anger
si orang kaya mancing emosi sih pagi-pagi.,Anger
sudah aku baca panjang-panjang kirain analisanya bakal meledak. ternyata hanya hasil pikiran otak pendek. bodoh.,Anger
emosi bung.,Anger
pemain paling bernilai pun marah tidak mencapai target kinerja kah?,Anger
opini kamu jelek bro. menutup keburukan dengan agama kamu benarkan? poligami untuk menghindari zina? bodoh! banyak berbicara tentang agama ya begini.,Anger
kapan ya manajemen di rumah sakit diubah biar tidak saling lempar seperti ini. orang ke rumah sakit itu butuh penanganan cepat bukan bolak-balik ribet. emosi kan aku anjir.,Anger
dari turunkan ayam dua sen lebih baik buat polisi memajukan industri sumber makanan negara. kita negara tropis kok harap makanan ternak impor? bodoh sekali orang malaysia sampai dedak ayam pun tidak bisa buat sendiri.,Anger
unesco orang arab haha kata yang benci anies.,Anger
"satu kata jangan memilih, sebab semua bodoh.",Anger
diam adalah jawaban terbaik untuk menghadapi orang bodoh.,Anger
"sangat bodoh bahan bakar minyak langka, beras mahal. cuma sarapan jagung dan ubi sebelum berangkat sekolah itu sekitar dua ribu enam sampai dua ribu sebelas.",Anger
bangsat ini akun saya diretas kah?,Anger
"lah kakakku yang umur tiga puluh tiga harus memanggil aku yang umur dua puluh tiga apa anjir kalau bukan adik? oh saya anak tunggal, ada anak perempuan satu lagi punya ayah ibu saya? begitu? bodoh ih.",Anger
ini betul-betul punya marah.,Anger
"ternyata ada yang lebih bodoh dari aku, jauh malah.",Anger
harusnya dihukum mati itu bangsat. rusak nama sumatera utara karena dia.,Anger
hmm siapa lagi yang harus aku benci.,Anger
ya tuhan aku tidak kuat sekali bangsat.,Anger
sumpah aku emosi sekali.,Anger
yang dinamakan orang bodoh.,Anger
ini faisal basri tidak lagi kena stroke kan? atau tiba-tiba gangguan mental? ciri khas joko widodo? ketukar sama susilo bambang yudhoyono pak faisal. jangan bangsat.,Anger
dipta kamu jangan bodoh bisa tidak?,Anger
"iya anjir, jangan-jangan dia punya dendam sama aku ya.",Anger
"apa bedanya coba awal chat huruf kapital atau tidak? sahabat, kamu kok bodoh.",Anger
"bangsat, memang kamu sudah?",Anger
saya bisa memasak. saya ini sudah ada bekal untuk main benda tajam dan minyak panas. jadi tolong hargai saya dan jangan bikin saya marah.,Anger
bodoh ya begitu diba astaga.,Anger
"aku baik tapi aku tidak bodoh. semoga orang tua aku sehat terus dan lancar rezeki, biar tidak usah aku mengandalkan saudara seperti anjing.",Anger
bangsat.,Anger
"eh, kamu tidak pernah merancang kejatuhan orang yang kamu benci dengan perempuan lain kah?",Anger
"hah, bodoh sekali kamu pantat.",Anger
emosi melulu nanti jadi buruk loh.,Anger
"ya kan tidak merasa capek, cuma larinya jadi lambat banget. emosi aku.",Anger
penggemar sebelah kalau tidak suka sama noren tidak usah mampir. sudah tahu benci sama noren malah baca alternate universe-nya. lucu banget kamu.,Anger
tidak sempat lah ini mau balas dendam minggu depan. mesti sakit sudah hilang waktu itu.,Anger
"islamofobia atau buzzer pemerintah, yaitu: satu, para anjing sekularis liberalis dan komunis, pelaku maksiat yang ingin mencari pembenaran atas kelakuannya. dua, para babi kafir, pecundang debat teologis secara akademis yang ingin melampiaskan dendam kekalahannya.",Anger
"iya juwi, emosi nih aku pagi-pagi.",Anger
aku benci kata jenuh.,Anger
aku benci sekolah.,Anger
omongan kosong pendukung garis keras memang bangsat.,Anger
bangsat masih berani main media sosial.,Anger
ajarkan kepada anak lelaki; tolong opininya jangan kelewat bodoh.,Anger
"kamu menyindir aku sama antek-anteknya berharap aku marah. tenang, aku punya jurus jitu, aku balas pakai selawat. zalim, kesel sendiri kan, hahaha.",Anger
"tidak usah kaget kalau tiba-tiba aku jadi benci sama saudara aku. dasar orang tidak tahu diri, parasit, kacang lupa kulit, bajingan sama saudara sendiri.",Anger
hahaha bangsat.,Anger
"itu kamu saja, tahu definisi adik tidak sih kamu? ilah bikin emosi.",Anger
"menonton sis, masih on going. emosi melulu ya, sekarang nonton sudah lah ikuti saja.",Anger
"kenapa agama yang lurus dari tuhan yang maha esa bisa menjadi bengkok hingga bermacam-macam? sebabnya karena ada orang-orang bodoh dan sesat seperti itu. sudah banyak dari zaman dulu, namun motifnya tetap sama, yaitu untuk kepentingan perut dan sekitarnya.",Anger
"dapat mimpi malah mendukung ketakutan, bangun-bangun bangsat banget, bete. au ah, mending tidak usah tidur apa ya.",Anger
"hah, belajar teknisi kelistrikan a1, sekali kerja ambil bekas dari pabrik jadi buruh, dengan atasan yang kadang baik kadang tidak baik. mau ikut kata dia seperti kerja tidak pernah siap. brengsek. semua kerja siap tapi bodoh tetap mau marah juga. bajingan.",Anger
"woi bodoh, kalau semua mengeluh, beropini, berargumen, berpendapat tentang kebijakan pemerintah, buat apa pemilihan legislatif dilakukan? goblok dipelihara. kamu lakukan itu malah membuat anggota legislatif terhormat itu makan gaji buta. bodoh. pendapatan anggota dewan itu sepuluh kali gaji upah minimum regional tiap bulan.",Anger
terserah dan masa bodoh jika kamu tidak suka atau bahkan membenci aku. rasa kesalku belum juga hilang.,Anger
jangan sampai rakyat benci.,Anger
"aku kira di menfess sebelumnya kamu mau bercanda, ternyata bodoh beneran, haha. kamu tidak tahu definisi adik atau bagaimana? semua orang menyebut saudara kandung yang lebih muda itu adik. tidak usah menyuruh orang untuk mengaku. kamu saja yang berpikir begitu bodoh. tidak jelas kamu.",Anger
marah sekali aku.,Anger
"auto berbelit apa? memang dia orang marah bila ditipu oleh pemerintah india. indira gandhi gunakan hal ini sebagai peluang untuk politikus dia, itu yang menyebabkan ltte membunuh indira gandhi. kamu pergi baca sejarah kenapa ltte itu diwujudkan. tidak sama langsung seperti taliban.",Anger
anjing pagi-pagi dibuat emosi.,Anger
bersabar dengan emosi yang ada di dalam diri ini.,Anger
"benci tasik, benci jakarta.",Anger
sepertinya kakek masih dendam.,Anger
aduh bangsat ganteng sekali lagi orang ini.,Anger
"paling benci kalau lagi diam terus panik sendiri, tidak tahu bingung kenapa.",Anger
"kalau cerita ke suami aku tentang mimpi malam tadi, pasti kena marah.",Anger
"bangsat nanti pasti menangis haha pengecut, nada bodoh, mati saja kamu.",Anger
"bodoh punya pernyataan. lebih baik pergi minum alkohol, berzina, main judi, baru betul menegangkan.",Anger
"mengaku saja lah bodoh, ngajak-ngajak tidak jelas yang menganggap adik cuma anak kecil. kamu saja yang berpikir begitu.",Anger
gagal lembut malah emosi.,Anger
kamu jangan bikin aku marah.,Anger
jarina hasebe hobi mengomel dan marah-marah.,Anger
"capek lagi puasa, ada saja yang bikin marah.",Anger
anjinglah brengsek bangsat.,Anger
emosi ya.,Anger
tahulah mau meluapkan ke siapa. terasa bodoh sekali.,Anger
"benci juga karakternya cheol. seperti itu sudah kelihatan han sakit hati, kenapa harus ditegaskan dulu baru peka? tidak mempermasalahkan perasaannya terhadap nu, tapi cara dia memperlakukan han yang aku benci. dipermainkan sekali haha, brengsek.",Anger
"poin satu dua oke lah, poin selanjutnya itu lho, aku laki-laki saja marah membacanya.",Anger
kenapa kamu yang emosi?,Anger
"ya kalau mau poligami ikuti sunah rasul, tunggu istri pertama meninggal dulu dan kamu menikah dengan nenek-nenek yang sudah tua dan miskin untuk diurus, bukan mau enaknya saja bodoh.",Anger
"betul orang bilang, kalau tidak bodoh bukan barisan nasional namanya.",Anger
kalau hari buruk sekalipun tidak ada hak untuk emosi ke orang lain. tidak profesional!,Anger
pagi-pagi bangun sudah berantakan. bodoh.,Anger
"percaya tapi benci aku kalau suka diam saja tidak langsung bicara. aku tidak menggigit kok, dan kamu laki-laki yang gentle dong, masa kalah sama gentlewoman.",Anger
"akhirnya bangun siang, tapi si bodoh ini tidak salat subuh.",Anger
"aku pura-pura tidak tahu saja kebohonganmu yang sangat jelas. entahlah, aku pura-pura bodoh saja, nanti juga akan ketahuan sendiri. biar waktu yang menunjukkan.",Anger
"tetap saja namanya selingkuh, kok ya bodoh sekali. kebanyakan alasan.",Anger
"nah ini yang aku kesal, aku sih biasa saja lihat si bright sama itu. soalnya seperti saudara betul, tapi yang aku benci kalau begitu malah suka bertindak seenaknya. anjir, penggemarnya malah menjelekkan iwin lagi. pasti sudah merasa real betul padahal cuma fanservice.",Anger
aku dendam sama dua orang itu.,Anger
"nafsu sama perempuan lain? puasa. tahan diri. jaga pandangan. bukan poligami, bangsat. kamu miskin tapi bergaya poligami, itu bagaimana ceritanya? nanti istri jelek tidak terurus karena kamu tidak kasih uang, langsung ditinggalin. heran aku kenapa laki-laki punya otak tidak dipakai.",Anger
"dulu waktu sekolah menengah pertama saya jengkel sekali sama ibu saya, mau pergi naik bus dari jombang ke bojonegoro pakai dianterin ke terminal bus. padahal pinginnya naik angkot saja.",Anger
"eh bukan jadi sasaran makian atau kena marah, tapi peduli karena tidak berbicara. tiba-tiba.",Anger
"tolong jangan benci fany, fany baik-baik kok tidak makan orang.",Anger
"tidak boleh marah, nanti cepat tua.",Anger
"si gwinam? kayaknya dia punya keinginan hidup yang tinggi, kan ada dendam sama chongsan.",Anger
permulaan yang bangsat untuk februari dua ribu dua puluh dua.,Anger
"baca komentarnya sungguh menguras emosi, anjing.",Anger
lagian kemarin siapa sih yang memilih gubernur ini? orang bodoh seperti ini.,Anger
"kata mama harus baik sama orang lain, tapi kalau orang itu bertindak seenaknya ya sudah diamkan saja. tapi aku orangnya tidak tega, jadi ya begitu, jatuhnya malah bodoh membantu orang yang tidak bisa usaha sendiri.",Anger
"bahkan ada tweet yang maksudnya mendukung, parahnya itu tidak dibarengi dengan bertanya baik-baik atau berdiskusi, tapi langsung marah-marah. benar-benar jadi ruang kemarahan saja.",Anger
"iya itu benci sekali, makin hari ada saja peraturan tidak jelas seperti ini, huhu.",Anger
janganlah marah dia. lesen l pun dia belum ada lagi itu.,Anger
"ibu yang darah tinggi, andin marah-marah. kenapa ibu marah-marah? lanjutkan, ibu.",Anger
"bodoh, namanya adik tidak harus anak kecil. adik itu yang lahir setelah kakak, mau kecil atau besar tidak ada urusan. dungu.",Anger
bangsat benar karena pelakunya adalah guru yang seharusnya mengayomi.,Anger
mereka ini semua sudah lama mau ngobrol dengan kamu. tidak seru katanya kalau tidak dengar kamu buat lelucon bodoh satu hari. itu dulu lah. haha. kami dengar kamu sedang menjalankan satu proyek besar. semua berbicara tentang kamu jo. tidak ada lah. belum ada apa-apa lagi.,Anger
hati-hati bodoh beneran.,Anger
"ya marah-marah terus, cepat tua mampus.",Anger
bodoh. mana ada yang mau kalah. memang bodoh anjing.,Anger
"kalau aku berbicara sepatah, kamu tersinggung. lebih baik aku diam. lalu kamu marah pula aku diam? tidak paham.",Anger
aku benci kamu.,Anger
contoh orang bodoh bin dungu.,Anger
"selama perintah suami tidak melanggar syariat, hormat tapi tidak bodoh. makanya islam untuk orang yang mau berpikir.",Anger
"ahaha khas buzzer pemerintah menuduh orang mau, dituduh marah.",Anger
"lah bodoh, itu all of us are dead kali gwinam.",Anger
aku macan marah?,Anger
bangsat sekali.,Anger
"padahal aku tinggal di lokasi juga dianggurin. buat apa kamu merekrut orang luar kalau begini ceritanya? bodoh. jadi tidak ingin aku duitnya mereka, tidak jelas sekali. bikin stres saja. padahal tinggal beresin saja sih, proyek juga sudah selesai, malah dibikin pusing.",Anger
tolong leon jangan sampai terbawa emosi ya.,Anger
benci sekali aku sama orang ini.,Anger
makanya pada belajar agama yang benar biar tidak bodoh.,Anger
ledik anjing setan tolol babi monyet.,Anger
"supaya generasi sekarang jadi bodoh, kan mudah dibodohi.",Anger
ateis punya rasa benci? kirain umat beragama saja. lalu apa bedanya?,Anger
terus hubungannya apa bangsat!,Anger
"bangsat, mengagetkan saja.",Anger
emosi melulu seperti ahok.,Anger
"entah lah orang penuh dengan emosi episode terakhir, waktu itu juga dia mau memaksakan orang.",Anger
aku benci hari sabtu.,Anger
"tidak tahu, aku benci sekali.",Anger
"suka nih yang bikin emosi begini, jadi tag aku dong kack.",Anger
aneh sekali bodoh kamu.,Anger
"jujur terkejut di bagian bangsatnya sih, biasanya kayaknya drake saja tidak sampai bangsat.",Anger
"ustazah marah sebab tidak ada orang masuk kelas pendidikan agama islam, setelah itu rupanya dia yang salah masuk tautan.",Anger
buat dan kalau mau menyerang pemerintah itu janjian dulu gitu. kelihatan bodohnya kalau begini.,Anger
aku bukan paling mulia tapi aku manusia normal yang jijik melihat kaum homoseksual. lagipula di agama dilarang bodoh. masih saja kamu ngeyel. kalau kamu masih belum benar jangan begitu kata-katamu. seperti kamu sudah benar saja homoseksual.,Anger
ya allah marah sekali melihat video ini.,Anger
semangat walaupun dalam hati berkata bangsat.,Anger
"sebab itu kalau orang-orang seperti ini mau jalan aku buat tidak tahu saja, santai saja jalan. kamu tidak ada hak menghalangi jalan orang, kecuali ambulans. bodoh.",Anger
aneh tidak sih? padahal dia lebih sering keluar berdua diam-diam tidak mengajak aku tapi aku tidak marah sama sekali. kenapa giliran aku minta tolong ditemani beli sesuatu malah dia marah. anjing. padahal kalau dipikir-pikir skornya juga dua banding nol koma lima.,Anger
hiyahiyahiya. terpesona pada pandangan pertama dan tidak kuasa menahan emosi.,Anger
"dipakai untuk acara pernikahan itu bodoh. kunjungi tempatnya, jangan cuma main jempol saja. kere tidak punya ongkos, aku bayarin dah, aku memang begitu orangnya.",Anger
padahal yang suka marah-marah itu kamu.,Anger
bukan penggemar manchester united namanya kalau tidak ikut-ikutan bodoh.,Anger
maaf pagi-pagi malah marah-marah.,Anger
"asli bodoh sekali aku, ya ampun.",Anger
kamu yang bodoh anjing.,Anger
marah melulu rasanya.,Anger
bodoh sekali tidak cek orang yang kecelakaan itu dulu.,Anger
"entah bodoh beneran atau pura-pura bodoh yang masih butuh informasi tentang saya, padahal semua akun sosial saya terbuka untuk umum.",Anger
"makanya anjing aku emosi, kesel sekali menontonnya.",Anger
"benar, tapi juga bikin kesal lama-lama lihat wajahnya.",Anger
main pakai first eleven pun kalah. tidak dengan klub bodoh. apa malapetaka lah manchester united ini.,Anger
bodoh sekali tidak sih.,Anger
pagi-pagi kok sudah emosi.,Anger
"ya bagaimana ya bangsat, ya begitu saja.",Anger
"tidak jadi deh, aku mau kak mark saja biar kamu emosi.",Anger
jangan biarkan satu hal bodoh menghancurkan kebahagiaanmu seharian.,Anger
"lah kenapa jadi bawa susilo bambang yudhoyono? bro, pada hakikatnya sah-sah saja ada orang memuji maupun membenci asal alasannya konkret dan tidak munafik. ngomong apa kasih gambar apa, jaka sembung bawa kembang tidak nyambung sayang.",Anger
"aku punya facebook, coba buka badan eksekutif mahasiswa, ternyata sama saja banyak virus administrasi. wabahnya menyebar. ini manusia bodoh perlu banyak pendidikan, sampai urat malu putus, kurang pendidikan.",Anger
"orang bodoh jadi ustaz, pengikutnya jadi bodoh semua.",Anger
"khai kamu bodoh sekali tolol brengsek dungu goblok, kesal sekali aku.",Anger
terbawa emosi.,Anger
"dari awal tidak suka karakter nu, kenapa dia bisa seserakah itu? dan bodoh sekali segitu butanya. ini alasan aku menyebutnya brengsek.",Anger
manchester united bodoh.,Anger
"rasa seperti terlalu bodoh untuk hukum ini. mau ambil jurusan lain saja. bodoh, kerja grab saja lah.",Anger
emosi sekali kalau ada yang bilang cantik harus putih. makan kotoran!,Anger
"anjing, mimpi iparku ternyata jelmaan siluman babi. tapi kalau dipikir-pikir ada korelasinya dengan sikap, sifat, dan tingkah lakunya yang tidak layak disebut manusia. baru kali ini aku bisa benci sekali sama manusia.",Anger
"sudah bodoh sudah, santai nanti sakit sendiri.",Anger
"kamu yang menganggap poligami adalah solusi dari perzinaan. oh iya, dan tidak semua laki-laki mau poligami juga. poligami tidak gampang. banyak orang benci poligami karena manusia-manusia seperti kamu. ingat ya, tanggung jawab poligami itu berat.",Anger
pickaw punya dendam sepertinya.,Anger
ayah: melarang anak dan istri menunjukkan rasa jengkel.,Anger
"juga ayah: kalau jengkel nada bicara ketus, membanting pintu, meletakkan barang dengan kasar.",Anger
"si bodoh, minta gaji bulanan tidak menghitung dulu kalau diakumulasi tahunan ternyata sama saja. saat disetujui malah bingung kelabakan.",Anger
mungkin dia pengikut pimpinan pesantren yang cabul itu makanya bisa bikin opini sebodoh itu.,Anger
"bapak pengkhianat negara bertengkar dengan bapak penyeleweng negara, sudah menikam belakang pakatan harapan, mau jadi polisi baik pula. lawak bodoh!",Anger
"diselingkuhi, mereka belum sampai pacaran sih, tapi main belakang saja. diam-diam begitu tapi tidak mulus, bodoh sekali mereka pendekatannya jadi ketahuan cepat.",Anger
"anjing, kesal sekali sama yang suka mencuri. semangat. semoga lancar jadi bisa diambil si pencuri. mana judulnya dari yang keren jadi cuma bridge, tree, fragment.",Anger
"sabar, sabar, tidak boleh marah.",Anger
"mestinya yang benci pemerintah diobati sampai sembuh, tidak hanya covidnya yang sembuh tapi sakit hatinya juga sembuh.",Anger
"satu, jangan main klarinet. dua, jangan pernah melambaikan lampu senter ke depan dan ke belakang terlalu cepat, itu dianggap undangan. tiga, jangan pernah berhenti menatap sekitar. empat, jangan makan keju kecuali yang kotak. lima, jangan pakai topi sombrero. enam, jangan pakai baju bodoh.",Anger
bangsat sudah ini.,Anger
"yang nomor tiga, izinkan suami berpoligami untuk mencegah perzinaan? aduh goblok sekali jadi orang. jadi selama ini pernikahan itu zina begitu? dan poligami itu bagus dan dianjurkan di agama begitu? halo, di agama tidak ada satu kontol harus dua lubang. bajingan bangsat kamu.",Anger
"sudah emosi juga dari tadi, haha.",Anger
"sayang, bagaimana cara memainkan perasaan cowok dan nantinya si cowok menyesal sudah meninggalkan ceweknya? kata temanku begitu, biar cowoknya merasa meninggalkan si cewek adalah pilihan bodoh.",Anger
"kalau naksir ada si nder, tapi setiap mau didekati aku selalu kasih lampu merah, jadi pada mundur sendiri-sendiri. aku disuruh sekolah dulu sama orang tua. aku benci penolakan, maka dari itu aku kasih lampu merah saja daripada pas ditembak aku tolak. aku takut mereka sakit hati.",Anger
"tai aku benci twitter, suka ke-refresh sendiri bangsat. padahal tadi ada tweet lucu jadi tidak kebaca.",Anger
konyol bodoh.,Anger
boleh benci tapi jangan bodoh.,Anger
"salah sendiri baperan, bodoh!",Anger
sudah hari keenam masih saja kena marah soal panadol.,Anger
bangsat benar juga.,Anger
pengen kelihatan pintar tapi bodoh.,Anger
"bodoh sekali nilo, menjilat kotoran sendiri. aku takut sekali membayangkan omar marah.",Anger
cinta manchester united bodoh sumpah.,Anger
nah ini satu lagi pendukung pemerintah bodoh muncul.,Anger
kalau mau disuruh mati berarti kamu bodoh.,Anger
oh pantas orang mengakui bodoh juga. panjang umur dualisme.,Anger
"mereka ini tidak pernah lihat orang kulit hitam apa ya, rasis sekali bangsat.",Anger
"aku benci saat setiap aku mulai suka sama orang, kenapa orang itu malah menghindar.",Anger
"biarin, marah sekali aku kali ini.",Anger
"pagi-pagi tiba-tiba baca banyak berita di timeline pendukung pemerintah ngamuk-ngamuk dan cari banyak alasan tentang dewanya tidak dihargai luhut saat pidato. pendukung pemerintah menghibur diri pura-pura bahagia. pendukung pemerintah bodoh idiot, kalian itu permanen. mentang-mentang gratis kalian ambil semua bodohnya. idiot.",Anger
"lagunya sakusa habis diputusin atsumu, habis itu memutar lagu, ""ya kali anjing aku bisa benci kamu. ya kali anjing aku cari yang baru. aku maunya kamu, tidak yang baru, tidak dengan benci kamu.""",Anger
"soalnya dari kecil sudah dicekoki kalau yang cantik itu yang kulitnya putih, alias bodoh.",Anger
"kesal sekali anjing, pagi-pagi sudah ribet kamu bangsat.",Anger
bodoh.,Anger
"jengkel sekali sama call center buru-buru sekali menutup pembicaraan, padahal masalah belum selesai. parah! oh iya kan sicepat namanya.",Anger
"kegaduhan yang ditimbulkan dan efek demo sampai sekarang tidak hilang-hilang. meski akhirnya mereka marah karena kecewa, ternyata yang didukung malah semua jadi menteri.",Anger
janji dapat dedak bodoh pun tetap bodoh.,Anger
"ini yang kelima anjing, sial terus dalam seminggu bangsat. besok apa lagi ini, tai.",Anger
"sudah banyak masyarakat yang tahu gerak-gerik pembohong penjual dalil si bangsat provokator, pemecah belah anak bangsa. memang polisi harus segera menjebloskan ke penjara bajingan ini.",Anger
"minta mau makan macam-macam, minta ke suami kamu. minta orang lain suruh beli pula. bodoh.",Anger
bodoh lah tidak ada penerbangan terdekat.,Anger
"masih pagi, tahan jangan emosi.",Anger
bisa-bisanya mark tidak menghubungi aku. marah.,Anger
"manchester united yang kalah, kok aku yang emosi ya?",Anger
"aku yakin mereka bakal menjenguk sih, tapi kita tidak tahu mereka mau berbagi atau tidak. yang penting jm tidak sendirian lagi. ahh covid bangsat. minta maaf, kamu bikin mimi sakit dan sendirian.",Anger
hukum bangsat hanya untuk bangsat!,Anger
"lagi ramai soal suami boleh memukul istri ya. kalau pukul bercanda tidak membuat lebam aku sih biasa saja. tapi aku tipe orang yang tidak suka disakiti, jadi kalau aku dipukul aku pukul balik. soalnya selama hidup aku tidak pernah dipukul, marah saja jarang karena aku anak satu-satunya.",Anger
"bodoh sekali, checkout maybelline lupa pilih hadiah.",Anger
"tidak mau es krim, mau balas dendam sama om jev. anjing, maaf kak, emosi jiwa. tidak apa, lanjutkan, om jevan setan.",Anger
"di satu sisi, kalaupun memang proses kemarin aku gagal, aku tidak apa-apa banget minum obat lagi. yang penting selesai. tolong banget. aku sudah benci sekali di situasi di mana aku hanya memendam rasa sakit sendiri dan susah ke mana-mana. benci sekali.",Anger
"dari lima belas pertandingan kompetitif, yang menang cuma empat. bodoh, mending uninstall lagi saja sudah, memang tidak berbakat.",Anger
aku masih jengkel ya sama teman-teman sekelompok aku.,Anger
"slogan itu sudah bisa dibuang, ganti dengan ""semua polisi adalah bangsat"".",Anger
faker bodoh ya.,Anger
"setelah kucing aku disteril selama tiga belas hari dan dikurung di rumah, hari ini kabur lagi main ke rumah tetangga sinting. langsung aku kejar, berharap tidak ketemu dia. eh malah ketemu, bangsat benar.",Anger
"baru juga reda emosinya, sudah emosi lagi.",Anger
"maaf bro, aku paling benci kalau ada yang bilang dia lebih capek dari aku.",Anger
masih pagi sudah marah-marah saja.,Anger
"ambisius tidak jelas, malas aku. merasa bodoh tidak bisa menyeimbangkan, kesannya jelek terus aku padahal rata-rata sudah oke.",Anger
"jangan buat aku bongkar kamu di dunia nyata ya anjir. aku sudah sabar, sudah hapus tweet, sudah ganti username, tapi kamu kayaknya memang cari ribut sama aku, cewek bangsat.",Anger
tahu apa yang buat aku marah? lagi baca alternate universe tiba-tiba keluar sendiri.,Anger
"bodoh sekali, kenapa memaksa ya.",Anger
"maaf ya sayang! menanyakan hal bodoh, haha.",Anger
"parah, bangsat sekali ya. planga-plongo bodoh, beleng-beleng bangsat yang cari makan dari menghisap darah dan nyawa orang.",Anger
"genius kang taehyun, selamat ulang tahun anak laki-laki. sehat terus, jangan sakit. kalau sakit aku marah. kangen tyunn sulap, juga ingin tyunn ada konten memasak dan upload di youtube.",Anger
kenapa sih aku malah download valorant lagi? bodoh.,Anger
ini semua karena rakyat bodoh! pergi pilih lagi orang yang menyusahkan rakyat. buat apa? asal melayu dan islam itu betul? bodoh.,Anger
jujur aku malu jadi orang indonesia. kok bisa tinggal satu negara dengan orang-orang bodoh seperti ini semua.,Anger
awan kamu dendam sama aku ngomong wan?,Anger
lagi kesal gara-gara kelompok.,Anger
"bilangnya realistis butuh uang, sebenarnya lebih ke, ""oke, aku cari yang banyak duit."" itu sih materialistis. ingat, segalanya butuh uang tapi uang bukan segalanya. agak emosi memang kalau sok realistis tapi ternyata materialistis.",Anger
aku benci sama kamu!,Anger
kenapa pagi-pagi sudah ada yang bikin emosi.,Anger
hahaha bodoh.,Anger
karena saya egois dan bodoh.,Anger
"setan berambut keriting ini modelnya kayak si murtad saefudin ibrahim yang sekarang pendeta, yang selalu mendiskreditkan islam. si setan keriting kalau mau murtad, murtad saja sekalian. jadi umat islam tidak usah bikin masalah dan menyebar fitnah. kalau pemahaman agamanya benar tidak akan begini narasi si bangsat ini.",Anger
masih pagi aku sudah emosi.,Anger
ternyata aku diblokir sama cowok di instagram gara-gara dia minta foto aneh-aneh dan aku tolak. lagian minta foto aneh-aneh mulu. dikira aku bodoh apa.,Anger
anak cucu para bangsat bangsa?,Anger
hal yang paling aku benci dari sebuah proses adalah menunggu. dan lebih menyakitkan adalah menunggu hasil saat badan masih belum membaik. capek sekali tiap hari harus bergantung pada ibuprofen dan obat lainnya biar rasa sakitnya berkurang.,Anger
menghindari perzinaan kok poligami sih. bodoh sekali. goblok. makanya tititnya jangan gatal lihat perempuan tetangga.,Anger
marah.,Anger
"emosi aku, anjing.",Anger
"malah terkirim yang ini, jancuk bau-bau bakal marah.",Anger
terlalu cuek dan capek bertengkar terus. tiap aku komplain karena dia terlalu sibuk dan cuek malah dia yang marah. like what??,Anger
marah melulu.,Anger
"selamat pagi, mari memulai hari dengan emosi yuk mampir~",Anger
masih pagi sudah emosi.,Anger
"apa sih bawa-bawa tahun, bodoh.",Anger
"anjing, aku baru nonton all of us are dead, bawaannya emosi sekali.",Anger
"haduh, jangan pembelajaran jarak jauh dong. sudah mulai ngerti pelajaran tiba-tiba pembelajaran jarak jauh, jadi bodoh lagi nanti.",Anger
"benar sekali sih. banyak sekali yang benci sama aku. salah satunya pas kerja di penulis. ada satu teman yang di depan baik, di belakang malah bilang ke kakak ipar aku kalau dia tidak suka aku, malah cenderung benci. pas aku diputus kontrak, dia senang sekali.",Anger
"aku steril kucing saja habis satu juta tiga ratus delapan puluh ribu rupiah, bangsat. mahal kan? tapi karena kucingku sudah tua jadi reaksinya lama sekali, masih suka kencing sembarangan, suka teriak-teriak minta keluar. itu yang bikin aku pusing.",Anger
"kalau tidak belajar, tidak kerja jauh, tidak bergaul, rasanya aku pun benci dengan perangai aku. terima kasih semua karena jadi contoh terbaik.",Anger
daftar orang bodoh dan idiot yang menolak kemajuan peradaban indonesia akan dicatat sejarah. foto mereka dipajang di tempat sampah.,Anger
"aku suka bingung, orang itu kenapa sih cari perhatian dengan membenci di secret crush? kalau kamu baca tweet aku ini, tolong ya baca. kalau tidak suka sama mika, ngomong to the point, tidak usah seperti kontol, sukanya membenci pakai secret crush seperti orang bodoh, pecundang.",Anger
"bodoh sekali ini, mana sudah tujuh belas orang yang lihat.",Anger
"kalau di sinetron itu, yang jahat jahat sekali, yang baik bodoh sekali.",Anger
"twitter aku mulai tidak jelas, mulai sedih, marah, kesal, nyinyir, lambe turah. bukan manusia baik lagi. oke, ayo ke pak ayi, aku mau obatin mental aku dulu guys.",Anger
"bangsat, benci sekali aku lihatnya.",Anger
"aku benci sama orang yang hidupnya seperti mp3, banyak lagunya.",Anger
bisa dong ya! jangan bikin emosi dulu pagi-pagi!!,Anger
"saya sungguh benci seto, dia adalah seksual anjing, pokoknya pelukan saja.",Anger
"kalau marah, balaslah anjing.",Anger
"serius aku kangen sekali, sampai menangis kadang kepikiran. tapi sekarang aku lagi benci sekali sama agensi itu. sadar tidak kalau kamu diam saja, idol kamu yang kena imbasnya? percuma diam buat redakan masalah. pastinya sepanjang karier jake masalah ini bakal diungkit.",Anger
"kita sedang bersiap, dia menelepon. memang kena marah lah. duit pun tidak ada, hutang pun tidak tahu.",Anger
siap bodoh.,Anger
"yang membuat rakyat tidak mempercayai penguasa: satu, sering berbohong pemimpinnya. dua, melarang rakyat melakukan sesuatu tapi dia sendiri yang melakukannya. tiga, terlalu vulgar mempertontonkan kebodohan dan menganggap rakyat semua bodoh.",Anger
benci sekali sama kumpulan ibu-ibu.,Anger
"pinjam uang di leasing, giliran ditagih marah ke penagih. bayar listrik menunggak, giliran petugas pln cabut listrik, malah petugas pln yang dikeroyok. pesan barang cod, tidak sesuai ekspektasi, malah kurir yang disuruh bayar. luar biasa!",Anger
salah di mana ketika harus marah pada hal yang salah? sedang kebaikan-kebaikan di video kamu potong-potong. tidak berkelas komisaris itu.,Anger
"masih pagi, jangan marah-marah bunda.",Anger
orang-orang itu perlu diajarkan sikap berbelanja. emosi.,Anger
"opini kamu yang nomor tiga bodoh. zaman nabi, poligami untuk membebaskan wanita dari perbudakan dan sebagainya. kalau kata-katamu di sini cuma mau cari enak untuk diri sendiri. sumpah, kesal sekali aku sama manusia model begini.",Anger
"kalau tunjuk muka dengan anak dan istri lalu buat pernyataan bodoh ini, itu bukan berani bang. itu bapak bodoh keras kepala seperti keledai yang tidak pikir anak-anak dan istri tercinta. ibarat kamu kasih gambar kamu dengan istri sedang bersetubuh depan anak-anak, lalu beredar di media sosial.",Anger
"hidup kok cuma modal alat kelamin tapi mau banyak perempuan, berlindung di bawah sunah rasul. nabi kalau dengar pernyataanmu ini bisa menangis, sesat bangsat. belajar agama boleh, tapi jangan sampai mabuk seperti orang ini ya teman.",Anger
pagi-pagi sudah marah-marah.,Anger
"ya ampun pagi-pagi sudah bikin emosi, haha.",Anger
manusia bodoh yang cocok dikebiri.,Anger
"marah-marah terus, keriput!",Anger
"cukup buat drama pura-pura masalah sosial masyarakat ini. sebagian besar cerita cuma menunjukkan hal negatif yang nempel di kepala. pura-pura peduli padahal mau rating naik, masalah sosial bertambah. dan lalu bawa nama melayu. tukar saja nama lain. bodoh punya sutradara.",Anger
tapi lebih bodoh penggemarnya sih.,Anger
"yang bodoh aku, maraton baca seminggu saja di wattpad english, lalu tahu-tahu dia jadi daily pass.",Anger
sabar-sabar jangan emosi.,Anger
"jarta dan ael pagi-pagi sudah bikin emosi, anjing.",Anger
"habis itu sakit hati, bodoh sekali memang.",Anger
"astaghfirullah, marah-marah.",Anger
"jalanan masih luas, kenapa klakson, bodoh. depan belakang tidak ada kendaraan.",Anger
eh tiba-tiba si a ini masuk kelompok aku. aku yang memang punya sedikit dendam maaf ya allah merasa kesal. sudah bawa senior tanpa kasih tahu aku dan temanku.,Anger
bodoh sampai ke dna-nya orang ini.,Anger
dia pasti marah.,Anger
"berlindung merasa punya hak imunitas dpr. bodoh amat, saya tidak memilih dia sebagai wakil rakyat. sok orang sunda diam saja, santet saja dari jarak jauh si orang pdi p itu, nanti dia besar kepala. anjing.",Anger
"semua yang dari arab pasti halal menurut sebagian orang-orang bodoh di indonesia. kdrt saja dibenarkan, kencing unta diminum, teroris dijadikan anggota fatwa mui, teroris dijadikan ulama, ustaz, dan guru agama.",Anger
"maaf nih mus, kalau menurut saya yang bodoh ini, bukan yang mau pindah ibu kotanya saja. memang orang seluruh jakarta mau ikut pindah ke kalimantan? kan kantor-kantor perusahaan masih di jakarta. cuma urusan administrasi negara saja yang pindah. mungkin nanti juga tetap ada perwakilan kementerian di jakarta.",Anger
gerombolan ngawur dan bodoh.,Anger
"buzzer pemerintah bani bipang kafir komunis, komentar kepanasan. dua ribu dua puluh dua masih bodoh dan dungu, mudah dibohongi dan ditipu, manusia rendah moral dan akhlak.",Anger
pengen marah tapi tidak tahu ke siapa.,Anger
karena saya kesal di detik-detik terakhir masih ada saja yang begitu.,Anger
"halo, aku makin tidak ngerti kenapa segitu kepo-nya sama masa lalu pacar aku. kayak senang lihat masa lalu pacar aku itu tidak bahagia. bodoh sekali kamu buang orang baik seperti dia. aku malah berterima kasih sama kamu karena sudah buang dia.",Anger
"tapi walaupun ada adegan romantis di rumah sakit, rating malah turun. karena setiap si jessica muncul, orang pindah-pindah channel. lebih baik lihat konflik perebutan reyna walaupun harus emosi juga lihat tingkah kuyang. daripada lihat jessica.",Anger
"hahaha, sudah tua bodoh pula.",Anger
"aku benci, kenapa kalian tepuk tangan saat ini! hoi!",Anger
makin jeblok suara pdip di jawa barat. buat orang sunda makin benci.,Anger
apa yang kamu benci sekali sama aku?,Anger
"sudah aku duga. soalnya tumben sekali cube gas sekali promosinya. jadi ingat kejadian helicopter kemarin. cube, kalau kamu sampai macam-macam sama anak aku, awas ya. aku marah benar, marah sekali.",Anger
"banyak homofobik nyampah di unggahan itu, banyak dari indonesia lagi. memancing dengan upload begitu, akhirnya ada yang bawa-bawa dan dia kena hate. bangsat memang yang menyuruh fanservice!",Anger
"pagi-pagi sudah dibikin jengkel, heran.",Anger
"eh baca ini, aku tidak mau emosi sendiri. dia yang pinjam, kok dia yang ngatur. anjing.",Anger
"lucu menurut saya itu wilayah presiden, dpr, dan mpr, bukan gubernur. kalau begitu artinya gubernur punya wewenang menyatakan diri merdeka. diksi bodoh. artinya pemindahan ibu kota tidak pernah memikirkan nasib jakarta selanjutnya mau jadi apa.",Anger
"langsung melek aku, bangsat.",Anger
"terus lawan siapa? tambah lama tambah lucu, haha. lanjutkan lawakan teman-teman. tidak emosi, malah lucu melihatnya.",Anger
aku sumpah benci nerd yang main roman buku setiap hari lalu sok keren dengan hotboys.,Anger
kenapa kamu bodoh sekali sih nder.,Anger
"giliran segala hal yang berbau islam dikebiri, dipojokkan dengan alih-alih omikron. serius, yang muslim tidak marah? imannya turun atau memang pura-pura muslim?",Anger
"kurang bodoh apalagi coba agama ini? tuhannya tidak memberikan hukum cerai, malah yang menikah lagi dianggap berzina. dan bodohnya masih ada saja yang mau jadi kristen. memang, setolol-tololnya monyet saja tidak menyembah sesama monyet, lah ini manusia dikasih akal kok menyembah sesama manusia.",Anger
bodoh bersama.,Anger
"boleh tidak sih aku kecewa atau marah sama dia, haha. cuma karena aku beli acrylic frame lalu pajang photocard bersama polaroid orang tuaku, dia bilang begini. apa aku saja yang sensitif? dikira ngekpop bikin lupa semua hal, bahkan orang tua sendiri? kamu bikin aku makin tidak mau kenal spesies cowok.",Anger
"brengsek, aku benci sekali sama matematika.",Anger
"bentar-bentar, masih pagi jangan emosi dulu. mau ganti akun dulu buat maki-maki.",Anger
"balaslah pesan, apa susahnya? cuma suruh perbaiki aplikasi saja. nanti aku tidak masuk kelas, lalu dibilang bolos. bodoh sekali.",Anger
"sumpah, shara bangsat anjing bajingan.",Anger
baru bangun sudah kena marah tiba-tiba. tapi kita harus tetap imut.,Anger
"poin ketiga seperti orang bodoh, tidak sih? ngapain sudah nikah malah berzina sama wanita lain? ya dipikir saja, itu memang nafsu kamu yang seperti itu, sok-sokan berlindung di balik kata zina.",Anger
"bicara seperti ini pun tidak merasa mau marah atau sakit hati, ya.",Anger
"aku senin kemarin hampir diserempet motor karena bule bodoh naik nmax lawan arah. aku lihat kanan karena kendaraan dari sana laju, eh si bangsat ngebut dari kiri. benar-benar satu inci dari kecelakaan besar.", Anger
"aku marah karena dia berantakan sekali, tidak mau beresin, tapi aku yang disebut gila harus diruqyah. anjing, pengen punya rumah sendiri biar bisa jauh dari keluarga ini. minimal aku yang mati duluan.",Anger
"sama diri sendiri saja tidak jujur. kalau sakit ya bilang, bodoh. obati, bukan disangkal!", Anger
admin harus banyak-banyak sabar. walaupun aku lihatnya juga ikutan emosi., Anger
"katanya orang bisa jadi bodoh karena cinta, tapi aku tidak peduli semua itu. aku cuma mikir, betapa bodohnya.",Anger
"aku mau marah sekali bacanya, ya allah, masih pagi ini emosiku diuji terus.",Anger
masih pagi sudah ada yang bikin emosi.,Anger
"bodoh mah bodoh sendiri saja, buibu. tetangga di gresik kemarin begini semua. miris. punya komunitas bodoh nan tolol itu hal paling menyenangkan yang pernah aku alami tiga tahun di sana.",Anger
aku marah tapi aku sayang sama kamu!,Anger
aduh si bodoh keceplosan.,Anger
"yang tidak menyebalkan di dunia ini cuma reiner. pengen marah anjing, pengen teriak ngentot sekeras-kerasnya.",Anger
terpantau balas dendam gara-gara sumpek sama dosen yang seenaknya sendiri.,Anger
bodoh.,Anger
kenapa bangsat.,Anger
tidak sah kalau tidak bodoh.,Anger
tahu tidak benda bodoh apa yang aku dengar di radio pagi ini? lagu hael 'kelentang kelentung' dinyanyikan dan diterjemahkan ke bahasa inggris. tiba-tiba radio ini kena maki.,Anger
paling benci memang hal begitu.,Anger
"ya ampun, iya pantesan, ih bodoh sekali aku.",Anger
"padahal kubu kamu juga membuat naik daun kan anies. rakyat juga tidak bodoh, tolol.",Anger
"lain kali otak itu biarin saja stay di kepala, jangan dipindah-pindah ke kontol, jancuk. tolol kan jadinya. musnah saja, habisin oksigen saja kalau hidup.",Anger
"baju hilang lagi di laundry, pagi-pagi sudah bikin emosi.",Anger
"bodoh tidak apa, tapi jangan dungu. om said didu belajar move on dari sakit hati.",Anger
"kata kasar: bismillah, anjing, babi, bajingan, jelek, jancuk, kontol, monyet, tai, ngentot, goblok, tolol, astaghfirullahalazim. maaf.",Anger
"padahal de gea baru dapat penghargaan, sudah dibuat sedih lagi sama tim bodoh.",Anger
bangsat.,Anger
"salah bank katanya tidak kasih paperwork pakai letterhead firma dia. eh eh, kamu yang bodoh, oke. bank pun bilang kamu tidak cek sebelum kasih customer tanda tangan.",Anger
nomor tiga dan empat bodoh sekali.,Anger
"dia bilang kalau alter kata-kata harus tanda tangan di tepi itu. hello, aku yang kena tanda tangan? tanya lah ke front desk kenapa harus aku yang diragukan. nasib tidak kena maki aku. aku marah betul kalau orang spoil mood aku pagi-pagi.",Anger
"luffy: selain bodoh, kamu juga pengecut! aku tidak menyukaimu.",Anger
"dibilang kalau sudah hatinya hitam, mana bisa membedakan putih atau hitam. yang pintar pun bisa jadi bodoh kalau hatinya dipenuhi penyakit hati.",Anger
"jangan bodoh, jangan kena umpan.",Anger
apalagi bodoh.,Anger
"marah nih, nuna.",Anger
"aku benci kalau pulau-pulau kecil, tidak paham.",Anger
tidak akan ada kesempatan kedua kalau tahun ini kalian masih bodoh semua. data hasil kerja keras saya sia-sia untuk mencerdaskan kalian.,Anger
"baunya busuk sekali, sumpah. tidak tahu kucing aku ini punya dendam apa sama aku. setiap dia kentut pasti mendekat dan sok-sokan manja. aslinya kentut.",Anger
"bau centi sekali, bangsat.",Anger
"lagu galau zaman kelas sepuluh, pas zaman-zamannya galauin cowok yang seharusnya tidak aku galauin. haha, dasar bodoh.",Anger
"inilah contoh orang-orang yang belum siap bersosial media. sudah berpikiran tertutup, rasis, bodoh, sikap tidak ada.",Anger
"setiap kali mau marah pasti kena begini. haha, tidak apa, tidak jadi mau marah.",Anger
emosi dari kemarin tidak hilang-hilang.,Anger
"seperti ini nih manusia paling bodoh! sedikit-sedikit bawa agama, pola pikir bodoh berkedok agamis.",Anger
"hari ini mau pergi menegur pengacara bodoh yang menyusahkan pelanggan. hari itu sudah tanda tangan dokumen semua, malah dia bilang dokumen salah cetak, dan aku harus pergi lagi untuk tanda tangan ulang. firma bodoh itu tidak mau bertanggung jawab, bahkan untuk datang setengah jalan bertemu klien.",Anger
bodoh punya orang! aku doakan makanan yang kamu beli jatuh terburai sebelum sempat masuk mulut. amin.,Anger
memang emosi.,Anger
sumpah bikin emosi saja pagi-pagi.,Anger
"satu keluarga suka kucing, tapi ada satu orang yaitu nenekku yang benci sekali sama kucing. kalau ketahuan main kucing pasti dimarahi, diperingatkan soal toxoplasma, penyakit, terus bulu nempel. sebel sekali, apaan sih.",Anger
"aku benci isi kepalaku, isi hatiku, dan semuanya.",Anger
"iya, bapak dan ibu aku memang bodoh.",Anger
bodoh kamu memang.,Anger
"saraf di otak mutanjir kena, ini sudah tidak tertolong bodohnya.",Anger
pendukung pemerintah memang bangsat.,Anger
"nah ini. kalau yang kita benci kejahatannya, siapapun wajib dilaporkan. dalam kejahatan siapapun bisa terlibat, kan?",Anger
aku benci tahun ini.,Anger
pagi-pagi sudah bikin emosi ya.,Anger
"umatmu bodoh sih, tidak bisa membedakan mana bunglon mana asli. kebanyakan halu berkhayal bersetubuh dengan bidadari transparan ya begini jadinya. otak tidak dipakai.",Anger
artinya lagi marah.,Anger
terus ujaran apa? ujaran bangsat? ujaran monyet?,Anger
"tidak apa-apa, aku emosi saja sama kamu.",Anger
"ayo emosi, jangan sabar.",Anger
"azab jualan ayat, bodoh.",Anger
"duh adik aku bangsat, dikasih uang buat infak malah buat jajan.",Anger
"maunya enak di kamu saja, bodoh.",Anger
"benci sekali sama sistem kredit. oke lah mereka mau cari untung lebih, tapi pakai otak sedikit. pantesan ibu aku cerewet banget soal satu persen itu banyak. beli tunai disuruh inden satu bulan, sudah begitu tidak ada basa-basi atau menawarkan lain. kalau kredit malah heboh sendiri.",Anger
marah besar.,Anger
"jangan marah-marah, namanya juga sepak bola. wasit juga manusia, bisa membuat salah.",Anger
"nomor tiga tidak benar sekali menurut aku. woi, mencegah perzinaan ya tahan nafsu, bodoh. jangan minta poligami. semena-mena minta poligami cuma buat memuaskan nafsu sendiri, brengsek. dan nomor empat penyampaiannya salah, seolah-olah istri cuma alat pemenuh kepuasan.",Anger
"lah, adik aku sudah lulus kuliah juga masih aku panggil adik. ada-ada saja kamu ya, pagi-pagi bikin emosi. maaf.",Anger
"poin ketiga bodoh sekali, astaghfirullah.",Anger
tata juga bodoh ya.,Anger
"santai untuk cowok, tidak usah emosi, sabar oke. biarkan mereka menilai seperti apa tentang cowok. kita cukup memilih mana yang lebih cocok, haha.",Anger
"by the way, perayangan ini lama-lama bikin jengkel ya, hmm.",Anger
"ih, bodoh ya, ketakutan tantrum anak kecilnya di kampus sampai malam.",Anger
tidak usah nambah emosi lagi.,Anger
jangan percaya orang yang berpihak pada rezim bong. cerdas sedikit tidak usah banyak-banyak. kebanyakan tetap saja bodoh.,Anger
anjing! akun bodoh.,Anger
"halah, tai. pagi-pagi dibuat emosi, support system support system, omong kosong.",Anger
balas dendam dengan cara ini memang paling elegan.,Anger
aneh kamu bangsat.,Anger
"iya itu kan dulu, tahun lalu, sebelum tobat jadi pemuja fol ges. ngeyel sekali kamu. kamu tidak tahu saya ini pemuja fol ges, profil pakai fol ges, mengakui kalau fol ges itu panutan saya? kamu bodoh sekali. aku jijik banget sama kamu. capek sekali.",Anger
"aku benci sekali sama kamu. hatimu itu seperti busway, sering memasukkan dan mengeluarkan orang lain.",Anger
"mau marah, sayang update aku sudah tidur.",Anger
"dit, aku bodoh. ranking tiga puluh lima dari tiga puluh enam. jadi menurut kamu, apa aku paham arti md selain mercedes benz?",Anger
bangsat orang yang suka pinjam uang lalu pas ditagih malah lari. tidak usah dikasih ampun.,Anger
"haha, benar. pagi-pagi sarapan saja. jangan marah-marah, nanti cepat tua.",Anger
"memang bangsat para netizen, sampai bayi saja dihujat seperti itu.",Anger
"biasalah, ada saja orang yang bikin emosi.",Anger
"kata bapakku, kalau dapat mertua atau suami yang pola pikirnya seperti itu, pikir-pikir lagi. bukan cuma bikin sakit hati tapi sakit batin dan sakit segalanya. karena mertua atau suami yang baik tidak akan melakukan atau menyuruh hal bodoh.",Anger
"bangsat, kamu juga anggota malik anjing.",Anger
"mungkin merasa tidak enak karena gopal sudah tinggi jabatannya di aafikabbogor, dan mungkin juga dikira cuma bercanda. mau menegur tidak berani, mau marah juga tidak berani. mungkin begitu ya.",Anger
"kalau nanti dua ribu dua puluh empat suaranya tetap dapat banyak, berarti kalian memang pantas terhina dan jangan marah kalau dihina.",Anger
"di masjid jaga jarak, di mall berdesak-desakan rebutan kaos. sudah dua ribu dua puluh dua masih saja bodoh.",Anger
"bodoh sekali aku, anjing. kok bisa kelepasan.",Anger
pagi-pagi membuat emosi.,Anger
"ada yang mengerti tweet aku, dia kira aku benci karena tidak ada momen bw, padahal aku benci karena trailernya penuh dengan momen sedih.",Anger
malas sama orang bodoh dia soalnya.,Anger
"faisal basri sudah sangat kesal. soalnya si bakhun bela jokowi pakai gigi lima, gaspol. sebelum live ngomongnya lain, pas live lain lagi. ya sudah, saatnya keluarkan jurus pamungkas.",Anger
"makin benci dan kesal terhadap agama-agama, terutama agama itu. sudah bisanya cuma bikin susah orang, tidak ada gunanya lagi.",Anger
"karena kucing aku belum disteril, jadi dia cari kucing jalanan untuk dikawinkan. karena kucingku jantan, akhirnya sering main ke teras tetangga. katanya suka berak sembarangan dan berisik, jadi tetangga marah sekali.",Anger
"kalian berdua bodoh, tidak usah rebutan.",Anger
"topa bodoh, bukan berarti semua orang ikut pindah.",Anger
"mau apapun yang aku post di media sosial, itu berarti aku merasa hidupku sudah cukup. bukan buat alasan orang meminjam uang ke aku dan tidak bayar hutang. makin ke sini, orang-orang makin bodoh saja.",Anger
"ioe la wax nga doug si yeufou xalei, lolou nga bodoh.",Anger
"vu que wahd marah yasraf aliya wa amarli jibi yedkom fougeh, aku hidup seperti aku mau hidup, aku tweet apa yang aku mau, dan aku lakukan apa yang aku mau.",Anger
bodoh di mana? kamu itu.,Anger
"jangan marah-marah mom, nanti air susu ibu tidak keluar.",Anger
"kamu lagi bodoh kalau percaya papagomo yang kamu panggil papa bodoh itu buat video setara hollywood, haha.",Anger
bodoh sekali jek.,Anger
dan hal bodoh ini tidak akan aku ulangi lagi.,Anger
pagi-pagi sudah emosi baca alternate universe. kesel. tidak boleh ada yang bikin bian kecewa atau sedih.,Anger
"tolong jangan buat aku emosi ya pagi-pagi, hey para homofobia.",Anger
komentarnya bangsat semua.,Anger
soumu bangsat.,Anger
"kalau kamu begitu ya sama saja dengan teman-teman kamu itu yang kalau deadlock ujung-ujungnya cari cadangan. padahal kamu sendiri yang bilang teman-temanmu bodoh. kerja kok model begitu, tidak mandiri.",Anger
"tidak ada peringatan, bodoh. tikus baru saja lewat menyentuh kakiku.",Anger
"aneh sih, orang kalau sudah cinta kadang kadar kebodohannya meningkat. maaf pengirim, tapi jujur kamu bodoh.",Anger
goblok kamu bangsat!,Anger
"aduh, tidak mau balas lagi tapi kesel sampai ubun-ubun. sini mendingan dm aku, kasih tahu kamu di rumah kapan, aku datangi terus aku jedotin. pakai bawa-bawa anak aku lagi, bangsat!",Anger
"tidak tahu, anjing, kesal.",Anger
ahok yang nyata pro rakyat yang kalian benci?,Anger
"apa sih, tidak jelas. mau kecil, besar juga kalau lebih tua tetap adik. bodoh.",Anger
maksudnya apa ya? orang seperti ini sengaja atau memang bodoh presidennya? anjing.,Anger
"aku tidak tahan, aku suka jedotin cewek aku ke lampu merah karena benci dia lambat sekali, lebih lama dari masak mie.",Anger
"anjing, bodoh semua di rnjna. sudah paling benar aku cuma baca lfs saja, karakternya benar semua. tidak seperti di rnjna yang kebanyakan bermasalah, beracun, egois.",Anger
"masih pagi, jangan bikin aku emosi.",Anger
menangisi cowok bermuka pas-pasan dan sikapnya jelek adalah level tolol lain.,Anger
"sengaja pilih yang kontroversial, seperti mau suruh orang benci.",Anger
"pertanyaan salah, jawaban salah, emosi salah, keputusan salah, tindakan salah, hasil salah, nasib salah, hidup salah.",Anger
"arghh, emosi lihat bang ziel.",Anger
"dih, bodoh.",Anger
"gini amat punya motor harus cuci sendiri, nanti kotor sendiri lagi, haha. kesal.",Anger
baju bodoh itu yang bagaimana sih?,Anger
emosi terus nih lansia.,Anger
"kasihan orang ini, istilah ""anak kolong"" saja tidak tahu. bisa main media sosial tapi malas membaca, bodoh sekali.",Anger
"iya ya, pernah agak bodoh aku.",Anger
mau marah.,Anger
"eh, ngomong begitu dibenci orang jepang lah. jangan sampai kamu ngomong begitu terus orang jepang menganggap negaramu tidak benar etikanya.",Anger
bangsat ini siapa yang setel lagu galau pagi-pagi.,Anger
"satu sisi teriak-teriak darurat pandemi, di sisi lain melakukan hal-hal bodoh seperti ini. kasihan sekali nasibmu rakyat.",Anger
"bohong ya, biasanya marah-marah itu aku lihat.",Anger
kalau benci sama.,Anger
"makin benci sama jumat. dua puluh empat jam termual untuk sebuah perjalanan darat tasik-cirebon-tasik. sabtu sudah kerja lagi. mantap. badan makin hancur, tinggal tunggu mati saja lah.",Anger
kalian apa bangsat.,Anger
ada saja yang memancing emosi pagi-pagi.,Anger
"nyenye nye, cowok sekarang banyak yang bangsat.",Anger
"aku jengkel lihat akun yunnie azza alias princess manula di mb. cari nafkah saja masih berjuang di negara orang lain, sibuk menjahati circle mb ivone di timeline. dari kemarin aku lihat screenshot tweet-nya, memfitnah terus-terusan.",Anger
si bodoh lupa membawa seperangkat alat mandi.,Anger
"semua kadrun benci ahok, itu sudah lumrah.",Anger
"di antara anggota dki, aku pingin pacarin model kasino. marah saja lucu sewotnya, apalagi pas merayu cewek.",Anger
"benci sekali lihat seorang profesional begini, kelihatan sekali tukang nyinyir. emang di kedokteran tidak ada kode etik yang mengatur tentang etika bermedia sosial ya?",Anger
"aduh, aku marah ya, tempe digituin, padahal tempe makanan terenak di muka bumi ini.",Anger
"ngomong dari pagi, bangsat, menyusahkan sekali.",Anger
"menjijikkan. sejak kapan poligami diizinkan oleh agama untuk mencegah zina? rasul juga poligami bukan sama wanita muda, tapi sama janda dan untuk melindungi mereka, bukan untuk berzina halal. bodoh.",Anger
"jangan bodoh ya ta. dia sudah hapus nomor ita. berarti dia ingin hapus ita dari hidupnya. jadi ita harus bisa tidak peduli dengan kehidupan media sosialnya. dia saja bisa, masa ita tidak bisa. please, jadilah kuat.",Anger
"undang-undang bodoh. kepala hangguk sudah dihantam dari belakang, sah-sah saja salah. jarak antar kendaraan itu tiga detik atau selang tiga mobil. masa tidak tahu undang-undang jalan raya. bodoh sekali. sini mobilmu aku sodok dengan backhoe delapan belas kali, lihat undang-undang bodoh atau tidak.",Anger
marah benar ya allah.,Anger
bodoh peliharaan! yang dipelihara itu harusnya tuyul ya ceu!,Anger
"ah alibi saja, tidak bisa tahan nafsu, malas masturbasi jadi predator. emosi pagi-pagi.",Anger
"episode tujuh aku kesal dengan gwinam, kenapa tidak mati sih? zombie immortal ya? sudah jatuh dari lantai empat. apa harus ditembak shotgun baru mati? terus namra bisa merasakan gwinam, tapi gwinam tidak bisa atau tidak ngerti?",Anger
"emosi sekali miu, tahan aku supaya tidak gebuk dia.",Anger
bikin aku emosi saja.,Anger
"orang tuanya: ""oh begini toh kelakuan anakku sebenarnya,"" sambil muka emosi ala sinetron ngomong dalam hati.",Anger
makin banyak orang bodoh anjing goblok.,Anger
kamu saja yang bodoh bin dungu!,Anger
kalau bodoh jangan ajak-ajak orang lain. stres.,Anger
"ada banget paniknya kamu, haha. eh kenapa? kirain sakit ternyata bodoh.",Anger
"oh begitu ya? kalau aku dari awal masa bodoh dengan corona, aku tidak minta vaksin. kalau mati dibunuh dia, aku tidak peduli, itu memang takdir. sampai sekarang aku anti vaksin, anggap corona itu sama seperti flu. kalau ada gejala cukup menjauhi orang saja.",Anger
pagi-pagi emosi.,Anger
"bodoh ya bodoh saja, tapi jangan ngajak-ngajak!",Anger
"pas jalan hijau kamu bilang ""aku cinta kamu,"" jangan marah ya. tapi kalau pas lampu oranye, kamu bilang begini, lalu bagaimana laki-laki mau ngomong?",Anger
tai kamu goblok!! bangsat!!,Anger
keriting bodoh syiah laknat.,Anger
"sakit hati, tapi tidak berhak marah juga karena bukan siapa-siapa.",Anger
"sumpah aku benci sekali orang seperti ini. kalau tidak suka lebih baik diam daripada melakukan sesuatu yang bikin sakit hati. kalau ibunya tahu betapa sakitnya anaknya digituin, mb-nya sudah sempurna apa? benci sekali sama orang yang memandang fisik.",Anger
bukan penggemar manchester united namanya kalau tidak bodoh atau goblok.,Anger
"malas, bikin emosi.",Anger
"anjing, kontol, bangsat, memek. munculkan lagi semua karakter yang ada di season satu, lanjutkan season satu, tapi endingnya rusak, tidak bagus.",Anger
"oii bodoh, sebelum pakatan harapan dua puluh dua bulan pun harga ayam di tesco memang lima koma sembilan sembilan. untunglah bodoh plus kontol gratis.",Anger
anda memang bodoh.,Anger
"banget, apalagi kalau lagi tidur terus kaget rasanya pengen marah-marah.",Anger
"teman-teman aku aji mumpung semua, bangsat.",Anger
"nanti kalau disadap balik, marah, ups.",Anger
suka marah.,Anger
apakah kamu juga harus berbuat hal yang sama pada orang lain meskipun orang itu tidak bersalah padamu? hanya untuk mendapat perhatian dan balas dendam? itu hanya akan membuatmu semakin dibenci dan dijauhi. cobalah belajar untuk menahan emosi dan perkataan.,Anger
"punya acara pagi bukannya disiapkan dari malam atau bangun lebih awal, malah memilih marah-marah di pagi hari. hdehh.",Anger
"mental kamu miskin sekali anjing. literan tujuh belas ribu, giliran kamu butuh baru koar-koar. benci sekali aku kalau begini.",Anger
"apa-apaan ini, benci sekali pagi-pagi lewat timeline bikin iri dan dengki.",Anger
"kurang ajar sekali manusia yang menyebarkan id telegram aku di grup anonymous chat, isinya orang-orang cabul semua, bodoh.",Anger
mba kuntil bikin emosi.,Anger
jangan memancing emosi pagi-pagi.,Anger
"kalau dia marah sampai menghancurkan barang seperti hp atau apa, tolong tinggalin.",Anger
"lah, tiba-tiba kena marah.",Anger
"kesal tidak sih, anjing. dibangunkan kayak dikagetin begitu. marah kan, bangsat. emosi sekali aku.",Anger
"jangan bawa-bawa mu nad, banyak yang marah. urus liga italia saja.",Anger
marah-marah.,Anger
"aku mengadu ke dia, tatang marah mengajak aku ke tempat ayato. di sana dia langsung memarahi ayato. ""kamu jadi ketua kelompok tidak becus sekali sih?! malah anggota kamu yang cari buat kerja kelompok sampai babak belur dibohongi preman sekolah!""",Anger
"dia diam-diam benci aku, tapi dia cerita ke orang-orang yang benci dia. dari sepuluh orang yang dia kenal, kira-kira sebelas orang lah yang benci sama dia.",Anger
"tapi aku tidak mau sambil bilang ""kalau buat manas-manasin mantan, mending sama bestie kakak saja biar makin berasa"" dengan nada bercanda. dianya malah marah. dan aku tidak sadar kalau aku sudah ada di tempat nongkrong gengnya. dia memfitnah aku habis-habisan.",Anger
bangsat off target lagi.,Anger
sudah makan belum bang? janganlah marah atau sedih karena kalah.,Anger
"itulah bodohnya cebong. sudah dia yang dibodohi, tetap saja bilang orang lain yang bodoh. kepala otakmu itu cebong.",Anger
kayaknya netizen di tiktok lebih bodoh dibanding netizen media sosial lain.,Anger
"kamu baik, memang aslinya baik, tapi selalu baik ketika keadaan tidak baik-baik saja itu susah. kamu dituntut begitu sempurna saat jadi idol, bisa bikin stres dan depresi. tapi giliran emosimu sedikit demi sedikit bisa dikendalikan.",Anger
bodoh sekali anjing.,Anger
"enemy to lovers-nya bukan yang ""omg dulu aku benci dia tapi karena dia bantu aku jadi deg-degan,"" tapi yang ""aku benci kamu, tapi kalau kamu mati aku bakal hidupin lagi lalu bunuh kamu pakai tangan aku sendiri.""",Anger
itu lengkong bodoh.,Anger
makhamah konstitusi sudah dilapori. hukumannya cuma ditegur. bangsat seperti arteria cuma ditegur tidak mempan.,Anger
makian saja. vvip gampang sekali bodoh seperti itu.,Anger
"lebih sedihnya, di tempat kejadian tidak ada yang menolong abangku. dia menelepon bunda, orang-orang malah menolong perempuan itu dulu. secantik apa dia, abangku dan kakeknya yang robek tidak ditolong.",Anger
pengen marah-marah tanpa sebab.,Anger
pengirim bodoh bikin emosi saja pagi-pagi begini.,Anger
"aku orang kota, tapi setiap pulang kampung waktu pakai legging tiga per empat dilihatin terus, apalagi sama laki-laki. padahal pakai hoodie besar, tetap saja pandangannya ke area pribadi. risih sekali, bodoh. paling aneh, masa aku gowes pakai sepatu malah dibilang ""ra sah nggo sepatu, nyeker saja."" maksudmu apa, anjir, ngatur.",Anger
"aku ngetweet lumayan emosi, sampai thread-nya berantakan begini.",Anger
tuh kan marah.,Anger
"aku mau menyemangati orang-orang, tapi aku sendiri lagi tidak semangat. aduh keenan, kenapa bodoh sekali sih. halo teman-teman, tetap semangat ya, love you.",Anger
"ahay, bocah tengil bodoh, cuma pintar foya-foya habiskan hasil warisan. mumpung masih banyak warisan, teruskan saja halumu.",Anger
"dibilang setia itu tuntutan. aneh sekali. kalau memang sudah sayang, bakal setia dengan sendirinya tanpa diminta. apalagi kalau sudah menikah, harusnya punya kesadaran sendiri untuk setia pada pasangan. bodoh sekali. kesel pagi-pagi sudah dibuat emosi.",Anger
"aku bukan bermaksud biadab, tapi kamu tahu tidak rasanya kalau di rumah, dari semua adik-beradik, orang tua cuma sebut nama aku terus. cari barang tidak ketemu pun marahnya ke aku saja. rasanya seperti aku anak satu-satunya.",Anger
"maaf, tidak dulu deh opininya kak. tidak masuk akal dan hati nurani. sekali dua kali tidak apa-apa, tapi kalau tiap pagi? lebih baik aku rusak hubungan daripada terus-terusan menahan emosi jiwa melawan rekanan yang tidak tahu diri.",Anger
"pak anis for presiden? insyaallah saya dukung. kenapa? karena rekam jejak beliau baik. walaupun beliau pernah dikhianati, beliau tidak dendam dan membalas dengan pekerjaan dan hasil yang baik, bukan cuma omong doang dan bacot, tapi mengedepankan hati dan kecerdasan.",Anger
memang bangsat yang pesta makan duit rakyat. semoga azab perih menimpa kalian.,Anger
otak mesum ya begini nih. bodoh.,Anger
"pret, pencitraanmu sudah sampai ke langit tujuh. pemerintah provinsimu kekurangan dana pajak, kamu hilangkan. itu aneh. aku tidak tahu itu namanya dungu atau bodoh, dua-duanya julukan kamu!",Anger
"lebih baik aku marah daripada benci. kalau sudah benci, tidak mau kenal lagi.",Anger
electro batman memang bangsat.,Anger
"pagi-pagi sudah dibuat emosyen, tidak ngerti pikirannya apa, posting-posting foto cewek. mau marah memang. ya, nyokap sudah tidak ada, tapi mau tidak marah, jujur pengen marah. jujur jadi tidak mood hari ini.",Anger
belum dituduh komunis sudah marah duluan.,Anger
"benci sekali, kepikiran bagian teman yang meninggal. anjing.",Anger
"si bodoh menyalakan lilin semalaman, hasilnya bangun-bangun lilinnya sudah habis.",Anger
"eh anjing, baim mana baim. rada tahu tidak kamu? bangsat. sibuk atau gabut? menyebut oknum-oknum untuk digibah. ya allah, mbabung kamu frik.",Anger
"masih pagi makannya begini. padahal baru beres sikat gigi. perut jadi kembung karena minum air hampir lima ratus mililiter. kemarin tidak makan berat sama sekali. pagi makan roti, di sekolah makan kue dan puding. pulang sekolah tidak ada, cuma tidur. stres sekali menguras emosi. tidur tapi seperti tidak tidur.",Anger
"ramah tamah, rajin marah, tidak mau mengalah.",Anger
harusnya sudah ketebak bakalan banyak seperti ini. tapi tetap saja emosi bacanya.,Anger
entah harus bersyukur karena dikasih tips atau emosi karena secara tidak langsung tertampar kenyataan.,Anger
"bodoh memang, tidak bisa apa-apa kamu zar, cuma jadi beban saja.",Anger
"keluarga besar aku, jangan risau karena kalian termakan hasutan puki lahanat adik-beradik aku. kecuali bapaknya murni. kau hina si syahirah gila, makan gelojoh, hitam, buruk. anak kamu pun gila, bodoh, lebih buruk dari syahirah. anak aku melayani baik anak kamu sialan! - ayah suratman.",Anger
terserah kalian lah. apapun kata kalian pasti dibenarkan oleh yang bodoh.,Anger
"apa-apaan ini trending nft. jijik sekali. kalau mau habiskan uang, habiskan di hal yang tidak membahayakan bumi, bukan seperti ini bodoh.",Anger
aku benci sabtu.,Anger
"dua tweet rj ini bikin emosi, mampir yuk.",Anger
"kecewa aku, bangsat.",Anger
"halah bodoh, hilang juga kamu.",Anger
"sudah lah, kamu itu bodoh jadi mereka mengira kamu menyogok begitu saja.",Anger
kenapa ya hati ini sangat marah ketika pak jokowi difitnah.,Anger
"tidak mau emosi, tahan-tahan.",Anger
"anjing, babi, bangsat, abangku kecelakaan, pelakunya kabur, setan.",Anger
"kamu itu sudah bodoh, pendek, tidak pintar, tidak bisa apa-apa, cuma beban saja, hidup lagi, haha. masih mau hidup kamu zar?",Anger
"sudah mulai mental breakdance. kemarin sempat menjauh sebentar karena tidak ingin bocil terkena vibe negatifku. emosi sekali sampai banting pintu kamar mandi, mandi siram kepala sambil menangis, keluar kamar mandi sudah mendingan lah.",Anger
"pakai rasa, bukan pakai logika. bodoh cara berpikirnya. belajar jangan cuma di youtube.",Anger
"tidak boleh pacaran dulu, nanti mama marah.",Anger
kamu marah tidak kalau dipukul?,Anger
"uish, kena tarik pinjaman lah bang. semester satu buruk, semester tiga tidak dapat pinjaman. selang satu semester. kasus aku, ip semester tiga di bawah dua koma nol, semester lima tidak dapat pinjaman. maka bertahanlah korek tabungan sendiri tanpa pengetahuan keluarga karena takut kena marah, haha.",Anger
kalau bohong aku mau marah pokoknya.,Anger
"iya cakep, emosi sekali rasanya pagi-pagi.",Anger
"arrgh, pagi-pagi emosi.",Anger
si kapitalis politik yang bodoh.,Anger
kamu bodoh sekali deh asli.,Anger
"ah kamu bodoh, malas bacanya.",Anger
"gila ya, emosi aku lihat komentar-komentarnya, anjing.",Anger
lagi benci sekali dengar lagu bucin.,Anger
pertanyaan bodoh.,Anger
"masih bisa menanggapi dengan candaan walaupun dalamnya emosi, haha.",Anger
"kereta milik cm sarawak, abang johari. celaka punya vvip! aku paling benci golongan itu.",Anger
"ingin kesal, tapi benar.",Anger
"hahaha bangsat, tim bingung ini diservice, tapi senin sudah mulai kegiatan. aduh bagaimana ya, layarnya kelap-kelip, takut harus ganti, mahal. takut file hilang kalau diinstal ulang, malas instal ulang lagi, belum dibackup, hari sabtu semua tutup, bodoh.",Anger
kelisa itu memang marah sampai berasap hidung.,Anger
"kenapa ya kalau pc sudah terjual tiba-tiba banyak yang dm tanya masih ada atau tidak, kenapa pas belum terjual tidak ada yang cari? curiga banget, marah.",Anger
"kalau orang sudah benci sama orang yang merokok atau vape, bahkan pakai pod, kayaknya di mana pun tetap benci deh.",Anger
jangan marah.,Anger
sudah tidak emosi tapi lihat kamu reply jadi pengen ngamuk.,Anger
pendukung kadrun bodoh itu.,Anger
tka tidak usah asal bicara kalau tidak tahu budaya orang indonesia. bodoh jangan dipertontonkan. tka buzzerrp dapat berapa receh. dasar mulut kotor.,Anger
benci sekali aku sama kegiatan bangun pagi!,Anger
"memang tidak bisa kalau urusan profesional melibatkan keluarga. terlalu menggampangkan. mau marah, tapi rasa tidak enaknya masih kuat. takut ngaruh ke hubungan keluarga.",Anger
"benci sekali kalau lihat komentar di tiktok, makanya kalau main tiktok jarang buka komentar biar tidak emosi sendiri, haha.",Anger
"sudah tiba-tiba kaitkan malaysia si bodoh libertard ini. tidak ada genosida di malaysia seperti di papua sekarang, haha.",Anger
abang mantannya gemini ya? emosi sekali kayaknya.,Anger
"sudah begini saja nder, serlok sekarang, marahkan emosi pagi-pagi.",Anger
"sudah hampir dua tahun jadi pemerintah, baru sekarang mau bilang tidak setuju. harusnya dari awal sudah bilang tidak setuju, jadi tidak usah terlibat. bodoh.",Anger
hukum penguasa beraninya ke rakyat kecil. bangsat plus bajingan!,Anger
"ribet sekali. sudah paham kok, dipaksakan jadi bodoh tidak paham. hadeh.",Anger
mau marah saja sekarang sudah malas.,Anger
"ini bukan roleplay, dan jelas dong banyak minor. tolong jangan bodoh kirim hal begitu ke base.",Anger
"kalian berdua saudara tapi lagi flirty bodoh begini, aku yang stres.",Anger
"aku sudah lima kali mencoba mendekat, semua ditolak. sedih sekali. sampai depresi. itu lah takut mendekat dulu. efek setelah ditolak itu yang masalah. kalau diterima oke. kalau tidak, sedih, malu, marah semua ada. kadang rasanya capek menghadapi ini.",Anger
"ini yang dicari. bodoh mah jangan marah-marah, tapi healing, haha.",Anger
"hadeh, bodoh sekali.",Anger
"meme tidak jelas. tangga itu step by step prosesnya, harusnya. masa random, bodoh sekali.",Anger
masih pagi bikin emosi saja.,Anger
kamu tidak lebih dari orang iri yang kebetulan bodoh.,Anger
seperti orang bodoh.,Anger
"jadi ingat kemarin, niat masuk kamar mandi mau pakai pembalut, tapi malah pipis. setelah pipis, pembalutnya tidak dipakai. emosi sama diri sendiri.",Anger
"woy tolonglah, kalau lagi bodoh, bodohnya jangan kebangetan.",Anger
"makin ke sini makin ya sudahlah, terserah mau bagaimana. pokoknya kalau sudah dibuat kecewa, ya lepaskan saja, tidak dendam, cukup tahu saja. intinya tidak bisa sama orang yang tidak bisa menghargai orang lain.",Anger
"tidak peduli, marah, ataupun kesal ketika grup lawan memenangkan penghargaan. karena itu, netizen geram dengan tingkah ""sok hebat"" dari rae. beberapa netizen berkomentar positif maupun negatif, apa-apaan dia!? baru saja debut sudah sok-sokan.",Anger
"kenapa sih, dapat yang tulus maunya yang brengsek dan bodoh.",Anger
tidak suka dengan teman yang memberi tahu sambil marah-marah. tidak bisakah dengan tenang?,Anger
"bayangin saja, ryo: ani sih. aced: tau tuh, kena marah kan. lyan: lah kok aku? berakhir gelut bertiga.",Anger
"tidak perlu menunggu lebaran, minggu depan sudah mengatur-atur orang kerja, keluar rumah dan mengatur shaft masjid lagi. diusik terus, dibuat tidak adil terus. umat islam selain penyabar juga bisa marah. jangan tanya bagaimana kalau sudah marah.",Anger
pagi-pagi bangsat.,Anger
"record of youth, walau aku benci sekali sama endingnya.",Anger
"saraf bin edan, tidak punya malu, bodoh, pendukung pemerintah, sama saja dengan mukidi.",Anger
"kalau pasangannya tahu, bakal marah tidak ya?",Anger
"kucing apa anjing, bangsat.",Anger
bangsat sekali!,Anger
"itu namanya pembodohan. kok mau ya kekerasan dalam rumah tangga dihalalkan demi menutupi aib pria? ini ustazah bodoh. bukannya membela kaum perempuan, malah memberikan kesempatan pria untuk besar kepala.",Anger
"iya bestie, tapi aku seperti orang bodoh kalau online. ini karena banyak yang positif soalnya.",Anger
"rawedi dibenci, ramekso dijadikan teman. jadi dirimu sendiri, berdiri tegak tanpa basa-basi.",Anger
"bukan emosian, mba, tapi memang bikin emosi.",Anger
"kamu yang bodoh, seperti alat kelamin. menjawab tapi tidak rinci, pakar apaan seperti itu, iq 69. memang aku bilang aku ateis? aku cuma menebak skrip kamu, pasti kamu akan bilang aku bukan ateis gara-gara tidak follow akun ateis, dan benar tebakan aku.",Anger
"dulu pernah instal tiktok gara-gara pandemi, iseng di rumah nganggur. tapi begitu lihat komentarnya, aku ikut merasa downgrade. aku miskin, mungkin bodoh, tapi tidak sehina itu, menghujat orang pakai komentar seperti itu.",Anger
serius benci sekali dengan orang yang tidak sabar dan tidak menghargai cuti orang.,Anger
"berarti gravity probe-b sudah menyerah? oke. fix. kamu ini baperan, bodoh, dan ingin terlihat pintar. ngaku panteis, tapi yang dibicarakan perasaan. pakai simbol biar kelihatan ngerti atom, padahal tidak tahu apa-apa. malu aku malu, ketahuan bohong.",Anger
"sudah lama pakai sonicator. kemarin najmi bilang tahu tidak sonicator bisa bikin mandul? aneh sekali dia. lalu tanya ke akmal. akmal bilang iya. benci sekali, tanya ke mereka double check ke google dan adnin, ternyata bohong.",Anger
"dari subuh sudah tidak mood, pas main mobile legends jadi emosi.",Anger
"beginilah kalau punya netizen bodoh. ini bahas bola atau bahas apa? memang lazio tidak di roma? pintar sedikit kenapa? semua harus dijelaskan? kalau tidak paham diam saja, jangan norak!",Anger
"ah kenapa bang mark ganteng sekali bangsat di mv child, pengen aku tidak bisa.",Anger
"kamu mengerti tidak, drun? dia sedang menjalankan tugas sebagai anggota dewan yang mendapat hak imunitas. pendukung kadrun bodoh sekali. kalau edi mulyadi sudah jelas menghina luar biasa merendahkan dengan sebutan binatang dan setan. kamu saja tidak mengerti.",Anger
"pram said ini lagu buat kalian, yang punya rumah tapi terpaksa pergi karena suatu keadaan bangsat itu aku.",Anger
"maklum mereka sudah gila semua. gila cari untung untuk pindah ibu kota, gila cari untung dengan uang aseng, gila cari untung di akhir masa jabatan, lalu sama-sama merampok negara. bangsat.",Anger
agak kesal tapi tidak apa-apa.,Anger
"aku biasa balas dendam, kalau dia main game berlebihan, aku ganggu dia. siapa rasa adil? tiba-tiba.",Anger
"dia marah yae di ship dengan ayato, katanya yae miko berdasarkan yae sakura di honkai yang canonically lesbian. tapi ini kan genshin impact.",Anger
kamu bodoh.,Anger
nah si cewek bodoh ini contoh pengguna tiktok yang kebodohannya sudah sampai dna.,Anger
"tapi meningkat sekali hasilnya. gimana kalau ditanyain? kamu pikir dosen cuma lihat lalu laporan evaluasinya dibungkus gorengan? pasti ditanyain, bambang. bikin naik emosi pagi-pagi.",Anger
"ihh, mau marah!",Anger
ihh kok marah-marah sih.,Anger
"kan bodoh, tidak baca berita sebelumnya malah kelihatan bodohnya juga tidak baca rpjmn. kamu juga bodoh.",Anger
"konyol sekali, ngajak panas-panasan di grup chat. ketemu langsung saja, berantem sekalian ketok kepala. tapi setelah itu beres, tidak ada dendam atau gibah.",Anger
"pas ketemu, tidak jadi marah, malah tambah sayang, hmm.",Anger
"mau marah sekali anjing, dari kemarin mau keluarkan kecoa satu susah sekali kabur terus.",Anger
lepaskanlah hati dan pikiranku dari keterikatan yang membuatku mudah marah dan berkecil hati.,Anger
paling benci kalau orang tua sudah ngomongin jodoh. aku masih sembilan belas tahun.,Anger
"aku juga dulu dibebaskan sama bapak mau main sampai jam berapa. tapi kalau sampai pagi ya tahu diri. bapak tidak marah yang heboh, tapi diam. ini mending diingatkan. karena sekarang tahu lah, tidak ada tempat aman buat perempuan.",Anger
memang dasarnya bodoh semua yang komentar begitu.,Anger
"bodo amat, bulan lalu terakhir aku pinjamin kamu uang. itu dua koma tujuh juta aku balikin dulu, bangsat.",Anger
"kamu sih protes, jadi kena marah, kan.",Anger
"woilah, pagi-pagi bikin emosi anjing.",Anger
"sek pagi sudah emosi, sudah mau tiga hari tidak bisa login.",Anger
"balas dendam, biar yakin kalau suami istri bisa saling menutup aib.",Anger
"dia pasti merasa sangat bersalah sama sone, dasar agensi bangsat.",Anger
"aku bangun-bangun jam enam empat puluh lima, panik sekali anjing. sudah siap-siap mau tidak mandi ke sekolah, eh ternyata hari ini libur karena guru ada yang meninggal. bangsat memang. sudah panik sekali anjing.",Anger
"wkwkwk iya benar-benar emosi kalau lihat nino dibanding irvan, dengan ketidak tahu diri dan magadirnya itu buat kesel.",Anger
"emosi juga lihat banyak postingan dari pemilik kucing yang kematian akibat virus parvo. bukan emosi sedih, emosi marah. tolonglah vaksin kucing. dulu aku juga tidak tahu pentingnya vaksin untuk kucing.",Anger
pagi-pagi sudah emosi.,Anger
"hidup di negara isinya kenthu saja, bangsat.",Anger
"bersin sedikit aku parno mau swab, astaga benci sekali omicron bikin hidup tidak tenang.",Anger
dari tadi absen harus emosi dulu baru sidik jari benar-benar terbaca.,Anger
aku benci sekali sama mantan.,Anger
"yang dari kota sebelah kena penjara delapan bulan, denda dua puluh juta gegara kerumunan. yang ini? kok bisa ya? maaf, saya orang biasa yang bodoh, tidak mengerti. atau jangan-jangan saya ini yang dibodoh-bodohi dengan begini?",Anger
"halah, nanti pas aku jawab, dibilang nyontek google lagi. jawab salah, tidak jawab salah. oalah, susah memang debat sama banci bodoh seperti ini, aku malu sekali, haha.",Anger
"memang benar, bangsat.",Anger
"yang komentar buruk ini benar-benar ada masalah dengan otaknya kayaknya, bodoh sekali.",Anger
"ini rcpc tidak ada kabar comeback? sudah waktunya, bodoh.",Anger
"punya teman yang datang pas butuh doang, giliran kita butuh malah hilang kayak diculik setan. pagi-pagi sudah buat emosi, anjing.",Anger
"kenapa bisa ada orang terserah-terserah, capek anjing. kalau ditanya jawab dong iya atau tidak, mau atau tidak. ya allah, emosi aku.",Anger
pagi-pagi sudah emosi gara-gara baca 2ha.,Anger
"kalau aku isi seperti ini bisa-bisa habis diambil ponakan aku terus dibagikan ke teman-temannya. baik sekali, agak bodoh dia.",Anger
"kamu benci jamet sebenarnya, bukan pengendara motor.",Anger
bangsat!,Anger
"wanita ini pamer ogah beri tip ke pelayan, ternyata balas dendam karena pernah jadi korban ghosting.",Anger
"simpanse memiliki kecerdasan yang mirip dengan manusia - mampu menampilkan berbagai emosi, mengenali diri sendiri di cermin dan bisa belajar bahasa isyarat untuk berkomunikasi dengan manusia. bagaimana dengan manusia yang masih bodoh dan betah jadi jongos penguasa dan cukong?",Anger
"tidak tahu lagi, tidak ada lagi tempat buat curhat, tidak ada lagi tempat buat cerita karena satu-satunya tempat sudah disia-siakan, bodoh.",Anger
"otak kaummu yang bodoh. pakai sumber yang nasional, drun.",Anger
"aku mendukung keduanya, tapi kalau gatekeeping itu bodoh.",Anger
"bagus, tapi mau marah.",Anger
semua harus dibayar dengan balas dendam - sasuke uchiha.,Anger
"terlalu fanatik pun susah, akhirnya kelihatan seperti orang bodoh.",Anger
"iya, aku malah makin jengkel.",Anger
"nonton film, antagonisnya ngeselin, ""benci sekali aku lihat muka kamu, jijik pengen aku ludahin.""",Anger
"halah, bacot mulu si tua bodoh. jawab dulu orang panteis itu harus seperti apa, pengertian panteis yang tidak nyontek google itu bagaimana. kok jauh banget sampai ke ui/ugm. ini kita bahas apa sih? makin tidak nyambung gara-gara kamu. jangan baper karena cewek viktor, malu sama alat kelamin.",Anger
"manusia bodoh, sama anak kecil saja begitu. kalau tidak suka ya skip saja. jangan rasis begitu, setan.",Anger
lagi marah.,Anger
"kenapa alternate universe yang aku baca masih ongoing, aku kesal.",Anger
"kalau aku marah, ngambek. kalau aku balas atau jawabnya singkat-singkat dan akhirnya cuekin kamu, itu artinya aku pengen kamu peka, perhatian, dan peduli.",Anger
"goblok bin bodoh. kalau kamu ateis, kamu akan follow akun-akun sains, bukan akun perasaan. bahkan dalam berbohong pun kamu bodoh sekali. sekarang ngaku ateis? iya?",Anger
"mantep tri, tidak seperti bank mandiri. bodoh sekali ditanya beda orang jawabannya tidak jelas dan muter-muter. memang swasta didikannya beda sama plat merah. asli kesal sekali, pulsa habis banyak cuma untuk call center bodoh.",Anger
"kalau tiba-tiba mba-nya bilang mau putus sekolah, sepertinya bukan cuma emak yang marah, bapakku juga marah besar, jangan lupa tetangga pun pasti heboh, haha.",Anger
"jangan bodoh merasa baik-baik saja seakan tidak peduli, dasar bodoh.",Anger
"itu tukang sate bodoh sekali. masa bara api dikipas, sampai mampus juga tidak bakal dingin.",Anger
mending kamu baca dm aku biar aku pagi-pagi tidak emosi.,Anger
"kalau ini bukan pick me girl lagi, ini lebih ke tolol sekali, anjing girl.",Anger
rich itu sudah lama sekali menghapus sebagian memorinya. sepertinya dia benci sekali dengan memori itu dan tidak mau mengingat.,Anger
"saya tidak habis pikir, petani kita sudah dibegitukan, tapi masih saja mau pilih yang itu lagi dan lagi. dikasih tahu malah marah, kapan sadarnya?",Anger
bodoh sekali petik-petik nama aku.,Anger
"aku akan terus ingat bapak itu sampai aku bisa tumbuk mukanya, bodoh. ingat aku ini tidak punya muka kah? selamanya babi betul, kurang ajar.",Anger
"cjr bangsat! perusak moral! masih kecil sudah ngajarin cinta-cintaan, belum sunat saja sombong! pergi ke laut saja! ",Anger
"kesal sekali apalagi dimasukkan ke grup tidak jelas seperti ini. rasanya emosi sekali, kenal juga tidak, hadeh.",Anger
"kenapa aku benci sekali pembelajaran tatap muka saat seperti ini, karena adik sudah mulai sekolah tatap muka dan dapat kabar teman-teman sekolahnya sakit massal. banyak yang sakit, tidak tahu apakah karena covid atau bukan, yang jelas adik aku juga tiba-tiba sakit dan aku berasumsi awalnya dari sekolah.",Anger
"enak sekali, bangsat, bisa-bisanya dibilang gagal.",Anger
demi allah benci sekali sama gwinam.,Anger
"baru mau sedih kenapa ditutup, endingnya bikin emosi. semoga harimu senin terus.",Anger
aku benci pendidikan kewarganegaraan.,Anger
benci sekali.,Anger
"bangun tidur lihat fans kamu marah-marah, taunya hadeh.",Anger
"bangsat, aku lagi nyanyi-nyanyi di dapur ternyata ada orang luar yang lihat dari pintu dapur.",Anger
"wordle, bodoh sekali nebak huruf lain di percobaan ketiga.",Anger
"iya, anjing, ngakak sampai harus menampar diri sendiri, seperti hidup kamu, bodoh.",Anger
capek sekali bacain opini orang bodoh.,Anger
"tolong jangan bikin emosi pagi-pagi, aku lagi puasa.",Anger
"cuih, benci sekali sama yang jualan agama basi.",Anger
"dih, bodoh.",Anger
benar-benar kalau lagi emosi tidak ada yang bisa kontrol. tapi ujungnya selalu ada yang ngalah duluan buat bilang maaf.,Anger
"berantakan ini dasarnya apa kok tiap hari bicara bodoh terus, seolah pekerjaan sipil itu sesuatu yang tidak mungkin bisa dikerjakan. jokowi yang katanya sarjana kehutanan saja bisa bikin tol langit dan tol laut.",Anger
boleh ngomong bangsat tidak sih? masih pagi sudah emosi jiwa.,Anger
"short au leejeno sudah selesai, bikin emosi.",Anger
"bacot, bangsat.",Anger
"tweet yang sangat membuat kesel. bodoh dipelihara tidak beranak, dodol.",Anger
marah.,Anger
"astronomi? iya, memang aku mengikuti. kamu memang bodoh sekali cuma menyimpulkan dari following akun aku. berarti aku bukan ateis karena tidak follow akun ateis? begitu logikamu? logika cacat pakar kok cacat.",Anger
"iya kan dia adiknya, anjing? bagaimana sih maksudmu, anjing? masih pagi, jangan buat emosi, bangsat.",Anger
"bangsat, dikira aku hidup cuma buat suami? gila ya.",Anger
"dulu marah-marah, sekarang diam saja tapi marahnya ke yang dipercaya.",Anger
"anaknya jadikan model saja, bund, biar bisa balas dendam.",Anger
masih pagi sudah ada saja yang menyalakan api emosi.,Anger
"anjing, ada saja yang bikin emosi baca ini pagi-pagi.",Anger
"aku sudah sabar ya, tidak marah-marah atau mengatai. jangan melunjak.",Anger
hanya orang bodoh yang menanggapi serius.,Anger
"berkoar-koar sajalah, yang seperti ini sudah disumpal pakai duit. termasuk yang ngamuk-ngamuk disebut jin buang anak. jin saja tidak marah kok, yang manusianya ngamuk-ngamuk. sadarkah kalian itu sudah diprovokasi? di kampung aku juga ada tempat seperti itu.",Anger
"sejujurnya pengen marah karena dia mendadak ikut masuk mobil. yang ditakutkan bukan diri sendiri sakit, tapi takut bawa penyakit ke orang rumah.",Anger
marah.,Anger
"lebih marah aku, kenapa kamu membangunkan.",Anger
marah pada diri sendiri.,Anger
pagi-pagi pasti emosi.,Anger
benci sekali aku sama yang jualan agama. agama cuma topeng.,Anger
pagi-pagi sudah dibikin emosi saja sama skuad ferrari.,Anger
"saya bohong dari mana? saya sudah ngaku saya pemuja fall guys dari kemarin. saya bukan panteis. kamu lupa? dasar tua bangka najis. sudah mabuk agama, banci, tidak bisa ngaceng, pikun pula. jelaskan letak bohong saya di mana. palingan nanti ngatain saya cewek bodoh lagi. menjijikkan.",Anger
"jangan kasih aku aturan di luar kemampuanku, kamu bukan siapa-siapa, bodoh.",Anger
"iya, anjing, benci sekali.",Anger
bikin emosi saja pagi-pagi.,Anger
"aku sudah pernah menonton kisah seperti ini sebelumnya, dan aku benci endingnya.",Anger
"memang paling benar pagi-pagi tidak usah buka twitter, emosi anjing.",Anger
"ekspresif marah di timeline iya, ke teman juga iya.",Anger
"dinamika sosial media alternate universe joongdok tidak jauh dari serangan fisik lahir batin. selamat pagi, saya bawa kisah kebodohan (fresh from the oven) seseorang yang memang pantas dikatai bodoh. tidak sanggup lagi aku, anjing.",Anger
"oalah, masih pagi sudah dibikin emosi.",Anger
kapan kamu tidak lagi jadi penjilat. manusia paling bodoh di indonesia adalah ruhut.,Anger
"pagi-pagi sudah rusak mood. mau orang tolong kamu tidak perlu marah-marah. orang ikhlas jadi terpaksa pula, hadeh.",Anger
"malas sekali, masih pagi sudah ada saja yang bikin gondok, hadeh, emosi.",Anger
"kamu paling susah diajak ayo sih, bangsat.",Anger
dijamin emosi.,Anger
"tiba-tiba dikirimi kuis tebak mana fotoku dan salah nebak, malah marah-marah. kan tidak kelihatan.",Anger
tinggal like saja bisa kok marah.,Anger
"jangan jadi orang bodoh lah, anjing. semua orang tahu kalau kamu melakukan salah. semua orang tahu kalau kamu sampah, bajingan. jadi jangan mengharapkan belas kasih dari orang yang sudah kamu kecewakan.",Anger
"kadang-kadang suka bingung sama cewek yang cari sugar daddy, pengennya yang baik, tulus, pengertian, giliran diperlakukan tidak mau. ya itu bapak kamu kan bukan, tolol kalau konteksnya sama.",Anger
dengar suara orang makan ngecap asli emosi sekali.,Anger
"ya allah, kenapa sih pagi-pagi sudah dibikin emosi. tolonglah, ini akhir pekan, kalau mau pulang ya pulang saja, tidak usah tanya-tanya aku, aku jadi ikut mikir.",Anger
"bodoh sekali tidak sadar dengan diri sendiri. orang bilang jenis tidak tahu bersyukur. diberi sebanyak apa pun tetap tidak akan cukup. mau ada hati pula mau menghabisi aku. benar-benar bodoh. nanti orang tua tidak ada, semua aku potong namanya.",Anger
benci rasanya harus bertengkar dengan perasaan diri sendiri.,Anger
"aduh, benci sekali last minute tidak mau mengumpulkan.",Anger
"tau sendiri finishingnya buruk sekali, padahal di lapangan menguasai pertandingan. menyesalkan absen trofi lagi musim ini, capek benar.",Anger
"mana katanya menghargai keberadaan aku? kalau minta maunya dituruti, giliran aku minta tidak dituruti. giliran aku marah, aku juga yang salah. hadeh, ya allah.",Anger
"kamu tahu seberapa kesalnya aku? di aplikasi tidak ada sama sekali paketnya, harus cek riwayat dan rekomendasi baru kelihatan. kan tidak jelas bikin emosi pagi-pagi. benci sekali pakai aplikasi tidak jelas.",Anger
sudah unfollow akun facebook kamu. ingat aku bodoh?,Anger
"si bodoh sudah tahu gebetannya tidak mengerti bahasa inggris, malah kode pakai lagu barat.",Anger
"bodoh sekali anda, liga spanyol nomor satu siapa?",Anger
"sudah memaksa, lalu mau marah.",Anger
"bangsat, aku seperti orang gila galauin cowok orang.",Anger
nanti mereka keluarkan saja pernyataan minta maaf dan daftar alasan bodoh itu. seperti biasa.,Anger
emosi sekali lihatnya.,Anger
"pagi-pagi sudah ada uwu-uwu, bangsat, males sekali.",Anger
"harusnya bisa lebih bijak, tapi efek booster dan kecapekan jadinya meluapkan emosi sendiri. tidak bisa kontrol diri.",Anger
"bangsat, tahu saja lagi kamu.",Anger
"meskipun jengkel maksimal, tetap ada di tengah-tengah, ada dua kaki yang terus berusaha diseimbangkan. kamu sudah berusaha baik, tetap semangat, cuma, lebih objektif dan bijak saja. jangan mau dibodohi satu pihak. ini hidupmu, kamu berhak bahagia. jangan tidak bahagia demi membahagiakan orang lain.",Anger
"aku sebagai yang pernah dan juga berusaha untuk tidak panik, kasih tahu teman-teman yang lain untuk langsung swab, antigen dulu saja. ternyata, dia prank doang. aku emosi sekali. akhirnya semua stiker kata-kata mutiara aku keluarkan. aku marah-marah di grup. karena tidak lucu bercandaannya.",Anger
akhir pekan rusak. capek sekali jadi pendukungmu ini.,Anger
memang kamu punya agama? benci sekali sama yang berbau islam begitu.,Anger
"jijik. kamu menjadi pembohong untuk menutupi fakta bahwa kamu ini, selain baperan, juga bodoh. ini adalah perbuatan paling menjijikkan yang dapat dilakukan manusia. ngaku panteis, bohong. ngaku mengikuti astronomi, bohong. pembohong.",Anger
"bukan pick me, tapi dijamin emosi.",Anger
"kalau main tiktok bikin kamu jadi orang bodoh, tidak beradab, tidak tahu toleransi, lebih baik berhenti main tiktok. hanya karena konten jadi kehilangan sikap.",Anger
"pasanganmu cuma parasit, tidak kerja tapi menambah beban. cuma numpang hidup saja, bodoh.",Anger
"haha, fans attack on titan marah gara-gara kalah peringkat sama sono bisque doll.",Anger
"mimpi kok bikin emosi orang, bikin lapar lagi. pokoknya makan. selamat pagi, semangat akhir pekan.",Anger
"ruhut, kader terbaik dalam hal menjilat, bodoh dipelihara, tidak punya urat malu.",Anger
"baru kemarin ketemu spesies seperti ini. dia ngomong keras sekali sampai sekelas dengar. aku balas, emosi sekali aku.",Anger
kayaknya ini sudah lama sekali aku tidak marah-marah habis baca fanfiction.,Anger
dikira kaget bisa menyelesaikan masalah anggaran yang membengkak?,Anger
kaget saja tidak berguna sekali.,Anger
"kasihan teman acara ulang tahun, kemarin ditunda gara-gara kontak positif. setelah ditunda, banyak yang pamit minta maaf tidak bisa datang tanpa alasan. bilang saja tidak percaya vaksin, jangan pura-pura.",Anger
ngentot cacat semua.,Anger
"malaysia, tokey besar jadi payung orang politik. makanya mau menekan harga barang saja takut. tokey besar kasih komisi banyak ke orang politik. proyek besar pun dekat dengan tokey besar.",Anger
"iyalah, aku yakin seratus persen pas aku ribut sama akun itu, dia ada dm ngaku-ngaku mantanku. tujuannya apa coba kalau bukan jualan cerita palsu. babi benar orang itu.",Anger
"profesor seperti ini, saya resign saja dari kampus, bikin malu almamater.",Anger
kalau kita tidak membangun apakah lebih kaya? kalian khawatir indonesia akan dapat dana besar dari timur tengah? takut indonesia maju? susah kalau bodoh.,Anger
"lebay sekali nangis sampai tersedu-sedu seperti diapakan orang, malu sekali.",Anger
"palu kamu kira kuli, bodoh.",Anger
"anjir, akun ini gila, bodoh, dongo, bikin aku kaget saja.",Anger
ini maksudnya malu malu atau malu palu sih? yang jelas dong.,Anger
"ngeri sekali, tidak tahu malu, bodoh.",Anger
tidak kaget kalau tahu pendukung gubernur kafir.,Anger
"rakyat sudah ribut dari kemarin, lalu dpr baru kaget sekarang. mereka digaji dengan uang rakyat, kemarin ngapain saja? bukannya dpr harusnya check and balances? bikin emosi.",Anger
"sudah lah, ngaku saja siapa yang membekingi bupati ini. tidak takut dihisab panitia hari akhir?",Anger
"aku butuh kepastian, bukan harapan palsu.",Anger
"tetangga yang aku anggap dekat sekali karena sangat baik dan royal, ternyata terlibat investasi bodong hampir satu miliar. jadi takut karena banyak orang datang dan dm aku mencari informasi. malas sekali.",Anger
"lihat-lihat tweet, jangan kaget, jangan anggap alay, namanya juga bot, jangan menyesal sudah baca, nanti aku kasih fan service.",Anger
gerombolan penjilat tidak tahu malu.,Anger
"anjing, kaget, cara mengetikmu minta ditabok apa bagaimana?",Anger
malu sekali.,Anger
"makanya baca, itu disuruh gembira berarti jangan panik. kalau panik imun turun. tanyalah yang ahli. orang gembira supaya imun bagus apa sebaliknya? bikin kesel saja.",Anger
"jangan bikin aku panik dan jangan ganggu kalau moodku tidak bagus, bisa?",Anger
"sok kaget, dasar beban.",Anger
"jangan bikin orang khawatir, napa sih.",Anger
"pejabat kaget itu budaya kumpulan orang-orang bodoh bermain drama, prestasi menjilat, korupsinya tidak kira-kira.",Anger
"sudah aku tebak dari kemarin, aku khawatir mereka bakal turun dan benar saja turun. terus ini aku jual produknya bagaimana? pagi pakai mocha, siang pakai dahlia, sore sweet, malam romantic, bingung sendiri.",Anger
"pakai pura-pura kaget segala, sok iya.",Anger
"tolong adakan fitur unsend, aku malu sekali.",Anger
"ketularan jadi tukang bohong semua mereka, tidak punya malu, muka tembok.",Anger
"kemarin haha hihi, sekarang mau simpan permanen portalnya error, panik dan kesel.",Anger
"semua hobinya kaget, jengkel.",Anger
"aku yang panik masalahnya, bangsat.",Anger
"dalam hati panik juga, anjing, bodoh.",Anger
"halah, ngaku saja tidak usah malu-malu, dasar munafik.",Anger
ajukan saja kenapa takut mencoba? ragu? mundur saja.,Anger
"siapa tahu lewat timeline twitter anaknya, biar malu orang itu, makhluk tidak tahu diri.",Anger
"07 februari 2022, hari terburuk. aku dijatuhkan di depan jalanan, dilihat banyak orang, sakit dan malu sekali.",Anger
"baru sekarang semua bikin gerakan cuci tangan? belajar dulu sana sama dokter odgj, tidak tahu malu bangsa ini.",Anger
tiba-tiba takut sekali. iri kan kamu tidak bisa seperti itu? makanya jangan gatal.,Anger
kemana saja kalian? kok baru kaget sekarang?,Anger
"kok bisa-bisanya kaget, bukannya kamu yang mengawasi?",Anger
"itu katanya palsu maskernya, mengecewakan.",Anger
"jangan malu minta foto asli, jaminan cocok atau tidak. daripada datang kecewa beda foto, zaman sekarang aplikasi edit foto sudah jahat sekali.",Anger
"yang fungsinya mengawasi pemerintahan saja baru kaget sekarang, padahal rakyat sudah teriak dari kemarin. makin miris, makin berantakan negeri ini.",Anger
"tetap saja aku masih tidak terima, maksudmu apa tadi buka baju? kaget sekali.",Anger
tidak usah pura-pura kaget. bikin jengkel.,Anger
"berita buruk, mereka semakin eksis dan tidak punya malu sama sekali. jangan sampai anak cucu aku seperti ini, najis.",Anger
tidak tahu malu.,Anger
"gaduh dengan tetangga sendiri, entahlah. akhirnya, muka aku yang setiap hari kau lihat dari bengkel itu. jangan terlalu benci, takut nanti kamu sendiri yang cari aku balik.",Anger
"yang bawah raja palsu, bikin emosi.",Anger
"kamu cuma kaget-kagetan, ayamku juga bisa kaget, idiot sekali.",Anger
"kalian pernah mimpi orang random? lagi tidak mikir orang itu, mimpinya absurd dan terasa nyata. aneh sekali. apalagi kalau tidur kebangun gara-gara kaget atau suara bising.",Anger
"melihat kebodohan orang membuat ingin marah. sudah tahu ada gejala, bilang sakit tenggorokan. waktu tes positif malah kaget tidak ada gejala.",Anger
"yang membantai guru di perancis itu bukan jaringan teror, hanya karena anak pelaku memfitnah guru telah menggambar nabi. keji.",Anger
"itu rizki orang, kenapa dia urus. coba saja, apakah dia bisa dibayar ceramah sebesar itu? harusnya malu membicarakan penghasilan orang lain.",Anger
tidak tahu malu.,Anger
"anjing, kaget, bikin kesel.",Anger
"baru sekarang kaget, selama ini kemana saja?",Anger
"malu-maluin punya teman seperti kamu, idiot.",Anger
"malu-maluin sekali, sinyal begini, katanya cepat, ternyata tidak.",Anger
"takut kok sama sky, ancam saja gajinya bunda potong bulan depan, diam pasti, keki dengarnya.",Anger
"aku ptm 50% lagi, padahal sudah enak 100%.",Anger
"tidak ngotak. adiknya positif, ngajak diskusi tapi omongannya tidak enak. pintar saja tapi tidak ngerti psikologis orang.",Anger
"tahun 2024, semua bangsa ini pilih pks, agar indonesia bisa seperti syiria, irak, yaman, iran, afganistan. karena bosan kan kalau adem ayem saja.",Anger
"masalah datangnya nanti malam saja, jangan pagi-pagi.",Anger
"pjj lagi, padahal sudah enak ptm.",Anger
dikiranya uang jatuh dari langit.,Anger
"kalau mau enak, cari anak orang kaya saja.",Anger
"kalau mau tegakkan syariat, jangan setengah-setengah. orang seperti ini merusak citra poligami.",Anger
"rambut rontok, depresi, overthinking, kangen keluarga, merasa hancur. sekarang dia bahagia di atas kehancuran hidupku.",Anger
jadi anak yang tidak boleh bawa motor kemana-mana itu tidak enak.,Anger
dokter ngomongin pola pikir dan treatmentnya sebelah mana? aku masih hidup.,Anger
"nyesel vaksin ketiga, padahal badan kurang fit.",Anger
"pagi-pagi lihat orang bikin pie kelihatan enak, ternyata slime, jengkel.",Anger
nugget rebus tidak enak.,Anger
"kontrol diri sendiri, jangan minta cicip yang lain.",Anger
"debat cowok mikir enak saja, sudah lah capek.",Anger
"yang bisa wfh enak, sarkem mana bisa.",Anger
"tidak beli motor, tidak beli rumah cash, malah dibuat ribet.",Anger
lihat saja sudah panas.,Anger
facebook tidak enak banget.,Anger
"menikah tujuannya bahagia, bukan memenuhi tekanan keluarga.",Anger
"semua enaknya di suami, tidak enak di istri.",Anger
mau ngajak ribut? matcha enak sekali.,Anger
pagi-pagi buka twitter malah kesel.,Anger
"rakyat ini dibodohi, pejabat enak-enakan.",Anger
"mutajir, deketan saja biar enak nampolnya.",Anger
"aku kan pakai double puasa gelar, kenapa pada bilang semangat puasa, sakit hati.",Anger
sering update story setelah minjem duit.,Anger
susah banget lihat orang lain bahagia.,Anger
banyak pelakor.,Anger
"subuh-subuh ditelepon, disuruh pcr dan swab.",Anger
"mending hidup bahagia, tidak usah mikir hal tidak penting.",Anger
"udah semangat karena ada yang nyemangatin, sialan.",Anger
"kalau mau poligami ikuti sunah, tunggu istri pertama meninggal dan nikah dengan nenek-nenek.",Anger
"orang lain enak punya tempat curhat, aku tidak.",Anger
"kalau tidak dipinjami duit, tidak usah nyinyir.",Anger
"disuruh acara keluarga, padahal lagi tidak enak badan.",Anger
anak-anak dari keluarga bahagia kadang menyebalkan.,Anger
"kelihatan asik dari luar, padahal tidak tahu perjuangannya.",Anger
ayam ribut terus.,Anger
yang menyebarkan hoaks malah menuduh orang lain.,Anger
bodoh banget yang bilang sinetron tamat itu matiin rejeki orang.,Anger
"biasanya titip ke aku, sekarang ke ibu, malah ribet.",Anger
"tipe pembeli ribet, tinggal skip saja.",Anger
"tolong hargai, tidak semua orang suka postingan seperti itu.",Anger
"suka playing victim, umbar-umbar.",Anger
instagram suka tidak kasih notifikasi.,Anger
dengerin lagu sendiri cepat bosan.,Anger
"papa kenal, ternyata alex.",Anger
"risih, tidak suka yang terlalu berlebihan.",Anger
"pas sma tidak bawa uang saku, ogah naik ojol.",Anger
hargai perasaan fans.,Anger
"pengen marah, tmi ke orang yang naksir kamu.",Anger
"ngerjain revisi berat banget, males.",Anger
"kalau nitip itu sopan sedikit, jangan ribet.",Anger
heran sama orang yang suka nunda kerjaan tanpa alasan.,Anger
denger cerita begini keterlaluan.,Anger
"baik banget sampai orang suka minjem duit, minta jawaban.",Anger
"clingy, suka peluk-peluk, tidak jelas.",Anger
lucu cara ngomongnya kayak arashi.,Anger
"idih fiel jelek banget suka mleyotin orang, suka ngajak gelut pula, aneh.",Anger
"gue gak sanggup banget sama gacie, tumbalin saja ke zombie secara sukarela.",Anger
"kesel banget sama orang-orang kayak gini, capek jelasin.",Anger
"aku lumayan kesel sama jawabannya, jadi cuma ngangguk-ngangguk.",Anger
kesal karena suka menyerang love language gue.,Anger
"sekarang malah jadi ancaman buat cewek, catcalling itu freak.",Anger
gak abis pikir sama orang yang mikir selingkuh itu wajar.,Anger
"hari Jakarta Selatan membekas banget, jadi suka ngetik campur bahasa.",Anger
bodoh orang-orang yang suka pasang lampu led di mobil.,Anger
"kesal sama orang yang suka marah kalau aku gak ngabarin dulu, padahal dia sendiri begitu.",Anger
"heran video keluhan udah banyak, kok masih ada yang pasang begituan.",Anger
parfum ungu baunya kayak orang yang aku gak suka.,Anger
negara suka pecah fokus rakyat dengan isu baru.,Anger
"chenle gamau dihaluin, kesel banget.",Anger
paling males dapet message yang suka ditarik-tarik.,Anger
"jaman sma ada teman nipu bangga, kesel.",Anger
jangan follow second account aku kalau ig kamu dipegang cowokmu.,Anger
gak suka orang sembarangan naik kasur dalam keadaan kotor.,Anger
"temen sekolah gayanya sok kaya, padahal minta keringanan biaya.",Anger
kami suka kpop itu tulus.,Anger
kenapa sih orang suka banget memaksakan kehendak.,Anger
orang suka overthinking lalu ngajak-ngajak orang lain.,Anger
gemini plin plan banget.,Anger
risih twitter ada fitur aneh di timeline.,Anger
kenapa orang suka banget cari-cari salah aespa.,Anger
"selingkuh itu sadar, bukan khilaf.",Anger
gue gak suka dichat terus dengan pembahasan itu-itu saja.,Anger
gak paham kenapa army suka banget hate aespa.,Anger
kurir-kurir suka bawa-bawa paket orang buat hal tidak berguna.,Anger
"bagus untuk nampol sisi patriarki, suka adegan makan malam kantor yang cowoknya berantakan.",Anger
suka kesel sama yg terlalu pro banget ke artis tertentu.,Anger
"guru gue kaku banget, kesel.",Anger
kenapa harus ribet kalau ada orang asing posting tentang pramusim di indo.,Anger
tiap sabtu dibangunin ibu-ibu senam dengan speaker gede.,Anger
males banget orang yang cuma mau niruin.,Anger
"kesel, bisa-bisanya ngomong takut ditinggal, padahal harusnya aku yang merasa beruntung.",Anger
kanye suka ikut campur padahal tidak disebut.,Anger
"bingung sama cewek yang suka update jadi selingkuhan, merasa cantik?",Anger
"jends suka kasih info dadakan, kampus bikin keki.",Anger
"pernah bilang ke nayeon kalau temenku suka exo, goblok banget.",Anger
"alasan utamanya adalah karena sangat melokal. dari yang dia cover lagu cinta luar biasa, terus kalau ngomong indonesia itu sudah kayak orang indonesia. benar-benar yang kayak ini orang benar-benar orang korea tidak sih. terus juga warna kulitnya yang aku suka, beda saja gitu dia sama temannya yang lain.",Anger
"nenek sama mamaku nih, tapi kalau ada orang lagi ngomong kadang suka ikut jawab. heran banget.",Anger
ini twitter kenapa sih. suka banget ngeselin.,Anger
"bapak sialan ya, tidak bagus buat contoh. songong, bangsat, capek banget pasti punya bapak kayak gitu. arsen zeyeng, suka banget gaya lu bro sayang arsen banyak-banyak.",Anger
bangsat anjir pagi-pagi bikin emosi. kalau tidak suka anjing kenapa pelihara. tiap hari selalu dengar anjing nangis kena pukul. emosi. mending lu kasih orang deh tuh anjing daripada disiksa setiap hari. kesel ya tuhan dengarnya ikut sakit dengar anjing nangis.,Anger
"sejujurnya saya bukan tipe ceria, lebih suka diam. kalau tidak penting malas ngomong, tidak mau sok asik juga. tapi karena tuntutan peran, jadi sok baik deh. lucu banget maksain buat bermuka dua, kesel juga sebenarnya.",Anger
"eh buset gedeg banget bacanya anak setan lu pada. justru ini yang gue suka dari 2gether, ceritanya benar-benar nunjukin cinta ya cinta, bukan cuma tentang nafsu doang.",Anger
"jujur gue kesel banget sama anak kecil yang suka ketawa. sumber masalah, ketawanya nyebelin banget. walaupun dia dari desa yang orang-orangnya terbiasa ketawa karena keadaan, harusnya dia bisa ngatur mulutnya buat diam lah.",Anger
"suka banget menyengsarakan rakyat. kemarin ngotot tidak mau menaikkan ump, sekarang mau atur-atur iuran pekerja yang dipaksa potong dari gaji.",Anger
polos banget kamu. ada yang hate kamu malah kamu anggap bercanda. benar-benar tidak nyangka masih saja ada yang tidak suka sama orang baik seperti ini.,Anger
tidak suka banget kalau ujung-ujungnya kayak ngebandingin kerja keras orang. masing-masing orang sudah kerja keras sebisa mereka.,Anger
"suka banget ya dikasarin, giliran ditampar beneran nangis. dasar orang tidak jelas.",Anger
"sumpah benci banget kalau dibalasnya gini. iya sehat-sehat saja sekarang, merasa bersih, tapi dalam badan tidak ada yang tahu. apalagi kalau main sana-sini dan suka seks berisiko. masa sih tega mencelakai orang yang katanya lu sayang.",Anger
"buat pengirimnya, emang harus banget ya semua orang harus bisa bawa motor. kalau teman lo atau siapapun itu suka tidak tahu diri ya lo bilangin lah.",Anger
"lo aja kali yang terbebani. aneh, kalau tidak mau nolongin ya sudah tidak usah aneh banget sih lu. gue aja tidak terbebani, malah suka nawarin boncengan. kayak baru bisa naik motor aja monyet.",Anger
kan emang anjing si simon ini. chio emang sudah suka sama ibel tapi dia takut kalau jatuh cinta sama ibel bakal melakukan kesalahan yang sama kayak si simon.,Anger
"ramai banget mall. kenapa juga semua orang pergi ke mall hari sabtu. minggu saja sekalian. kasper keluh. ada lima belas menit mungkin mereka berputar cari tempat parkir. ini salah satu alasan kenapa kasper kurang suka menyetir di kota, susah sekali parkirannya.",Anger
"makanya tidak suka banget kalau sudah ikut campur, karena bukan bikin benar dan menenangkan, malah tambah awur-awuran. saya kehilangan rasa hormat kepada kamu sejak bertahun-tahun lalu. jadi diam saja.",Anger
"yang suka merusak tatanan, jangan dikasih ruang. wahabi lokal.",Anger
kalau bocah koar-koar kasih bukti saja biar diam. gue tidak suka kedamaian.,Anger
"tai banget ini sudah r9 mbak mas baru ngomong gini sekarang. kenapa tidak dari dulu sebelum event. pc suka disold out, tau-tau sedekah r1-r9 komplit ke influencer. maaf kalau jujur-jujuran prioritas fans adalah pc-nya, bukan produknya.",Anger
"tak jamin kasih rumah perumnas satu kalau lo bukan kelompok mereka. sudah kelihatan pki-nya di nkri nusantara. siapa sih yang suka teriak-teriak pki. ditanya pki-nya, eh tidak ada. diajak laporin ke polisi ya tidak ada. tapi jualan bakar bendera baru.",Anger
"amit-amit banget gila, kayak bangga banget tuh orang suka ngentot sana sini. kayak big rewards buat dia. sinting banget goblok.",Anger
rumit banget jadi orang. kalau tidak suka ya simpel keep saja. ribet banget hidupnya.,Anger
"sumpah ya tuhan, maaf banget. tapi semoga dia dapat balasan karma setimpal karena tidak adil dan suka nipu bawahannya.",Anger
"heran banget temanku kenapa suka ngajak gelut si anjing. sudah tahu lagi dijauhi, lagi tidak chat-an, berarti aku lagi menghindari percekcokan. kok malah nyari ribut.",Anger
"caranya gimana ya biar teman-teman ekstrakurikuler tidak pakai kelas pengirim buat jadi ruang pertemuan. sudah ditegur wali kelas, masih bandel banget. mana kalau pakai tidak izin, terus kelasnya dikotorin, kipas juga tidak dimatikan. sebel liatnya.",Anger
benar banget. cancel culture dan pembenaran diri sendiri ala sjw zaman sekarang benar-benar sudah di tahap sangat menjijikan. tidak beda jauh sama orang-orang di jalan yang suka main hakim sendiri sampai bikin nyawa orang melayang.,Anger
suka gatal banget kalau yang ginian tidak disebarin.,Anger
"aku lihat ada yang sampai bilang ""kamu mengharapkan apa dari komunitas ini"". kayak, anjir banget kamu. kalau sekiranya kamu tidak nyaman ada di satu komunitas, dan kamu cuma suka salah satu anggota, tolong tidak usah mengaku bagian dari komunitasnya.",Anger
jadi kamu yang suka kentut diam-diam. mana bau banget lagi.,Anger
gak paham aku. emang harus banget kamuu laporan kalau punya pacar ketiga. justru itu waktu yang tepat buat ngenalin kalau te itu pacar lo. goblok.,Anger
sinyal kenapa suka banget bapuk tiba-tiba. emosi allahu.,Anger
"suka heran sama tipe manusia yang tidak ada angin tidak ada hujan, tau-tau sinis banget tiap diajak ngobrol, tapi cuma ke lu doang. ke yang lain biasa aja. kenapa. kasih tahu saja napa salah gue dimana.",Anger
"semenjak bisa belanja online, beliau suka beli barang yang sebenarnya tidak dibutuhkan banget. ujung-ujungnya disimpan di sembarang tempat. ibu jadi ngedumel karena jengkel.",Anger
"benar banget. gue exol dari zaman overdose. pas orang tahu gue exol, pada bingung kok gue masih suka sama mereka padahal mereka sudah tidak terkenal dan sudah tua. pengen banget gue sumpel mulutnya pakai kaos kaki. gue tidak jawab karena takut jadi ribut, langsung gue tinggal saja.",Anger
itu tidak tahu harga akun atau gimana. suka nyesek kalau ditawar sampai jatuh banget. mana upf sekarang susah.,Anger
"kelakuan temanku suka kayak gitu. bilangnya otw, eh tau-taunya lama banget.",Anger
guru gue campur-campur aksennya. suka kudu teliti banget lihat gerak bibirnya.,Anger
"suka kesel tidak sih, ketika sudah dibantuin, tidak bilang makasih. bukannya gue mau ngemis ucapan terima kasih, tapi sifat lo jadi jelek di mata gue. apa susahnya ngetik makasih.",Anger
"saat itu juga pengen gue tonjok, tapi ditahan. jadinya gue dorong saja sampai jatuh dari bangku. kalau suka tuh bilang. lah ini malah bikin tiga kelas benci gue semua. sampai ada yang bikin grup ""hatersnya bella"". alay banget goblok.",Anger
"masalahnya yang spread hate nih cowok. ya allah gue keseringan ribut sama cowok mulu zaman smp. bolak-balik masuk bk karena ribut mulu. pas ditanya alasannya, bangsat banget. ""saya tidak suka dia bercanda sama yang lain selain sama saya bu.""",Anger
"jahat banget. buat kalian laki-laki, tolong jangan suka jajan sembarangan.",Anger
"dia ngeselin banget ke gue. suka banget ngisengin, tapi dia andalan para guru. wibu (cuma gue banget), produktif tidak seperti saya, social butterfly banget, gampang akrab sama orang.",Anger
"kasihan ceweknya pasti sedih banget. ya kalau lo punya pacar cowok juga jangan begitu. gue tahu di indonesia susah nerima, kadang gue saja yang suka masih nutupin, tapi jangan menyakiti orang lain demi nutupin kenyataan. sama saja lo selingkuh. kasihan cowok sama ceweknya.",Anger
"duh anaknya nanti kelakuannya mirip gue banget deh. biar bisa dinasihatin terus tiap hari. daripada dulu suka nyindir gue berkedok self reminder, mending langsung kasih copy-paste saja ke mereka.",Anger
saya sering banget seperti ini. apalagi sekolah suka banjir kalau hujan. jadi nyusahin.,Anger
kanye nih kenapa suka banget nyenggol yang lagi naik. toxic anjing.,Anger
"mereka suka playing victim gitu. pajamas kesel banget. nanti merembet kemana-mana. kayak semalam bela th dibilang solo stan, aneh.",Anger
"aku memang orangnya suka bercanda, tapi bukan berarti tidak bisa serius. tolonglah lebih pintar, tidak semuanya bisa kamu candain. jangan biasain bikin orang risih dengan sikap kamu. jadi sekarang aku minta tolong, tolong semua uncrush aku, tolong banget. aku tidak nyaman, maaf.",Anger
"berisik banget, tidak suka.",Anger
"buset, parah banget ya logika ibu ini. keluarga ibu yang jadi karyawan tidak ada yang merasa keberatan ya, dengan kebijakan timpang ini. cek deh lapangan, banyak pengangguran, pesangon dari perusahaan suka tidak jelas. ngomongin jkp, tidak semua orang juga mau di jkp. sampai kesel saya.",Anger
"soalnya tiap ketemu yang ngaku suka banget sama muse, kalau ditanya ""oh suka muse, suka lagu muse apa?"" ""supermassive dan starlight mas."" pergi jauh-jauh kamu.",Anger
namanya plot hilangnya maksa. entah mereka mau akhiri dengan seolah-olah ketemu saja atau dibuat hilang terus sampai yang punya raga balik. cuma kemarin saja aku nonton sudah kesel bawaannya. tidak suka banget sama plot hilang ini.,Anger
"di dunia nyata sering banget nemu model cowok begini. bucin sama istrinya pamer kemesraan di sosial media. sudah biasa lihat cowok model begini, tau-tau punya simpanan dan suka check in sama cewek lain. makanya sampai sekarang susah banget percaya sama yang namanya laki-laki. apa masih ada cowok yang tulus dan setia.",Anger
"hadeuh, kalau inget bulan ini bikin sakit hati banget anjing. sudah deket lama, aku nya sudah suka, eh malah ujung-ujungnya sama adik kelasnya. kan anjing, kesel sendiri jadinya.",Anger
"sekarang lagi zaman yang tidak suka film atau drama korea juga ikut hype film atau drama korea. nanti review jelek. halah, kalau memang sudah tidak into mah, mau sebagus apapun bakalan tidak masuk. heran deh pada senang banget review jelek ke sesuatu yang lagi rame, dikira keren banget apa ya.",Anger
"benci banget sama akun akgae, akun yang suka bahas satu member saja, terus suka berantem sama akun lain. sudah aku bubarkan. berantem gitu lama-lama bakal saling jelekin member lain, terus berubah jadi akgae. aku malas mutualan sama orang kayak gitu.",Anger
suka banget nge-tease jay. sadar diri woy.,Anger
"hahaha betul sekali. aku saja susah kalau sudah tidak suka sama orang, bencinya sampai lama banget.",Anger
"tapi kamu selalu ngasih argumen seakan kamu doang yang sakit. kalau memang kamu tidak suka sama aku, ya sudah tinggalin aku dari awal. tidak perlu ngerespon lebih dari itu. justru kamu ngerespon seakan yang bakal kejadian nyata banget.",Anger
"coba deh, sehari saja puasa gosip, tidak ngomongin orang. kira-kira bisa tidak.",Anger
"emang kenapa saya cinta bendera merah putih, saya cinta negara indonesia. situ tidak suka bendera indonesia. terus mau merongrong ogah kerja atau gimana. kalau berani ngomong sini, tidak usah sembunyi, pengecut.",Anger
"bisnis haram nih artis indonesia yang suka banget bekerja dengan uang haram. hindari dan jauhi bisnisnya, karaoke dan lain-lain. biadab banget mengajak masyarakat ke hal-hal yang negatif. jauhi mereka semua para artis yang menjerumuskanmu ke neraka jahanam.",Anger
"weekend-nya tidak santai, banyak hapalan.",Anger
"dulu untuk jadi ustadz di pesantren, ya harus sudah mumpuni dalam bidangnya. bukan siapa saja boleh, tidak kayak sekarang banyak sesat.",Anger
ya syukuri saja biar tidak nyinyir nyebar fitnah. biasa saja lah.,Anger
"jangan cuma beraninya nge-dm doang. buktikan dengan ngajak kita ngeroom, jadi bisa dibuktikan semuanya. tidak semata bualan atau halu saja.",Anger
"nikmatin. saya ada dua yang asli, jarang ada kabar. yang satu lagi malah kadang jadi teman, jadi musuh, jadi teman mabuk dan lain-lain. kesel.",Anger
ada yang mulai sebar bacot. pesan prabowo ke seluruh kader gerindra: jangan jauh-jauh dari ulama.,Anger
"sangat, sangat kesal dan merasa tidak enak. aku biasa memperkenalkan suasana keseluruhan album melalui highlight clip untuk setiap album. tujuannya adalah untuk memaksimalkan dan meningkatkan karakteristik musik secara visual melalui video dengan kualitas terbaik.",Anger
"yang sedang saya alami. kemarin saya ada hubungan sama seseorang. tiga tahun aku sama dia. kita sudah sama-sama dewasa. saya berusaha finansial. tapi dia malah santai kayak tidak mikir gimana caranya. saya sabar, telaten sama dia. tapi dia seenaknya saja.",Anger
pengen mengumpat seperti biasa.,Anger
"serpihan apa. si anis beruntung mewarisi hasil kerja jokowi, ahok, jarot. dia tinggal cengar-cengir gunting pita kayak badut goblok. mrt sudah jadi, busway sudah pakai bis eropa, kampung pulo sudah normal, kalijodo sudah rata. coba sebut satu saja pembangunan si anis yang berguna.",Anger
"kan arteria dahlan cuma wakil rakyat. lah terus rakyat yang punya hak diabaikan begitu saja. kalau begitu tidak usah menjadi wakil rakyat, biar rakyat sendiri yang bertindak dan menindaklanjuti setiap kejahatan dan kasus. kesel bacanya.",Anger
lebih bagus kamu murtad daripada ngaku islam tapi bikin sampah di islam. malah ngotor-ngotorin saja.,Anger
"hebatnya indonesia. tidak cuma pemilunya saja, tes covid pun juga begitu.",Anger
"orang normal sarapannya makanan, larinya ke perut. lah kita pagi-pagi sarapan bikin kepala kejang.",Anger
"ujung-ujungnya jadi bangkai saja, buang-buang duit, tidak guna, tidak ada satu pun proyek yang sukses. kesel, mau tampol.",Anger
"emosi sudah sama cowok yang suka nanya begini. memangnya semua cewek cuma mau naik mobil. kalau dulu pernah punya pengalaman begitu sama cewek, ya berarti emang cewek itu bukan target pasar kamu, bro. cewek juga biasa ke mana-mana naik ojol, bro.",Anger
"itu orang muka badak, merusak nama pp saja.",Anger
"kalau biasa dengar apa kata pastor, jangan ngomongin al-qur'an. lompat pagar namanya. jangan jadi begitu lah.",Anger
"iya, sebagai lulusan fakultas hukum malunya luar biasa dan sangat tidak tahu diri. menyedihkan.",Anger
"lah yang bicara soal hoaks siapa, bos. hoaks itu tentu aturan hukumnya. di sini bahas kelakuan buzzerp yang seluruh berbeda pandangan politik lalu disebut kadrun. kalau soal hoaks ya pasti pidana lah. jangan kau katakan orang kritik ke pemerintah itu hanya menebarkan hoaks saja.",Anger
"aku yang mutusin emang, tapi yang pamit rest emang siapa. tau-tau aku dapat kabar begitu. disuruh keep it private, dikira aku tidak tahu apa kalau dia juga nyindir aku mulu, diam-diam anjing apanya yang diam. kalau ada main qrt gitu, jadi ajang buat jelek-jelekin aku.",Anger
fuck masa lalu. gila pagi-pagi sudah diungkit-ungkit saja si kupret yang dianggap baik.,Anger
"makin hari makin tai palat haha. awal-awal saja itu, lain kalau sudah tidak ada duit, tidak berguna lagi itu bangsa.",Anger
santai saja bang. aku nanya karena memang tidak tahu. di caption fungsinya untuk mengurangi kelelahan. aku baru tahu. cara kerjanya yang tidak tahu. santai ya bang. jangan gampang goblok-goblokin orang.,Anger
"orang cuma bisanya melihat hidup orang lain saja, tapi mereka hidup sendiri saja belum bener.",Anger
aku heran kenapa masih pada bilang funny dan tidak tahu deh apa normal di sana kah. padahal jelas-jelas salah satunya kelihatan tidak nyaman. dan sialan banget pakai ada yang bahas masa lalu. dasar haters dan fans si onoh. bangke pagi-pagi bikin naik darah saja.,Anger
"dichat dia sampai 20 pesan. ternyata tadi aku mimpi, bangsat.",Anger
"lah anjir, kalau sudah biasa manggil adik mah adik saja kali. tidak jelas lu anjir. emang lu saja aneh masih cari pembelaan.",Anger
bubarkan saja. tidak ada manfaatnya. apa kontribusi buat negara. edan.,Anger
"tidak usah mewek. sudah biasa aku lihat kpop keluar masuk. tidak usah lebay tidak jadi lockey lagi karena bias lu out. dalam dunia kpop keluar masuk itu hal biasa. kalau agensi dan denise tidak sejalan, beda kemauan, mau apa lu. mau maksa denise stay. mau maksa vine cegah denise tetap stay tidak bisa. bikin jengkel.",Anger
"pasti profesor goblok satu ini baru saja ngelonte makanya pemikirannya jadi segar gini. bagi orang kafir, ngelonte itu ibadah utama.",Anger
cowok kayak gini alasannya sudah biasa didengar.,Anger
nama satu orang tercemar saja melapor ke polisi minta diusut tuntas. lingkungan hidup dengan jutaan makhluk hidup saja tidak ada yang lapor ke polisi. berarti biota lingkungan ini lebih bisa mawas diri. allah lebih menyukai hamba pemaaf.,Anger
"anjing, korupsi dua koma satu miliar cuma satu tahun empat bulan. apa kabar yang maling ayam karena lapar, karena haknya dimakan pejabat macam manusia ini. indonesia oh indonesia, miris banget negara aku.",Anger
"weh, banget sedih banget anjing. aku campur kesel gegara muka lo kayak orang bego.",Anger
"akibat pernah lihat plat b bawa kendaraan di luar jakarta. ugal-ugalan padahal jalanan sepi kayak dikejar setan, bodoh gitu.",Anger
"tapi kesalnya sih ya itu, ada pertanyaan dari base yang mewakili aku banget, tapi kok sepi banget. aku sudah nungguin padahal.",Anger
sudah kesel dan kecewa.,Anger
"di komplek aku juga gini. kakek jual lap pel memelas cerita sedih, aku kasihan dong aku beli dengan harga mahal, eh besoknya dia begitu lagi ngarang banget jadi aku marahin terus kabur. ada nenek pengemis juga tiap hari aku kasih duit kasih makanan, ketemu di indoapril lagi nuker duit satu koma lima juta per hari.",Anger
"ini boleh tidak sih aku kecewa atau marah sama dia haha. cuma karena aku beli acrylic frame terus pajang pc bareng sama polaroid orang tua, dia bilang gini. apa aku doang yang sensitif ya. dikira ngekpop bikin lupa semua hal, bahkan orang tua sendiri. kamu bikin aku makin tidak mau kenal spesies cowok dasar idiot.",Anger
"aku jengkelnya ke semuanya sih, mbulet kayak benang kusut. btw sudah selesai bacanya. kalau sudah, no spoiler please.",Anger
"sayangnya aku kalau bucin ya mau secakep apapun cowok lain tetap lihatnya kamu hahaha. sedih banget jadi cewek ya, kenapa bucin tolol semua.",Anger
pagi-pagi sudah emosi baca au kesel. tidak boleh ada yang bikin bian kecewa atau sedih ih.,Anger
"kalau ketemu orang dan dia kelihatan murung, coba tanya dia fans mu bukan. mu kalah cuk.",Anger
"aku pagi ini kecewa banget sama gojek. pertama, kode voucher sama sekali tidak bisa di-claim. kedua, alamat yang biasa aku gunakan buat balik malah dititikin jauh banget ke jakarta barat, wkwkwk. gila, gosend yang harusnya tidak sampai lima puluh ribu jadi di atas enam puluh ribu.",Anger
sudah lah aku kecewa.,Anger
yang ngomong mana cita rasa budaya indonesianya. sedih aku lihat orang ngegas tapi kalau disuruh ngaca dianya tidak suka.,Anger
kecewa aku bangsat.,Anger
"aku sudah lima kali approach. semua ke-reject. sedih banget. siap depress. itu lah mau ngomong takut mau approach dulu, tapi efek after approach itu yang masalah. kalau diterima oke, kalau tidak sedih, malu, marah semua ada. dan itu efek ke hidupmu. kadang rasa capek sudah mau hadap.",Anger
sepi conge.,Anger
"baru mau sedih kenapa close, endingnya bikin emosi. semoga hari kamu senin terus.",Anger
"tolong buat siapapun yang memang sudah tidak bisa lagi jadi lockey karena masalah denis, tidak apa-apa aku mengerti. tapi please banget jangan mengajak atau bikin kompor kayak orang bodoh bikin tweet dengan mengajak yang lain buat ikutan. sebab yang sedih bukan hanya kamu tapi semua lockey. bikin kesel aja kayak ampas. makasih buat lockey yang masih bertahan.",Anger
"anjing nih episode tiga sedih banget bangsat, aku nangis sampai hidung mampet. jadi kesel ah.",Anger
"anjing jimin aku sudah mau sedih. sialan kamu ngetiknya kayak gitu mati aja, tidak jelas kamu ji. sudah lah tidak usah dikasih jatah lima bulan aja.",Anger
rame apa sepi nih. kasih info yang jelas napa.,Anger
"suka heran sama orang yang sudah nyakitin tapi tidak ada usaha sama sekali buat mastiin aku sakit hati tidak, kecewa tidak. maksudnya kamu sadar tidak kalau habis nyakitin aku. emang repot kalau kita tidak pernah ngambek, sekalinya ngambek dianggap ya sudah mungkin tidak ngambek beneran.",Anger
mulutnya itu lho yaampun. aku diusir gara-gara main ke homeparty mereka yang kebetulan cuma empat orang doang. aku kira sepi kasihan gitu jadi aku ikut gabung. eh pas gabung malah dikatain.,Anger
"buat kali ini aku tidak ngerti sama jalan pikiran kamu gar. yang jelas-jelas vara lagi hamil, goblok. dan satu lagi buat kamu zara, aku tahu kamu kaget kecewa sama kakak kamu tapi dia lagi hamil anjrit. dan kamu tidak tahu alasan kenapa kakak kamu melakukan itu semua. anjing emosi banget aku.",Anger
"kebiasaan banget selalu bawa member lain, selalu membanding-bandingkan. dikira member lain tidak sedih juga apa.",Anger
sumpah sih makin marah dan kecewa sama daddy.,Anger
"bangke ptmt, kelas aku jadi sepi banget anjir.",Anger
anj anj kesel kecewa banget sama diri sendiri. heuh.,Anger
"habis nonton layangan putus bareng murid-muridnya ya bund. jangan sedih ya. mas aris memang begitu, suka tidak tahu diri, padahal sudah dapat cewek yang kayak ratu.",Anger
ora editan kui ancene wes kene lagi sedih malah disenggol.,Anger
"terlalu cantik emak jadi buzzer, biasanya kusam, kusut dan norak, mana tidak jelas lagi.",Anger
"ihh sama, punya aku juga sudah dua hari masa tertunda terus kesel. tolong dong min ditindaklanjuti, kecewa sih.",Anger
"dan yang memang belum tahu banyak tentang dunia ini. tapi aku merasa sedih dan marah saja. tidak tahu deh rasanya campur aduk. ini saja ngetik sambil nangis. tidak tahu tapi sesak banget rasanya. apalagi kalau ada yang hate-hate komen ke win. aku benar-benar tidak suka, aku sakit hati anjing.",Anger
"aa kesel banget anjing. dia sudah di bandara, gift aku belum siap. ya allah, sedih banget aku sudah tidak bisa menepati janji buat meet up dari desember terus hari ini tidak bisa nganter dia ke bandara, ngasih gift juga tidak.",Anger
"ini segala keresahan aku sudah mau hilang nih. pokoknya pikiran sudah mulai enak deh. tapi entah kenapa fyp aku isinya cuplikan film layangan kusut, ku kira kau rumah. kan anjing, jadi ketrigger lagi. aku mulihin supaya mood aku muncul lagi tuh agak lama banget.",Anger
"aku pernah datang lebih awal, sebelum waktunya malah terus malah dibilang kayak gini kurang lebih ""saking jomblo-nya jadi punya banyak waktu luang ya?"" aku tidak tahu mesti senang atau sedih. jengkel ah.",Anger
"telat kamu ngasih tahu faktanya, min. kalau sebelum pertandingan kasih tahu faktanya kan aku tidak se-kecewa ini.",Anger