Tweet,Label
pengabdian yang terpuji meskipun terlihat biasa,Neutral
baru saja mengirim foto,Neutral
apa kabar dunia twitter? masihkah selucu dan seabsurd dulu?,Neutral
"ya bagaimana ya, ya sudah susul aku dulu kita sarapan bubur di tempat biasa",Neutral
mereka menyuruh beli medium dua set,Neutral
"ayo cek koleksinya, temukan angry draken yang unik di pasar nft indonesia. harga kulit normal: 0,003 ethereum",Neutral
kalau begitu biasa saja aku,Neutral
"dalam tiap-tiap twit, tidak selalu perlu ada pesan moral. kadang yang kita perlukan hanya tersenyum membaca twit lucu tanpa arti untuk memulai hari yang bahagia",Neutral
"halo v, apa kabar?",Neutral
"pagi ruby, apa kabar?",Neutral
beredar kabar haji faisal kini mulai memasang tarif lima juta rupiah untuk sekali wawancara,Neutral
"ayo gas, sudah siap mental siapa saja yang mau pergi",Neutral
"menurut kabar, burung teman aku lagi sakit",Neutral
"sudah biasa sekali kalau dalam mimpi suka membuat keributan, berteriak-teriak, karena ya tahu sendiri mimpi selalu berlawanan dengan perangai biasa kita. tapi masalahnya tiba-tiba mau berteriak dalam logat daerah ke tante dan anaknya karena mereka menyibuk",Neutral
"kalau kfc iya masih ada rasanya, tapi kalau ayam biasa beda kan",Neutral
"dipikir-pikir habis dapat kabar baik, eh langsung dibalik",Neutral
baru saja mengirim foto ngaringan klumpit,Neutral
ternyata bukan aku saja yang diperlakukan seperti itu. perempuan lain juga sama spesialnya di mata dia,Neutral
cukup ke spook di banner senjata sekali saja. tapi paling nanti coba sepuluh kali undian di engulf,Neutral
baru saja mengirim video,Neutral
"tidak aneh kok, kamu dari mana? kalau dekat ayo nonton bareng aku, kutemani. tapi nonton sendiri juga tidak buruk, bodo amat saja toh tidak kenal. awal-awal bingung itu normal banget kok",Neutral
"pagi teman-teman, bagaimana kabar kalian?",Neutral
tidak ada yang komentar ya. aku saja deh. tapi aku dukung situ saja,Neutral
hmm aku rasa sekarang aku lebih baik-baik saja daripada kemarin. tidak apa-apa,Neutral
"admin, kalau ada yang mau main badminton bareng bisa banget bergabung di gor saratoga sore ini jam empat sampai enam sore. silakan bergabung, terima kasih admin",Neutral
biasanya kalau seperti ini jadi penjahatnya jaka sembung,Neutral
"bukan karena kebutuhan, tapi hanya iseng saja. joshua termasuk yang suka bergaul dengan berbagai lapisan masyarakat meskipun jika sudah puas akan menghilang begitu saja. joshua menyelesaikan pencukuran itu. ia segera mengambil sabun khusus dan membersihkan dada gori",Neutral
benda paling sakti saat ini bukan nuklir tapi duit. ia bisa melakukan apa saja. hampir semuanya bisa dibeli,Neutral
"ingat mereka tetap akan menjadi orang baik. mungkin saat kamu dibuat hancur oleh mereka, mereka sedang tidak tahu apa yang mereka perbuat. tuhan saja selalu memberikan pengampunan untuk kita manusia. masa kita sesama manusia tidak bisa saling mengampuni",Neutral
"bahkan rancangan undang-undangnya saja ada yang menentang. ah sudahlah, aku mau muaythai saja biar bisa melindungi diri sendiri",Neutral
pagi yang normal dan sejuk,Neutral
beragama tetapi menganggap mencuri menjadi biasa dengan dalih ikannya kabur lalu diambil saja daripada mati di jalan. miris,Neutral
"aku tahu layanan pengiriman itu lambat, tambah-tambah dari em ke wm. penjual bilang dia kirim tanggal tiga puluh satu januari, tiga februari baru diproses. lalu tertahan. lain kali tolong informasikan dulu kalau mau pakai layanan fleksibel. kalau tidak diinformasikan, aku tidak kisah karena durasinya beda",Neutral
untung sudah biasa mengurus apa-apa sendiri. nilai tambah untuk aku,Neutral
baru saja mengirim foto dari wilayah istimewa yogyakarta,Neutral
"tidak biasa sarapan, adin?",Neutral
"jangan takut mencinta hanya karena pernah terluka. cinta sejati tidak datang begitu saja, tapi melalui proses sedih dan tawa bersama",Neutral
"lagi malas balas pesan whatsapp, mau nonaktifkan tapi komunikasi cuma di situ. jangan sampai tangan gatal buka whatsapp kalau tidak penting. malas",Neutral
"hai, apa kabar? aku harap kamu baik-baik saja di sana",Neutral
biasa saja,Neutral
tidak biasa sarapan rasanya,Neutral
"jika merasa berat melupakan masa lalu, ringankan saja dengan mengingat masa depan bersama orang yang ada di sampingmu saat ini",Neutral
"cuma piala ciki, fokus ke liga champions",Neutral
"diam bukan berarti aku limbad, bisa saja saya bercanda",Neutral
"saling menjaga juga berlaku untuk menjaga pernikahan. ya jelas tentu saja. memastikan keluarga bahagia, semua pihak bahagia, tidak cuma istri tapi juga suami dan anak",Neutral
"biasa saja tahu, gantengan juga kamu",Neutral
seperti biasa cari kegiatan,Neutral
semalam saat hampir tengah malam aku dibuat berteriak tidak jelas sama si golden maknae karena melihat ini. ya ampun sumpah jungkook suka banget bikin jantung anak gadis tidak baik-baik saja,Neutral
mantap saja pak erick thohir,Neutral
"ijab kabul jagalah anakku seperti engkau menjaga ibumu. sayangi dia, cintai dia, dan bimbing dia di jalan yang benar. bila engkau bosan jangan tinggalkan dia sendiri. bila marah jangan kau sakiti. kembalikan saja padaku pada keluargaku. selama aku masih hidup pasti ku terima kembali. kata bapak",Neutral
"di aku berpengaruh, pakai pas malam mau tidur besoknya sudah normal agak mendingan",Neutral
biasanya cuma nambah ongkir dari pemasok ke gudangnya saja. tambahannya tiga ratus won. selebihnya untuk ekspedisi pajak tetap dibagi dengan barangku yang lain,Neutral
aku ngantuk banget kenapa ya? jam tidur dan jam bangun seperti biasa padahal,Neutral
"kalau belum biasa memasukkan pc ke dalam sleeve, mending beli ukuran enam kali sembilan",Neutral
mode biasa mode mengintai,Neutral
"kabar baik juga, sudah sarapan belum?",Neutral
orang yang suka mengganggu biarkan saja. nanti kalau dia capek pasti berhenti sendiri atau diam karena kelelahan,Neutral
"yaa dinikmati saja kalau begitu. selagi masih ada orangnya, disayang saja",Neutral
sprei itu kan biasanya beli ukuran queen kan? kalau pakai ranjang king bagaimana?,Neutral
hari sabtu memang biasa libur. memang ada apa?,Neutral
sebentar lagi setahun tapi sampai sekarang tidak ada kabar,Neutral
"paket wisata karimunjawa baru cuma seratus enam puluh ribu rupiah saja guys, cek infonya",Neutral
"sama, aku masih tujuh belas tahun, tidak pernah ada yang menyatakan cinta, dekat sama laki-laki pun tidak pernah. sejomlo-jomlonya teman aku, mereka masih ada yang suka atau pernah disukai orang. jadi tidak murni jomblo. aku bodo amat sih mau punya pacar atau tidak. sudah biasa sendiri jadi baik-baik saja",Neutral
"masalah adalah hal yang biasa. namun tidak peduli apapun masalahmu, percayalah kamu tidak sendiri karena tuhan selalu bersamamu",Neutral
keadilan akan menang katamu? tentu saja. siapa yang memenangkan perang ini akan menjadi keadilan.,Neutral
tahajud dan dhuha tiap hari saja kekuatannya sudah luar biasa,Neutral
"kalau kata lulusan ilmu pemerintahan yang nyangkut di luar negeri, bilangnya tidak perlulah balik ke indonesia untuk mengabdi. bisa dari mana saja",Neutral
sarapan hari ini dengan seporsi mie instan untuk menemani sunyi setelah kepergian tanpa pesan,Neutral
"eh ini banyak idola yang habis kena c word sudah selesai loh. ini tidak ada kabar sama sekali, halo?",Neutral
tapi rasanya seperti tidak berguna kalau berhenti kerja gara-gara senior seperti itu. itu bukan senior biasa. senior warga lanjut usia,Neutral
ya bagaimana baiknya saja lah,Neutral
"kalau kapan saja bisa, kirim nomor whatsapp dulu supaya kita bisa atur jam berapa saja bisa ya",Neutral
belajar investasi di masa muda,Neutral
tidak tahu refleks saja,Neutral
"halo, pasti lagi cari jasa membuka kunci akun ya? bisa ke yap. membuka semua kasus lima ribu per akun, membuka umur tujuh ribu per akun, membatalkan suspend biasa sepuluh ribu per akun. pembayaran dilakukan di akhir",Neutral
"aurat itu dari bahasa arab yaitu aurah yang berarti aib. jika tidak menutup aurat, sama saja seperti membuka aib sendiri",Neutral
"hai angkasa, aku ada rasa kamu biasa saja",Neutral
"dengan menyebut nama allah yang maha pengasih lagi maha penyayang. joe biden saja mengkritisi ikn tapi pemimpin negeri ini dari partai itu memaksakan ikn. ya bagi yang paham, terima kasih yang berkenan menyebarkan tagar",Neutral
kadang pesan dari allah ada pada orang yang tidak banyak bicara dan sangat sederhana,Neutral
"paket langganan spotify biasa satu bulan delapan ribu rupiah, dua bulan dua belas ribu rupiah, tiga bulan enam belas ribu rupiah, pembayaran melalui semua dompet digital. langsung whatsapp atau dm saja",Neutral
"hai. kamu mau santai tapi tugas menumpuk? solusinya ke sini. segala macam tugas bisa kami bantu, bisa dm atau whatsapp di link bio. testimonial cek di thread. sosial humaniora pendidikan ya",Neutral
santai dulu di kamar,Neutral
"haus, sudah biasa menahan lapar",Neutral
baru saja mengirim foto dari bekasi,Neutral
"baru kenal, baru mau menyapa sudah dilirik tajam banget sampai mau copot matanya. santai saja mbak",Neutral
setiap pesan yang kamu mulai menciptakan secercah harapan,Neutral
"kalau ini benar, jangan dengarkan yang bercanda. santai saja, pasti ada yang menerima kamu asalkan kamu memperlakukan pasanganmu dengan baik. jangan berkecil hati",Neutral
kalah ya,Neutral
berita hari ini diawali dengan politikus korupsi,Neutral
"menjalani operasi pada senin, tiga puluh satu januari. sejak itu ia menerima perawatan rawat inap dan tes pcrnya negatif sebelum keluar dari rumah sakit. jimin tidak menunjukkan gejala luar biasa selama di rumah sakit. dia hanya menderita sakit tenggorokan ringan saat masuk",Neutral
"biaya pelacakan normal enam puluh ribu rupiah. ongkos kirim ems seratus enam puluh lima per gram, air cargo dua ratus enam puluh lima per gram. biaya per pelacakan mulai dari lima ribu per pelacakan. pengiriman rutin. bukti pengiriman dan testimonial bisa cek dm admin",Neutral
"pindah alhamdulillah. tidak jadi pindah juga alhamdulillah. tidak ada pengaruhnya pada saya. tetap mencari rejeki halal sendiri untuk keluarga tanpa harus mengiba, menjilat, mengadu domba antar sesama. pesan dari simbah saya, jangan iri, jangan mudah terkagum, jangan mematikan rejeki orang lain",Neutral
kiri kanan kulihat saja. banyak sahabat tweeps tersayang yang follow akun kecil saya. terima kasih banyak sahabat tweeps tersayang semua yang telah ikhlas follow akun saya meski dengan minimal follow back,Neutral
"andai saja dia percaya. skenario berikutnya adalah akhir bahagia. tapi memang belum diakhiri oleh sang penulis. kuncinya percaya, yang biasanya dipertentangkan sepanjang waktu. saling percaya adalah akhir bahagia dari kemanusiaan. langka di zaman sekarang",Neutral
"oh ya tidak apa-apa, santai saja. terima kasih",Neutral
halo. siapa mau penghasilan tambahan dari hp saja? minat bisa japri,Neutral
eh denise baru bangun tidur dapat kabar seperti ini. apapun yang terbaik deh buat denise,Neutral
"paddy mcnair: luar biasa. kami memulai babak pertama dengan sangat lambat, tetapi kami pantas menang secara keseluruhan. mereka tidak memanfaatkan peluang mereka dan itu memberi kami dorongan. kami berada dalam performa yang sangat bagus",Neutral
pagi-pagi masih ngantuk,Neutral
luar biasa,Neutral
sudah ratusan. apakah baik-baik saja ada seratus empat puluh sembilan lubang bekas tambang di kawasan ibu kota negara nusantara dengan luas dua ratus lima puluh enam ribu hektare. lubang itu dihasilkan dari total dua puluh lima konsesi perusahaan tambang,Neutral
"istilah kuda hitam banyak digunakan dalam sepak bola, seperti tim yang tidak diunggulkan tiba-tiba melejit mengalahkan tim unggulan. disebut kuda hitam biasanya tim hebat di masa lalu yang lama tertidur kemudian bangkit. melalui ahy bisa saja di pemilu dua ribu dua puluh empat bangkit",Neutral
cintailah seorang wanita saja. dua wanita terlalu banyak,Neutral
dulu aku pernah membahas ngerinya jalan lintas sumatera. mau jalan biasa atau tol bagi penjahat tidak ada bedanya. petugas harus lebih bernyali dibanding penjahat di sana,Neutral
dua bungkus saja,Neutral
"daerah beling yang ada. ya namanya juga paling mengabdi, siap di daerah mana saja",Neutral
"selamat pagi kara. tentu saja boleh dong. akan saya jawab ya. auramu cantik dan anggun sekali. saya melihatnya takjub, serius. kita jarang mengobrol ya kara. tapi ayo kapan-kapan kita ngobrol. kamu sepertinya orang yang menyenangkan untuk diajak bicara",Neutral
akhirnya aku sampai pada titik saat melihatmu aku merasa biasa saja,Neutral
"pesanan pribadi untuk pbox sudah kami bagikan di square. bagi yang mau silakan langsung balas di square atau dm ke sini, ditunggu sampai jam dua siang",Neutral
berhenti saja sudah. yang sini tiap hari mandinya pakai air juga biasa saja,Neutral
"memelihara kota saja tidak mampu, apalagi membangun kota",Neutral
itu suster pak. bapak apa kabar?,Neutral
ayah ini saja sudah bikin kacau kita. ya maklum kita biasa mengacaukan dia,Neutral
kasih itu menutupi banyak kesalahan. kasihi musuhmu. bagaimana engkau bisa mengasihi tuhan yang tidak kelihatan bila manusia yang terlihat saja tidak dapat kau kasihi,Neutral
luar biasa ya,Neutral
begitu juga tidak masalah. sembuh sendiri kah? sama sekali dibiarkan dan dibawa untuk aktivitas biasa? hati-hati nanti bisa radang. akhir pekan ini ayuning sudah ada rencana apa?,Neutral
salah bagi orang yang pikirannya negatif terus. beginian sebenarnya biasa saja tapi pasti ada saja yang marah-marah,Neutral
"aku adalah manusia biasa yang pantas untuk dibenci untuk selamanya. tapi aku mau tahu dan ingin bertanya, apakah salahku kepadamu?",Neutral
malioboro itu yang dicari orang jualannya. kalau dipindahin jadi apa dong? jalan biasa saja,Neutral
kita tunggu saja ke depannya. semoga handphone aku masih kuat,Neutral
ganti saja dengan kata komplotan,Neutral
"anonim pak dok, foto profilnya curian, biasa mancing keributan. tidak usah diladeni",Neutral
"kalau menurut etika menaiki kereta yang aku cari di internet semalam, tidak ada yang melarang tiduran di kompartemen kereta. dia lalu tersenyum. asal kau tidak berisik dan mengotori kompartemen, itu saja",Neutral
"hargailah orang yang mencintaimu, karena saat ia telah pergi darimu hanya penyesalan saja yang tersisa",Neutral
"biasa saja. aku malah tiap update di ig story lebih tidak tahu diri caption-nya. tapi disarankan jangan dibawa ke tiktok, warga sana langsung ditelan mentah-mentah. seperti waktu itu jm digosipkan pacaran, si mbaknya langsung diserang netizen indonesia padahal mbaknya juga orang indonesia",Neutral
"melihat story mantan lagi menikah begini doang nih rasanya? ya biasa saja, tidak ada sedih-sedihnya. tidak tahu kalau mantan yang lain",Neutral
seperti biasa,Neutral
"nike ukuran xl, kondisi sangat bagus, ada beberapa lecet kecil, lima ratus ribu saja. untuk detail silakan wa 08225892827",Neutral
"halo, aku bikin akun karyakarsa. yang mau mendukung di sana, boleh saja. terima kasih",Neutral
alangkah bahagianya menjadi manusia yang saat nafasnya terhenti tetapi aliran pahalanya tidak berhenti. apa saja amalan yang bisa dilakukan?,Neutral
tapi menurutku tidak aneh. normal saja,Neutral
setelah putus sama dia tujuh tahun lalu kenapa aku masih saja dimimpiin dia. padahal memikirkannya saja tidak. jadi kangen. apa kabar dia sekarang? apa dia pernah mimpi aku juga?,Neutral
"cuti sudah habis, semua kembali normal",Neutral
baru mulai syuting. tidak tahu kapan tayang. biasa lah kalau drama cina kalau tidak bertahun-tahun tidak sah,Neutral
baru saja mengirim foto dari manyar gresik,Neutral
sabtu ini sudah jadwal bersih-bersih kamar kost karena berantakannya luar biasa. klora di sini sudah memasuki usia tiga puluh tahun,Neutral
"jangan cuma lihat saja, harus bayar juga",Neutral
"pagi hari ini tersedia pijat panggilan di area jakarta. pijat refleksi, pijat tradisional dari jam sembilan pagi sampai dua belas malam. pesan di link wa",Neutral
pura-pura bukan army dan pura-pura biasa saja. sampai rumah baru berteriak lalu menangis lalu melemah. aku vote di 2022,Neutral
"guys, di sini yang biasa suka edit video buat cowok kpop biasanya pakai aplikasi apa ya? makasih",Neutral
"sejak kapan masyarakat mau dilibatkan. sesama anggota dpr saja tidak boleh dan tidak mau dilibatkan oleh beliau, apalagi cuma masyarakat. mungkin sudah pikun. mikrofon dimatikan supaya orang lain tidak terlibat",Neutral
boleh tuh. labu siam kan? ukuran normal atau yang buat lalapan biasanya?,Neutral
baru saja mengirim foto dari depok,Neutral
"urus saja moralmu, eh tagihanmu",Neutral
"saja bro, ini nyata",Neutral
"kalau mau saling mengerti, lakukan saja setelah membuat lawan mengalami hal yang sama",Neutral
"ketika air aki sudah berada di bawah batas normal, segeralah beli air aki di bengkel terdekat",Neutral
"cukup unsurnya? semoga saja rakyat mengambil pelajaran ke depannya, bisa lebih cerdas memilih wakilnya yang menjunjung tinggi etika dan moral, aamiin",Neutral
"jika ada seseorang yang meledekmu jelek, santai saja. bilang padanya kalau kamu bukan cermin",Neutral
"nah ini baru imbang, masa hanya istri saja yang dituntut",Neutral
"aku bisa, biasa ngelaprak juga kak, sini",Neutral
"santai, aku juga gagal tadi lur. habis ini kita makan-makan supaya tidak bad mood",Neutral
santai din,Neutral
mungkin karena orang dewasa sudah biasa menahan perihnya kehidupan. makanya sampo dibuat perih juga,Neutral
hahaa betul. biasa memang lagu untuk tahun terakhir,Neutral
"ketika kamu mengalami cinta sepihak, ya sudah santai saja. kamu akan bernilai tinggi di mata orang yang tepat. semangat",Neutral
tidak aneh kok. kenapa harus aneh? tapi tidak apa-apa kalau sesekali mau coba nebeng sama teman kalau lagi mau nonton. kalau tidak ya tidak apa-apa. santai saja. ada wilayah yang tidak ada bioskop dan itu biasa saja kok,Neutral
woi aku tidak baik-baik saja gemas,Neutral
"morgana kan ganyu dps, normal saja tingkat serangan dan ledakannya enam atau tujuh",Neutral
jadi seenaknya memperlakukan kita. berhentilah berpura-pura seolah semua baik-baik saja. hatimu bukan baja,Neutral
masih pagi sudah mulai senggol sana-sini saja,Neutral
"sudah biasa dipanggil ibu sekarang, ibu bos",Neutral
ketiduran nunggu kabar dari kekasih,Neutral
"biasa, ada maunya manis dulu dukung rakyat. sudah tercapai maunya ya bagaimana lagi. menjelang dua tahun lagi pemilihan manis lagi, terpilih lagi ya begitu lagi",Neutral
"sudah buka guys, biasa kalau mau instan malam baru bisa",Neutral
instagram belum ada kabar tentang anak-anak?,Neutral
"suami menuntut istri taat? tanpa suami menuntut pun agama sudah mewajibkan. suami mengejar nafsunya sendiri itu jelas salah. nafsu harus dikendalikan. seolah-olah kalau tidak boleh poligami, perzinahan ditanggung istri? zina ya zina saja, dosa suami",Neutral
sekarang sudah normal,Neutral
"ia menggeleng heran mendengar candaan gori namun masih tetap menanggapi dengan santai. yakin lah yakin. kalau tidak puas, nanti saya jajanin es krim sehari satu",Neutral
"biasa saja, cowoknya kurang oke",Neutral
"iya, tapi jatuhnya kadang malah mengganggu waktu tidurku sendiri karena sedikit-sedikit bangun lalu tidur lagi. untung saja ada itu, kalau tidak bangun dibangunkan terus sampai bangun",Neutral
"makanya tidak fanatik sama politisi bro. hingga aku yang menilai objektif dikira benci. aku rakyat biasa bro, jadi politisi atau pendukung politisi yang cuma mementingkan pribadi atau golongan saja",Neutral
jangankan untuk sekadar bicara. menatapmu saja aku tidak kuasa,Neutral
apa kabar kawan-kawan,Neutral
negara selalu tidak hadir untuk nelayan. padahal untuk sekadar bertahan hidup saja sudah lebih dari cukup,Neutral
"sudah biasa dengan perangainya, aku sudah hafal",Neutral
"dinilai menyindir, video tiktok maia estianty panen kritik",Neutral
"tidak apa-apa nder, santai saja",Neutral
"sudah seperti hal biasa, tidak sih? kebiasaan begitu",Neutral
oh tentu saja,Neutral
"sabtu rasanya memang seperti akhir pekan tapi tidak bisa santai, ingat tagihan menanti",Neutral
menjadikan seseorang sebagai rumah kedua setelah rumah pertamamu gagal menjadi tempat ternyaman adalah kesalahan terbesar. karena orang yang kau jadikan rumah kedua itu bisa pergi kapan saja tanpa kau tahu,Neutral
"singkat cerita kami sampai di jalan grabag. tiba-tiba jalan dialihkan ke pemukiman warga. di situ kami masih biasa saja, tidak berpikir aneh-aneh. toh pemukiman warga pasti ramai",Neutral
sepertinya akun saya juga diblokir,Neutral
kok ada sih,Neutral
kalah menang dalam pertandingan itu biasa. tapi emyu ini lucu sekali bisa-bisanya kalah sama klub beda divisi lewat adu penalti padahal full skuad,Neutral
"hai, ikut pre-order photopack di mirfa yuk. domisili tangerang. booking slot cuma lima puluh ribu, bisa dicicil santai. bisa bayar pakai qris atau shopeepay later",Neutral
senang sih punya teman seperti ini. lucu. suka sekali mengerjai orang sekitar. tiba-tiba hilang juga. terima kasih orang baik,Neutral
contohlah kerukunan keluarga sulawesi selatan. organisasi besar tapi tidak mencari musuh. dimanapun mereka berada selalu menyelesaikan masalah dengan musyawarah. luar biasa,Neutral
"aku baru mau bilang emak eren saja yang normal, eh baru ingat beliau ada di perut istri pertama",Neutral
semoga jimin cepat pulih dan bisa beraktivitas seperti biasa,Neutral
"pcr atau antigen saja. di dewasa gejalanya ringan, biasanya seperti flu biasa",Neutral
"selamat pagi semua. mohon maaf atas ketidaknyamanannya. kami cek modem dan area normal. mohon gunakan kabel lan dari modem ke perangkat lalu akses situs berita atau youtube. bila sudah, mohon konfirmasi kembali ya. terima kasih",Neutral
ayo cepat beli supaya biasa saja jajanan aku,Neutral
"simpan saja dulu, setelah pensiun dari anggota dpr baru ditindaklanjuti lagi",Neutral
"dulu ustadz atau ustadzah adalah kata serapan dari bahasa arab yang berarti guru. sebutan ini khusus bagi guru ngaji dan ilmu agama, populer di pesantren",Neutral
apple dikabarkan akan meluncurkan iphone dan ipad 5g murah bulan depan,Neutral
di tempat biasa,Neutral
"ada yang salah dalam acara formal maupun informal. saya sendiri mengalami dua kali musibah. tidak dibantu malah dijarah. sebagian pemberian itu biasa, tapi ini perampokan vulgar tidak pakai pikir, di atas kesedihan orang lain",Neutral
sudah biasa kan,Neutral
"kalau mau menjadikan ayat tersebut sebagai hujjah, coba dipahami lagi konteksnya. jangan cuma teksnya saja. di ayat tersebut ada syarat dan ketentuannya loh. tidak asal boleh saja. silakan dijadikan referensi",Neutral
"kerja seperti biasa, gabriela ngapain?",Neutral
baru bangun langsung disapa kabar baik. alhamdulillah,Neutral
"seperti biasa, selalu mencoba dari tontonan youtube yang viewnya banyak. ternyata kali ini tidak mempan",Neutral
susu yang biasa aku minum dymatize. mau?,Neutral
"diam saja, bitcoin lagi naik. nanti tiba-tiba ada yang menanyakan kabar",Neutral
"sangat mengejutkan ya, merangkap jadi apa saja",Neutral
"coba masuk sini. kalau jadi anime, kabar aku bagaimana",Neutral
"2 korintus 3:14 tetapi pikiran mereka telah menjadi tumpul, sebab sampai pada hari ini selubung itu masih tetap menyelubungi mereka, jika mereka membaca perjanjian lama itu tanpa disingkapkan, karena hanya kristus saja yang dapat menyingkapkannya",Neutral
"ayo teman-teman, simak apa saja pernyataan presiden terkait perkembangan covid-19",Neutral
"biasa baterai 20 persen memang harus dicas. kalau tidak turun, ya cepat sekali. aneh juga ya. tapi kalau baterai 100 persen mau turun ke 90 persen lambat sekali",Neutral
tulis saja nama-nama. rakyat kurang lebih dua ratus juta,Neutral
hai! gimana kabar?,Neutral
"kak, kalau buat twitter biasa tetap android kan ya? soalnya punyaku begitu",Neutral
"dokter ratih ayu wulandari, irene mongkar, gobind vashdev, coach yusa aziz, hingga najeela shihab yang merupakan para ahli dalam bidangnya, menitipkan pesan penting melalui buku ini. belahan jantungku menjadi catatan pembuka andien tentang perjalanannya menemukan diri",Neutral
"menurutku, mereka ingin orang indonesia kembali ke budaya leluhur. tentu saja, budaya pra islam sebab zaman kerajaan atau kesultanan islam itu termasuk budaya leluhur kita. itu fakta sejarah",Neutral
apa aku coba bertaruh 50:50 seperti biasa ya? mengetes napas lagi,Neutral
tidak bisa santai kalau pakai blush sampai jengkelan,Neutral
"jangan terlalu banyak memikirkan sesuatu. pikirkan saja apa kepentinganmu dan apa tujuanmu, sisanya lupakan saja",Neutral
"tidak sih, biasa saja",Neutral
"aku saat skripsian. teman-teman sudah seminar proposal, dan aku masih stuck dengan dosen pembimbing yang tidak ada kabar dua minggu. alhamdulillah lulus, masih suka tidak percaya",Neutral
begadang boleh saja kalau ada artinya,Neutral
kita tidak bisa menerima begitu saja orang yang telah mempermainkan kepercayaan kita terhadapnya,Neutral
"ingin tetap menjaga komunikasi sama teman-teman yang sudah menikah. tapi pas sekali ngechat tanya kabar, eh malah ditanya kapan nikah. pertanyaan yang cuma bisa kujawab dengan senyum, atau tidak aku balas",Neutral
"seperti biasa ya, pagi-pagi mules",Neutral
"baik haurraa, dirimu apa kabar ayang",Neutral
"mungkin saja, di mana-mana yang tidak setuju pasti terdengar bersuara keras. semua fraksi dpr hanya pks yang menolak",Neutral
"di fakultas galak-galak banget diteriaki senior. di sini saking baiknya sebelum mulai apa-apa ditanya dulu apa kabar, semalam tidur jam berapa oleh senior",Neutral
"jadi diri sendiri itu tidak harus malu. dinilai itu hal yang biasa. hidup harusnya milikmu, bukan milik omongan orang lain",Neutral
realita tidak mengenakkan anak muda. kita turuti saja,Neutral
agus andrianto menduga berdirinya kerangkeng seluas sekitar enam kali enam meter selama sepuluh tahun itu dibekingi organisasi kemasyarakatan dan pemuda. kita sebut saja pp,Neutral
tidak mengapa untuk tidak baik-baik saja,Neutral
percaya saja supaya yang berbohong senang,Neutral
obat stroke yang paling ampuh adalah bio nerve. pesan di wa 0812-7571-3754 atau 0811-805-663,Neutral
"di tengah ruang yang hening, suara aku mungkin terlalu bising untuk telingamu yang terlalu suka sunyi. walau di kepalamu tetap saja berisik",Neutral
"kamu tidak bisa memaksakan sesuatu yang bukan untukmu. ikuti saja alurnya, berusahalah jadi yang terbaik versimu, selebihnya pasrahkan kepada-nya",Neutral
obat stroke lumpuh sebelah kanan adalah bio nerve. pesan di wa 0878-7763-8496,Neutral
"masalah yang kita hadapi akan memberikan efek dan pengalaman terus menerus. yang penting adalah bagaimana kita menghadapinya dengan tetap menggunakan pikiran jernih dan tidak emosional. karena emosional, marah, dan dendam hanya akan merusak kita sendiri",Neutral
"mama selalu pesan untuk pergi ke rumah sakit buat cek kesehatan. bukan karena tidak sayang, tapi karena terlalu sayang aku ingin selalu ada bersama orang-orang yang aku sayang. insyaa allah aku masih kuat. doakan ya, doa mama itu yang paling hebat",Neutral
bergabung langsung bisa pakai nama sendiri. bisa buat buka sharing grup whatsapp di line. tersedia lima slot. gratis foto saat barang tiba. promo untuk gudang langsung cukup bayar tujuh puluh ribu untuk bulan februari hingga april. murah dan sangat layak,Neutral
silakan yang butuh tempat santai bersama teman dan saudara. warung makan buka mulai pukul sembilan pagi sampai sembilan malam. jangan sampai kehabisan masakan ayamnya yang lezat dilaburi sambal bawang yang nikmat,Neutral
di taman nasional wasur kanguru kecil atau walabi yang biasa disebut saham relatif mudah ditemui. perburuan tradisional yang sejalan dengan prinsip keberlanjutan diizinkan. perburuan yang merusak jadi tantangan,Neutral
"yang bertanya saja lewat, tapi yang biasa tidak, kenapa begitu",Neutral
"aku tidak kenal anak mipa tiga, tidak kedengaran kabarnya",Neutral
benar sekali. aku harus sering bermain dengan anak rumah lain. aku seringnya bertemu dengan gryffindor karena keluargaku ada yang dari gryffindor. kalau begitu maukah kau jadi temanku?,Neutral
"ingin mencari trofi tapi malas bertempur? bot kami menyediakan fitur pencarian otomatis trofi, sniping trofi, yang dengan mudah bisa memenangkan banyak trofi dengan pasukan sedikit. minat? cek bio dan pesan sekarang",Neutral
"ibu dari biologi, ayah dari pertanian. untung nama anaknya normal-normal saja",Neutral
bukankah kamu lelah? atau ada sesuatu di pikiranmu? jangan memaksakan diri terlalu keras. semua akan baik-baik saja,Neutral
apa kabar kalian di hari sabtu ini? baik kan ya,Neutral
"ku terbangun lagi di antara sepi. hanya pikiran yang ramai mengutuki diri. tidak bisa kembali untuk mengubah alur kisah. ketika mereka meminta tawa, ternyata rela tak semudah kata. tidak perlu khawatir, aku hanya terluka. terbiasa untuk pura-pura tertawa, namun bolehkah sekali saja aku menangis",Neutral
"perahu sudah tersedia, payung pun sudah ada, hanya menunggu hujan dari langit saja. apa kabar mak aji sayang",Neutral
"semakin besar masalahnya, semakin dia akan berpura-pura bahwa dia baik-baik saja",Neutral
"temanku kalau ngechat pakai salam assalamu'alaikum ke aku rasanya aneh. maksudnya aku tidak menilai dia terlalu baik atau apa, cuma aku merasa kita tidak sedekat itu. padahal aku ingin di-chat biasa saja seperti memanggil nama seperti ke teman lainnya",Neutral
"pagi lagi~ [menepuk kepala sekilas] hmm, aku rasa biasa saja. namun aku terlalu lelah merapikan tasku kemarin, sampai tertidur di stasiun. untung saja aku dibangunkan. kamu sendiri, apakah ada kendala?",Neutral
teman dunia nyata aku kalau lihat ini anggap saja tidak lihat ya,Neutral
"petai cina ampuh menurunkan gula darah. nah, siapa yang suka makan petai cina? ayo ngacung. aku suka banget. yuk kita simak manfaatnya dari infografis berikut",Neutral
"kalau aku biasa pakai pengharum ruangan otomatis, tapi karena rusak ganti yang manual semprot. harum yang aku suka rose garden. semprotkan di sudut kamar saja. kalau ada makanan, tutupi dulu makanannya supaya tidak kena semprotan",Neutral
"untuk yang mau pesan kerudung, silakan",Neutral
"admin, tidak usah bolak-balik tanya lampu modem. ini masalah jaringan. modem normal. mati sejak dini hari tadi",Neutral
nanti ya kalau lagi santai,Neutral
"demi keamanan data yang dimaksud, mohon kesediaan bapak untuk mengirimkan pesan ke email mandiricare.co.id atau menghubungi mandiri call 1400 untuk pengecekan lebih lanjut. semoga sehat selalu",Neutral
"pula diboyong pada pepatah; wahai, datanglah. kami tumpahkan pesan bergerigi, kami serakkan pesan sebelum mulai berotasi. pastikan pedoman ini sampai di tujuan",Neutral
"biasa roti, atau makanan ringan lainnya",Neutral
tentu saja. tidak ada,Neutral
tentu saja tidak,Neutral
"biasa saja dong, kak te, tatapannya",Neutral
"karena bonek tidak hanya mendukung persebaya saja, tapi persik, persela, psis, persis, pss, psid jombang. ini bukan basis ya, tapi sengkuni mengadu domba",Neutral
kabar dari kamu selalu aku tunggu,Neutral
"prioritas utama aku sekarang kazuha, padahal dia belum ada kabar",Neutral
baru saja mengirim foto dari kecamatan sanden,Neutral
"ya allah, beri kabar baik untukku hari ini",Neutral
"biasa sebelum keluar dari ruang dokter gigi, dicek dulu. kalau lebih, suruh potong dengan cutter",Neutral
"halo, apa kabar? sampurasun. bagaimana kabarmu om? suksma. narah gerotelo. bagaimana kabarnya?",Neutral
si bebe apa kabar ya?,Neutral
satu hal lain yang perlu dibahas adalah agenda politik dalam plot film ini yang terlihat jelas dari awal hingga akhir. kami lebih memilih menikmati filmnya saja,Neutral
chris wilder: malam ini adalah malam luar biasa untuk klub sepak bola ini. tidak ada perasaan lebih baik daripada memenangkan laga piala fa di old trafford pada jumat malam seperti ini,Neutral
"ingatlah rekan dan partner, ini sabtu santai. nikmati",Neutral
fokus saja pada apa yang bisa kita kendalikan,Neutral
"karena mereka itu kadal gurun, hidupnya brutal dan rusuh di permukaan. begitu didekati langsung lari ketakutan mencari lubang",Neutral
"baru saja diresmikan presiden jokowi, waduk pidekso giriwoyo wonogiri menelan korban. seorang bocah tenggelam terperosok ke dalam bekas galian",Neutral
pejabat yang membuat hoaks tolong dipenjara. hukum jangan hanya berlaku untuk rakyat kecil,Neutral
"jadi fansmu sudah biasa kalah, mentalnya kebal",Neutral
"heran banget langganan luka kena pagar kosan kalau mau mudik, padahal hari biasa tidak pernah",Neutral
"di film your trust (2018), terlihat harmonis tapi meninggalnya sang kakek membuat keluarga besar hancur hingga berujung pembunuhan berantai",Neutral
iya benar sekali! nanti siang aku pesan,Neutral
"anak penguasa, siapa berani melawan? kpk saja melempem. polri dan kejaksaan bisa-bisa dicopot kalau mengurusi dua orang ini",Neutral
"kuncinya satu, perjuangan atas nama bangsa dan negara, bukan atas nama pemimpin atau partai saja. tetap fokus menjaga nkri",Neutral
"jangan sekali-sekali memasuki wilayah sembarangan, karena kita tidak tahu ada apa di dalamnya",Neutral
"cermin itu sudah lama pecah, jangan bilang ""serambi mekah"", sebut saja aceh",Neutral
"tentang budi pekerti, islam menempatkan toleransi sangat penting dalam kehidupan sosial. jangan saling mengganggu dan menghina agama lain",Neutral
"lupakan saja, kawan. on time bukan budaya kita. aku juga begitu, kalau tidak on time hati gelisah, pas on time malah sepi",Neutral
"09.23 simpang tengkawang: antrian kendaraan normal di semua arah, lalu lintas lancar",Neutral
"kangen mawar juga, kamu apa kabar?",Neutral
"apaan weekend, ini mah seperti hari biasa, banyak tugas",Neutral
sama. aku biasa jalan di pinggir sambil bilang maaf,Neutral
"aku ini multitasking, hanya tertutupi rasa malas jadi tidak terlihat bakatku",Neutral
beri sanksi sosial saja,Neutral
yang biasa terus dikasih bonus karena bertahan dengan yang biasa,Neutral
baru saja mengirim foto dari kantor badan pertanahan parepare,Neutral
sebenarnya ikn itu hanya trik saja agar kasus korupsi dan kasus lainnya tertutupi. apakah mungkin pembangunan ikn selesai dalam dua tahun? dari situ saja sudah terbaca kebohongannya,Neutral
"coba tebak, siapa yang baru saja tersingkir dari fa cup? inisial emyu",Neutral
"masih ada nilai pretest praktikum, nilai mata kuliah, ip semester, ipk. nanti kerja ada target kantor. kalau pns ada iku, skp. kalau dosen ada bkd. jadi masih banyak nilai lainnya. santai saja",Neutral
kalau begini bagaimana supaya seperti normal lagi? uang!,Neutral
"tidak ada yang menonjol, semua biasa-biasa saja",Neutral
"normal lah itu, aku kena tolak",Neutral
"salam, phia. perkenalkan saya gading baskara, biasa disapa gading. sudah ada agenda apa untuk akhir pekan?",Neutral
"kalau kecil kekuatannya seperti manusia biasa, kalau besar kekuatannya ikut ukuran badan, tapi geraknya lambat dan tidak tahan lama",Neutral
lagian ngirim cuma pesan. ngirim uang lumayan bisa buat beli kuota untuk bales pesannya,Neutral
"siapa saja yang allah kehendaki kebaikan padanya, allah akan menimpakan musibah atau cobaan padanya (hr. bukhari)",Neutral
"halo admin, mau tanya syarat untuk terbang dari juanda ke kualanamu, kalau sudah vaksin dosis dua cukup pakai antigen atau harus pcr ya? dan tesnya bisa diambil di luar atau disediakan di bandara? karena saya naik penerbangan pertama besok. terima kasih",Neutral
tentu saja,Neutral
"sudah masuk perencanaan, tinggal menunggu saja",Neutral
penghargaan ini untuk gubernur sebelumnya. anies hanya menerima saja. colek pdip,Neutral
biasanya kalian mengadakan space ya?,Neutral
"09.21 simpang muara: antrian kendaraan normal di tiga kaki simpang, situasi arus lalu lintas lancar",Neutral
"oke, saya berangkat sendiri saja",Neutral
"betul, aku juga begitu. mikirnya nanti kalau sudah menikah mau konsultasi kehamilan pakai dokter yang biasa dipakai keluargaku",Neutral
"habis nonton hololive, suara courtney stabil banget. kalau kelakuannya normal mungkin aku sudah ngefans",Neutral
"hidup hanya sekali, jadi nikmati saja kawan",Neutral
"normal, german pro globohomo tidak tahu ya, kasih tahu aku",Neutral
"kalau ditanya mau lanjut di mana, masih normal sih. mungkin temanmu cari semangat",Neutral
"saya setuju dengan semua pernyataanmu tadi, hanya saja khusus untuk indonesia implementasinya berat. pemerintah pun sulit membuat kebijakan seperti itu karena banyak pertentangan, baik verbal maupun fisik",Neutral
kehilangan satu anggota saja sudah sakit hati luar biasa,Neutral
"empire of corpses, ceritanya tentang ilmuwan yang berusaha menghidupkan kembali orang mati. tapi tentu saja orang yang dihidupkan itu tidak sempurna. jadi dia melakukan perjalanan memecahkan misteri terakhir dari penelitiannya",Neutral
biasanya jam segini sudah otomatis tawar,Neutral
"ada yang terlihat tenang padahal sedang berantakan, ada yang terlihat bahagia padahal sedih luar biasa",Neutral
"mamak santai sejenak, bocil jalan kaki bersama ayahnya",Neutral
"saya dapat cerita itu dari mendengar kajian ustaz hanan attaki, bukan dari hasil baca sembarangan atau googling atau dari bible. kalau asumsi saya salah, anggap saja itu pertanyaan dari pikiran saya yang dangkal. terima kasih",Neutral
ditunggu kabar baiknya ya,Neutral
"bisa, dibungkus plastik setelah dibaca. harus dijaga suhunya kalau mau halaman awet. ada yang pakai ziplock, ada yang pakai plastik bening biasa. kalau sudah terlanjur kuning, bisa dikurangi kuningnya dengan cara diamplas pelan-pelan",Neutral
sudah normal lagi dong,Neutral
"itu sayur apa saja, pak dhe?",Neutral
"angin laut yang menerpa tubuhnya terasa dingin, namun tidak lebih dingin dari apa yang biasa ia hadapi. mantel tebal seragamnya membantu menjaga kehangatan. ia dengar, tempat tujuan mereka tidak akan sedingin ini",Neutral
"sibuk sekolah dan kegiatan organisasi. sayang, awal tahun kamu apa kabar?",Neutral
boleh ikut. apa kabar ratu?,Neutral
"kangen, apa kabar?",Neutral
"nanti malam mau dicoba lagi, semoga saja takdir mempertemukan lagi di alam mimpi",Neutral
diberi keistimewaan malah memalukan. apa kabar komisaris ahok?,Neutral
"hai sobat bri, pesan telah kami respon melalui dm. akun resmi bri ada centang biru dan channel resmi di whatsapp hanya nomor 08121214017. terima kasih",Neutral
assalamualaikum. semangat pagi. semoga hari ini diberikan rezeki berlipat ganda. amin. semoga ada rezeki dan kabar baik hari ini. amin,Neutral
luar biasa,Neutral
"perbuatan salah adalah biasa bagi manusia, tapi perbuatan pura-pura itulah yang menimbulkan permusuhan dan pengkhianatan",Neutral
"halo halo, apa kabar",Neutral
alhamdulillah jimin sembuh dan sudah pulih. ini kabar yang indah,Neutral
sebab dia extra shot. espresso shot-nya sama banyak dengan americano. sebab itu rasanya pahit kalau tidak biasa,Neutral
apa kabar semester delapan?,Neutral
bagaimana cara menonaktifkan karyawan yang mengundurkan diri dan apa saja persyaratannya?,Neutral
ada dunia yang lebih indah walaupun kecil di dalam semesta yang luar biasa ini,Neutral
"oke, jangan berlebihan. sewajarnya saja",Neutral
"makan mangga normalnya kalau sudah matang tidak perlu ditambahkan apa-apa, sudah enak. kalau masih pencit (belum matang), harus ditambah gula merah, garam, asam jawa, cabe, dan lain-lain. kebanyakan tambahannya karena makan yang belum matang",Neutral
"dunia sudah hampir perang dunia. hidup kok masih halu parah, mbak. mending urus keluarga. harta yang paling berharga adalah keluarga. biarkan saja orang mau cari bahagianya sendiri. jangan diganggu",Neutral
padahal vaksin kedua biasa saja,Neutral
"halo admin, kenapa sekarang ada stasiun yang tidak bisa tap in/tap out dengan tapcash? saya tadinya biasa pakai tapcash untuk pp dari stasiun tigaraksa. sejak bulan januari tidak bisa lagi",Neutral
"walaupun saat ini cuma bisa memilikinya lewat mimpi, tidak apa-apa. semoga suatu saat nanti mimpi itu jadi nyata",Neutral
"tetua kampung bercerita bahwa dulu saat wabah kolera menyerang, banyak orang meninggal sampai kuburan penuh. hampir setiap hari ada kematian. dibandingkan cerita itu, jumlah orang meninggal di kampung-kampung sekarang masih normal, tidak ada lonjakan berarti. hapus saja status pandemi ini",Neutral
"kritik untuk faisal bakri, oligarki sudah ada sejak orde baru. jangan diframing hanya ada di zaman jokowi saja. judulnya saja sudah tidak jujur",Neutral
"jadi kalau banjir, macet, polusi, jangan salahkan gubernur lagi. mau kim jong un jadi gubernur pun tetap begitu. salahkan dirimu sendiri kenapa masih mau tinggal di jakarta. salahkan tuhan kenapa menciptakan kamu",Neutral
"kenapa pusing dari chat biasa saja, ujung-ujungnya ""kapan ketemu jodoh?"" ya iya lah umur 30 tahun. ya allah semoga aku dijauhkan dari sikap merengek soal jodoh, desperate ingin nikah",Neutral
"karena kamu tidak terburu-buru, saya baru tersedia sekitar bulan maret. bulan ini saya hanya menerima sewa per jam saja. silakan hubungi ibunda saya kalau ada pertanyaan. semoga harimu baik",Neutral
kabar baik,Neutral
sekarang berita duka sudah mulai banyak di grup whatsapp lagi. teman saudara lama tidak berkabar tiba-tiba kasih kabar duka,Neutral
aku minta maaf karena memberitahu semua orang soal ibumu. aku kangen menjadi temanmu. kamu baik-baik saja? aku melihatmu lily,Neutral
rampok rumahnya saja kalau begitu,Neutral
"doakan saja mana yang baik. saya sebagai masyarakat hanya bisa berdoa. bila ada kecurangan, semoga di hari akhir azabnya diberikan yang pedih dan dimasukkan ke neraka jahanam",Neutral
"kemarin kepalaku pusing terus badan greges, jadi tidur saja pilihanku. apakah sudah makan sebelumnya?",Neutral
"berkarir internasional saja, bro. kalau nasional politiknya berat",Neutral
"baiklah, begini contoh yang baik. nanti saya bagi upeti diam-diam saja",Neutral
spill saja mint,Neutral
"tidak kok sunbaenim. aku orang baik budiman, cuma memang tingkat hormon isengku di atas batas normal",Neutral
seperti biasa,Neutral
cuma drop biasa,Neutral
biasanya kamu yang kalah,Neutral
"sebenarnya sederhana saja untuk sampai pada kesimpulan. manusia dilahirkan dalam keadaan fitrah (suci). orang tuanya yang menentukan warna kehidupannya. kalau dirawat berdasarkan kitab suci, maka anak akan cenderung baik",Neutral
"09.20 simpang agus salim: antrian kendaraan normal di tiga kaki simpang, situasi lalu lintas lancar",Neutral
"tidur normal, tidak begadang, melihatmu membuat hidup lebih bahagia",Neutral
"orang privilege saja merasa air evian itu biasa-biasa saja, tidak semahal yang lain",Neutral
menghayal menunggu masa di mana covid setara dengan masuk angin biasa dan cukup diobati dengan minum obat atau kerokan. sambil menunggu masa itu tetap jaga kesehatan dan taat prokes,Neutral
"mereka tidak akan pernah telusuri tuntas makna kisah dan ayat alquran. seperti biasa, ambil sepotong ayat lalu sebarkan untuk menjelekkan islam",Neutral
boleh dong. aku juga biasa sore,Neutral
punya kelebihan firasat mungkin itu kebetulan saja,Neutral
"termakan sumpah. kartu undangan berwarna merah terlempar begitu saja. secarik kertas itu bagaikan musibah besar yang membuat kepercayaan diri sarah nyaris lenyap. satu per satu sahabatnya menikah, sedangkan dia masih betah melajang",Neutral
"dari luar aku kelihatan baik-baik saja, tapi pikiranku kusut. rasa bersalah, overthinking terus",Neutral
sebuah pengalaman luar biasa menyaksikan bahwa teknologi belum ada apa-apanya dibandingkan gejala alam,Neutral
"kalau posisinya seperti sender, aku biasa saja sih. dia juga sudah jelasin baru lihat linenya. kan tidak semua orang tahu line kamu nder. dia juga minta maaf",Neutral
"dan sama saja bagi mereka, apakah engkau memberi peringatan atau tidak, mereka tidak akan beriman juga (qs. ya-sin 36:10)",Neutral
"pesan saya kepada orang ahli agama atau ulama, berdirilah di jalur ilmu yang tegas dan benar. jangan abu-abu. partai hanya butuh kalian saat butuh suara. sifat demikian itu munafik dan licik",Neutral
"teman-teman, boleh saranin micellar water untuk kulit normal ke kering yang sensitif terhadap fragrance? terima kasih",Neutral
saat cuti memang sering ada hal tidak kena. ada saja kekacauan. tidak tenang rasanya,Neutral
bagaimana cara menonaktifkan karyawan yang mengundurkan diri dan apa saja persyaratannya?,Neutral
"sudah biasa, ending dari sebuah kesabaran itu air mata. orang yang terlalu sabar ujung-ujungnya pasti menangis",Neutral
"halo kak ryan. dikonfirmasi dulu, apakah hanya saat akses apple tv saja atau akses lainnya juga?",Neutral
"apa kabar es doger 71m? bisnis laundry 28m? kpk-nya takut usut, enaknya",Neutral
tahu fantasi? campuran telurnya aku biasa pakai putih telur saja,Neutral
itu normal untuk semua verifikasi investasi,Neutral
"aku juga tidak jajan pakai uang sendiri, biasa minta orang tua, tapi kok bisa hilang ya",Neutral
terima kasih,Neutral
dengar kabar kageyama jualan baju koko di tanah abang,Neutral
apa kabar? jangan lupa sarapan,Neutral
pas mau menikmati weekend tiba-tiba di awal weekend dapat kabar yang bikin harus banting setir ganti jadwal. tetap enjoy,Neutral
"tapi gaji guru dan tu honorer masih jauh dari sejahtera. kerja harus penuh, bagaimana? suruh pindah saja dari jabar?",Neutral
respect sama kamu mampu menahan tim terbaik bournemouth adu penalti saja,Neutral
"hubungan dengan keluarga mertua oke saja, tidak ada masalah. saya tegur saja semua ipar dengan biasa, buat baik dengan semua orang, tidak peduli orang itu suka atau tidak. yang penting jangan sibuk urusan hidup orang lain dan jangan ikut campur. kalau ada yang mengadu masalah rumah tangga, layani saja",Neutral
"pendaftaran ut bisa lewat snm tidak? trivia: pada statistika inferensial, distribusi normal disebut juga distribusi gauss",Neutral
"biasa saja, karena ada nama kembaran aku si haechan jadi terasa luar biasa",Neutral
"setibanya di jerman di studio, syuting berjalan seperti biasa. cuma acong melihat gelagat zema mulai perhatian ke jerman. maklum insting bencong. beres syuting tiba-tiba zema bilang mau break dulu dari semua kegiatan syuting dan mau ke bali, kata jerman",Neutral
sudah tua masih bingung saja cari identitas diri,Neutral
sudah aku maafkan,Neutral
"bukti jelas, orang muda tidak selalu lebih baik. bisa saja berpemikiran dan bertindak seperti dinosaurus. kita sepatutnya bebas mengkritik dan bersedia dikritik. hujah dibalas hujah, bukan serangan pribadi. memalukan",Neutral
"terserah mau bagaimana, saya cuma ingin kehidupan normal",Neutral
"mau yuk, boleh offer sesuai budget saja",Neutral
"orang pasti bilang aku banyak diam. memang iya, aku banyak bicara hanya dengan orang dekat saja. di acara keluarga aku lebih diam, takut salah bicara. jadi senyum saja lalu selfie buat kenangan",Neutral
"bukan cinta atau suka, tapi lebih ke persaudaraan yang sempat terjalin. jangan sampai lepas begitu saja. aku masih mengingatmu dan tidak akan lupa kebaikanmu. aku tunggu di salatiga. semoga kamu baca ini",Neutral
"sebenarnya zus tidak terlalu enak, biasa saja. kalau kopi banyak cabang, tetap cbtl yang paling enak",Neutral
walah ketahuan para tidak normal,Neutral
halo! tahukah kamu bahwa terdapat bukti sars-cov-2 bisa menginfeksi hamster? yuk ketahui apa saja tentang infeksi sars-cov-2 pada hamster,Neutral
nonton satu episode saja belum selesai,Neutral
"sejujurnya, tidak sedikit yang begini. ada kasus begini sudah biasa saja. maaf-maaf",Neutral
"halo ka rbfmsulbar. mau request lagu queen_jacks ""5 menit saja"" dong, puterin ya. terima kasih",Neutral
dia biasanya pergi olahraga sendirian,Neutral
hari ini hanya tiga katapat 14 3/6,Neutral
kalau segini katanya tidak worth it lagi. apa kabar hpku wkwk tidak apa-apa,Neutral
"detektif yang menangkap pelaku tapi membiarkan pelaku bunuh diri, sama saja dengan pembunuh – conan edogawa",Neutral
"masih harus bayar, itu beban. tapi kalau disebut tagihan, itu berlebihan",Neutral
duitku hilang lima puluh ribu di kotak tempat biasa aku simpan uang,Neutral
"siapa saja yang mengajak kepada kebaikan, dia mendapat pahala seperti pahala orang yang melakukannya (hr muslim)",Neutral
mana mungkin? secara peringkat fifa saja jauh. mentok paling divisi dua eropa atau mungkin trial tiga bulan,Neutral
kasih contoh saja bagaimana menghormati ulama dan tidak mengkhianati pemberi amanah,Neutral
iya ada itu tapi tidak tahu efeknya. aku biasa pakai yang ini saja,Neutral
ayo jadi ikan saja,Neutral
"kalau kamu sanggup sewa kamar, hidup sederhana, makan roti atau mi instan setiap hari, menikahlah. kalau sudah terbiasa hidup nyaman dan tidak mau susah, simpan uang dulu",Neutral
"kadrun ngebet mau melengserkan jokowi. yang tidak bisa kerja saja tidak lengser, apalagi presiden berprestasi",Neutral
"namanya juga khilaf. biasa saja, min",Neutral
"makanya aneh sekali. bukan soal punya anak atau tidak, aku memang anti kekerasan. dan dia anggap normal membentak atau mencubit anak",Neutral
"mulut rani kempot saking nafsunya mengisap permen blaster, dan benar saja, tak lama cairan kental dan manis tumpah ke mulutnya",Neutral
"ruangan favorit selama jadi mahasiswa. hampir seharian di situ, pulang ke rumah cuma buat tidur. duduk di koridor mandang langit senja. kangen masa-masa itu",Neutral
patrick wilson sebagai astronot dan john bradley sebagai whistle-blower patut diacungi jempol. tapi tentu saja akting halle berry tetap juara karena profesionalitas dan jam terbang,Neutral
ld scratch normal dihitung smol damage ya? aku domisili jakarta,Neutral
"betul phi! sudah tidak pernah perhatikan tanggal, rasanya ganti hari ya biasa saja",Neutral
"iya tidak apa-apa, santai saja",Neutral
"cuma drop biasa, terima kasih",Neutral
fokus saja di satu bidang sampai mahir. itu akan membawa kesuksesan. untuk konsultasi pelatihan hubungi permatagroups,Neutral
"iya, kalau sudah biasa seperti itu, harus dibiasakan dari kecil",Neutral
"iya, mungkin karena kecapekan, tapi biasa saja, pengen tidur cepat",Neutral
"kalau berpikir mau ganti jokowi, diganti siapa? karena semua sudah didesain. berdoa saja pak jokowi sehat sampai akhir masa jabatan",Neutral
"katanya yang aktif akan normal lagi setelah 14 februari, benarkah?",Neutral
"karunia pekerjaan. siapa pun anda yang bekerja di perusahaan atau pemerintahan, jika ingin pekerjaannya membawa berkah, buku ini bisa menjadi wawasan mencerahkan",Neutral
"kalah sudah biasa, menang kaget",Neutral
"dalam mengobrol kita tidak harus jadi pelawak, cukup berikan pesan kita bukan orang sangar",Neutral
kita saja yang lalai,Neutral
mari ngewibu saja,Neutral
"selamat pagi juga teh, bagaimana kabar pagi ini? semoga tuhan memberikan kesehatan dan melimpahkan rezekinya",Neutral
hanya orang biasa dengan mimpi yang biasa saja,Neutral
semoga saja menang,Neutral
"syafi'i ma'arif pernah berkata bahwa budaya arab adalah rongsokan, tapi diadopsi banyak warga indonesia. kita pakai logika saja. pernyataan jenderal dudung sangat logis dan bagus untuk menggerus budaya rongsokan dari arab",Neutral
apa kabar presiden?,Neutral
"makan apa hampir tiga puluh dolar sekali? kayaknya semahal-mahalnya makan biasa di sana sepuluh dolar, itu pun jarang. biasanya makan di bawah lima dolar saja",Neutral
"tidak apa-apa nak gala, ibu tahu kamu di jakarta pasti banyak urusan. saya menunduk, meratapi bagaimana seharusnya saya bertindak. dua hari lalu saya tidak bertukar kabar dengan embun",Neutral
"saya dirundung banyak sekali tanya dalam satu waktu di ruang yang menyesakkan benak, tapi bibir enggan berucap. memilih bungkam, menurut saja dengan perintah otak",Neutral
"meski sudah tiada, jasa glenn fredly dalam industri musik tanah air sangat luar biasa. karya-karyanya masih hidup di hati masyarakat indonesia",Neutral
alhamdulillah kabar baik,Neutral
"tapi makin banyak yang paham. saat heboh delta, banyak teman saya merawat orang tua di rumah saja, alhamdulillah sembuh. biarkan dibilang hoaks, kita tetap bersuara. biasanya harus merasakan dulu baru paham",Neutral
"juli tidak terlihat dirimu, habis ke mana saja?",Neutral
"biasanya begitu kalau habis ke-lock, bakal balik kok",Neutral
"jumat 28 januari 2022 tes antigen hasilnya negatif. santai saja. senin sidang offline, ketemu banyak orang sampai malam. selasa ngurung diri di kamar. rabu sore ke rumah teman ambil barang. pulang malam juga",Neutral
"siapa saja yang allah kehendaki kebaikan padanya, allah akan menimpakan musibah (ujian/cobaan) padanya (hr. bukhari)",Neutral
"aku kurang tahu kalau pesan kedua, karena jujur membingungkan. tapi yang tentang kucing maksudnya jangan biarkan masa lalu menahan kamu. kucingnya tidak mau meninggalkan rumah, tetap ingin memperbaikinya",Neutral
biasa kan dari dubai jadi istimewa,Neutral
baru saja mengirim video nagari durian tinggi - kapur ix,Neutral
"hah, iyakah? masya allah. ya sudah kalau memang sibuk sekali tidak apa-apa, fokus dulu. wajib balik pas hari h ya, ditunggu kabar bahagianya",Neutral
"baru lihat kabar denise, astaga",Neutral
sebaiknya diberi penghargaan saja,Neutral
"sampai 2024 selama rezim berkuasa, baju merah super kebal hukum. apa kabar koruptor berbaju merah bansos?",Neutral
yang begini biasa laki mokondo,Neutral
"kurasa kita akan sering bertemu langsung. tunggu saja, aku sudah menonton video sorotannya. tunggu sampai jam lima sore. ini hari jumat dengan dua konten sekaligus",Neutral
masuk sekolah seperti biasa,Neutral
"pasti kamu punya adik ketemu gede ya, makanya kamu tidak biasa manggil adik. kamu biasanya manggil nama",Neutral
"haii, po di mirfa yuk. dp seratus ribu, book slot lima puluh ribu saja, bisa dicicil santai. domisili tangerang, bisa shopee all payment",Neutral
"ada, biasa bikin cerpen, no copas, berpengalaman jadi penulis. bisa cek testinya",Neutral
"pagi cesi, apa kabar?",Neutral
"siap, kalau mau nanya, langsung ke intinya saja",Neutral
aku selama dapat nilai tidak remedial disyukuri saja,Neutral
"oke, karena salah ukuran pas beli, kita jual saja atau tukar size xl atau l. sabii jersey home timnas indonesia 2020 size 2xl, lokasi cibinong pakansari, harga 320 ribu, baru free ongkir se-pulau jawa. foto hanya pemanis, barang asli masih terbungkus plastik",Neutral
"belum, bahkan sudah bertahun-tahun belum pernah lihat shanks bertarung. saya sudah ikut dari sma. boleh dm saja, saya sering nonton ulang. daripada gabut, mending nonton one piece, episodenya banyak jadi santai nontonnya",Neutral
"baru sadar, bentar lagi ramadhan. kalau grafik naik bukannya sudah biasa? korban agen konspirasi global dunia terbalik",Neutral
"aku sudah open seperti biasa. yuk yang mau order langsung dm atau wa aku, have a nice day guys!",Neutral
"kakak jangan dibaca, anggap blur. nyatanya kamu tetap cantik kok. biasanya yang gitu malah kalah cantik",Neutral
"kak ica, apa kabar?",Neutral
yang bikin unik itu angle pengambilan gambarnya. itu batu biasa,Neutral
"yang aku suka dari 11t pro hanya charge cepat. kurang dari dua puluh menit sudah penuh. tapi kadang overcharge karena lupa. waktu charge, hp panas sekali. tapi untuk pemakaian normal, oke",Neutral
"santai banget, favorit makanan sarapanmu",Neutral
"ayahku berkata, lelaki tidak boleh dipaksa dalam hal apapun. sabar saja. kalau jodoh, dia akan datang tanpa diminta",Neutral
"kalau mau gestun limit spaylater, gopay coin, gopaylater, akulaku, kredivo, indodana, langsung saja ke cair cepat, tidak sampai berjam-jam",Neutral
"lama tidak ngobrol karena saya kelamaan tidak muncul di grup kuil. semoga nanti bisa ngobrol banyak lagi. apa kabar, rai?",Neutral
terkadang yang sudah jelas dilarang agama dan pemerintah saja banyak yang melanggar,Neutral
"contoh di sini berarti melebih-lebihkan kalimat. ""this is a good reminder"" artinya bagus, kalau ""this is such a good reminder"" artinya bagus sekali, sampai melebihi normal",Neutral
biasa dibuat teh demi menafkahi diri sendiri,Neutral
"oh jangan, kantor polisi banyak orang asing. hubungi orang dalam saja",Neutral
"pesan delivery saja, kasihan perutnya",Neutral
"flu biasa juga gampang menular. kenapa tidak dikarantina? kematian rendah kenapa omicron dibedakan dengan flu biasa? beberapa negara sudah menyatakan omicron sama dengan flu. yang harus tegas sekarang adalah penggunaan masker dan prokes. razia prokes tanpa henti, jangan kendor",Neutral
jangan biarkan mimpimu terkubur perlahan oleh waktu. lakukan yang kamu impikan. hidup terlalu berharga untuk melakukan sesuatu yang biasa,Neutral
"halo bapak/ibu, mohon maaf atas ketidaknyamanan yang dialami. untuk perihal tersebut dapat dilakukan pada menu ""pesan"". bapak/ibu dapat juga melakukan tracking melalui link yang dikirim ke nomor ponsel melalui whatsapp atau sms",Neutral
"hanya saja dalam madzhab syafi'i, demi kehati-hatian, kalau menyentuh anjing perlu dibasuh tujuh kali, salah satunya dengan debu. alasannya, anjing biasa menjilat tubuhnya, jadi dikhawatirkan terkena liurnya. sedangkan untuk babi, tidak ada ayat atau hadits tentang itu",Neutral
"tidak usah menangis, biasa saja. ibarat pepatah, sekali merengkuh dayung, berenang-renang kemudian",Neutral
kirim foto yang biasanya ada tulisan top up berhasil,Neutral
pengen banget punya kerjaan yang santai bisa sambil jalan-jalan tapi gaji tetap oke,Neutral
baru saja mengirim foto bonn cafe,Neutral
semoga lekas sembuh total. komentarlah seperlunya untuk menghindari olokan,Neutral
"hahaha, itu sebenarnya ralat, ada yang kurang satu huruf. tapi karena sudah banyak yang menyukai dan membalas, biarkan saja ya",Neutral
sudah biasa,Neutral
"setahu saya, founder partai ummat amien rais dulunya lulusan chicago university. sah saja mengutip dari manapun",Neutral
"marv, tiba-tiba kepikiran. kan hank pym bilang kalau ant-man walaupun berubah jadi ukuran semut, kekuatannya tetap seperti manusia biasa. berarti saat scott berubah jadi raksasa, kekuatannya tetap seukuran manusia dong? tolong jelaskan",Neutral
ada kabar kalau smt ini masih tuweb dari upbjj saya (belum pasti),Neutral
papa kalian pikir tiga tahun tidak orgasme itu pencapaian luar biasa. dia lupa nabi adam terpisah dari istrinya tiga ratus tahun. ini baru tiga tahun nahan sudah sombong,Neutral
"yang dibahas hanya masalah ekuivokasi, bib. ceramah orang kita pahami secara positif. kalau mempermasalahkan frasa ""pukulan"", maknanya bisa bervariasi. secara fikih, pukulan dibolehkan asal untuk mendidik, bukan mencederai. koreksi saja, bib",Neutral
"tidak semua bule begitu. selama mereka kenal dengan orang lokal indonesia, pasti tahu menempatkan diri. ingat si boting dan iyev. apa kabar ya",Neutral
"halo, selamat pagi dynda. kabar baik. kamu bagaimana?",Neutral
"selain berbagi dan belajar bersama, tentu saja kamu bisa berkenalan dan berjejaring",Neutral
"sederhana saja, kami sadar bagi rakyat biasa, ""yang berjuang kalah dengan yang beruang""",Neutral
"karena momennya belum terjadi, tunggu saja sampai formula e benar-benar gagal, baru kpk punya alasan kuat menyelidiki. kalau sekarang, nanti malah dibilang ikut menggagalkan",Neutral
menfess adalah pesan atau kata-kata dari seseorang yang dirahasiakan,Neutral
"energi sebaiknya digunakan untuk berpikir kritis dan mandiri, daripada mencari pembenaran. beri asupan gizi wawasan dari mana saja. jangan membatasi, karena rugi. semua orang kadang benar, tapi juga bisa salah (termasuk saya)",Neutral
"baru saja mengirim foto jayapura, indonesia",Neutral
"pesan mama dan bapak sehari sebelum nikah: ""jangan pernah memukul istri atau anak""",Neutral
rencana hanya imbas imbis saja. akhirnya bubar. sudah biasa diberi janji palsu,Neutral
"ralf rangnick: ""di babak pertama kami seharusnya unggul tiga gol. babak kedua kami juga punya peluang. kami seharusnya menang di waktu normal. adu penalti bisa terjadi apa saja""",Neutral
"kamu ini bisa saja. karena tidak ada kegiatan, aku berkebun saja. jujur, aku malu",Neutral
"halo semua, apa kabar?",Neutral
masih muda tapi sudah cocok,Neutral
"karena sehat itu kenikmatan luar biasa. yuk, bergerak supaya sehat",Neutral
"tidak apa-apa, tidak semua harus lancar sekarang. kamu sedang mengalami perubahan dan normal kalau sedikit kelabakan di awal",Neutral
"kalau pap normal, mau",Neutral
"biasa lagi di tambang, mengawas. tidak ada libur",Neutral
dulu sempat kaget saat pertama kali ada staf resign. lama-lama biasa saja,Neutral
siapa saja yang melakukan pengelolaan pertambangan di indonesia,Neutral
"ut katanya kuliah setiap sabtu-minggu ya? (kalau ut jogja bagaimana?) saya sudah memilih layanan ttm wajib tiga mata kuliah. apa saya mundur saja dan daftar semester depan? saya sudah registrasi tapi belum bayar, takut bentrok jadwal kerja",Neutral
"bagaimana kalau beautiful goodbye jadi lagu debut chen karena dia tahu fansnya tahu dia sudah menikah bahkan punya anak, jadi dia pamit lewat lagu itu. mungkin dia hanya ingin hidup normal seperti orang biasa. aku rindu berat padanya",Neutral
kalau weekend begini sudah biasa ganti display name alias budak event,Neutral
segerakan saja,Neutral
katapat 14 4/6 sekali lagi melakukan kesalahan yang sama. hampir saja terciduk. tidak tahu kenapa selalu begitu,Neutral
"sudah biasa juga, tidak usah serius",Neutral
"sadar tidak, kadang sesuatu yang kita genggam bisa hilang begitu saja",Neutral
"banyak hal yang ingin aku ceritakan, tapi aku sadar kita tidak sedekat itu. bertemu saja hanya kebetulan, berbicara saja enggan kamu lakukan. sekali lagi aku ingatkan, dia hanya teman, bukan lebih",Neutral
hashida wanginya luar biasa,Neutral
"tidak, aku biasa sendiri",Neutral
"numpang tanya, bakso beranak itu lahirannya caesar apa normal?",Neutral
"dibalik perkataan ""aku baik-baik saja"", ada air mata yang meredakan segalanya. dibalik tulisan indah, ada hati yang berantakan",Neutral
"kalau lagi cari jasa un-sus unlock, bisa ke yap. unlock semua kasus lima ribu per akun, unlock umur tujuh ribu per akun, un-sus biasa sepuluh ribu per akun, bayar di akhir",Neutral
"dengan beredarnya video ini, semoga media online dan tv berhenti memberitakan korona supaya semua kembali normal. kunci ada di berita",Neutral
"kalau begitu, lebih baik golput saja. percuma pilih wakil rakyat",Neutral
"tentu saja kalau jual cash, tidak dapat reward",Neutral
pada senang banget menghukum orang. setiap hari ada saja yang dihujat. pentingnya mengajarkan kolaborasi sebelum kompetisi,Neutral
"ia baru saja menapakkan kaki di ujung terminal b pada pukul enam pagi. taksi telah dipesan, namun dirinya masih menimbang-nimbang arah tujuan. kedua kakinya bergerak dari ujung ke tumit, berulang kali",Neutral
berani untuk tidak menyuruh jokowi turun dari mobil atau datang ke suatu tempat agar tidak terjadi kerumunan saja mereka tidak mampu. padahal lebih mudah hanya satu orang yang dilarang,Neutral
"stretching biasa yang saya lakukan itu child pose dan cobra pose, biasa delapan detik",Neutral
"karena mau tidak mau seleksi alam akan berbicara tentang siapa saja yang benar-benar menganggapmu teman, dan siapa saja yang menganggapmu lawan. bijaksanalah",Neutral
"alhamdulillah baik-baik saja. pagi, el. semoga sehat selalu. salam untuk bapak ibu",Neutral
berasa punya tiga ibu. yang dua lagi ibu temannya. saling cek kabar masing-masing. semoga keadaan suram ini cepat berlalu,Neutral
"tadi main brawl bingung, kenapa valentina dari awal sampai akhir tidak menyalin hero musuh. ternyata build-nya salah, gara-gara lihat video tiktok ngide pakai hero mage tapi build mm. sudah berkali-kali ketemu yang begitu. pantes saja di loading",Neutral
"sedikit, tapi biasa sih",Neutral
"subsidi murah kak, 300 ribu di tempat saya biasa steril",Neutral
untuk angkasa sendiri tidak keberatan kalau mau diajak ngobrol santai atau deep talk. aku titip carrd-nya di sini ya. kalau mau date boleh langsung dm,Neutral
"mengulang dari satu sampai tiga, tapi kamu usahakan chamber satu saja. dua dan tiga santai, yang penting clear",Neutral
"dulu pas sakit tipes, tiap malam saya demam sampai menggigil. pagi normal lagi",Neutral
"spotify family plan satu bulan 20 ribu (anti ban), biasa/rawan ban satu bulan 12 ribu, garansi 14 hari",Neutral
semoga hari ini ada kabar baik,Neutral
"tikung dia di sepertiga malam, sebut namanya saat salat hajat, chat tentang apa saja (terutama tugas). kalau dia sudah excited bahas sesuatu, baru kamu boleh lebih antusias",Neutral
09.15 simpang air putih: antrian kendaraan normal di empat kaki simpang. situasi lalu lintas lancar,Neutral
dia minta gambar ic semua. normal kah?,Neutral
"jalani saja dulu, menyerah kemudian",Neutral
"pernikahan yang biasa saja sudah tidak mudah, apalagi kalau ada orang ketiga",Neutral
peluk saja,Neutral
self publishing - print on demand artinya mencetak buku hanya berdasarkan pesanan,Neutral
apa kabar kita?,Neutral
coklat request: lyodra - pesan terakhir,Neutral
"kalau kebalik bagaimana? jangan-jangan semua dari nusantara sudah biasa mengirim barang baku, balik-balik barang jadi dianggap ""asli luar"". catatan sejarah adalah potret waktu peristiwa, bukan sejarah itu sendiri",Neutral
sadarlah bahwa semua bisa berubah 360 derajat,Neutral
"ya allah, sudah ada kabar euphoria bakal ada season 3",Neutral
"yang dilihat itu progress-nya, bukan stuck di cerita lama. bagaimana kamu menilai orang lain berubah kalau pandanganmu masih di masa lalu",Neutral
"lima menit pun, seberapa deras hujan, tetap saja basah dan bisa membawa penyakit kalau badan tidak fit. mari berjalan perlahan",Neutral
"good morning, teman. lagi mau keluar sebentar. apa kabar?",Neutral
09.13 simpang air hitam: antrian kendaraan normal di empat kaki simpang. situasi lalu lintas lancar,Neutral
"ibuku sering bilang, kalau menyisakan satu butir nasi saja, tuhan akan menghukum kita",Neutral
ada saja kelakuan anak-anak,Neutral
baru saja mengirim foto tropical beach cafe coffee house,Neutral
masih pakai telkomsel saja,Neutral
daftarkan diri kamu untuk raih kesempatan menang puluhan juta cukup modal 10 ribu saja. daftar bisa pakai rekening apa saja tanpa biaya admin,Neutral
"kami juga buka booth jualan merchandise, bisa mampir cuci mata di rantai art event week 4, myground, mytown shopping centre, 4-6 februari 2022",Neutral
"10 ribu saja, kak. full garansi dan proses cepat. boleh dm atau wa",Neutral
"santai, pelan-pelan belajar pasti bisa",Neutral
"bertahan bisa saja, tapi kalau disia-siakan, lebih baik dievaluasi",Neutral
tentu saja akan hadir,Neutral
"hentikan. kalau mau pindah ibukota, pilih kota madya saja. biaya investasi besar dan dampak lingkungan harus dipikirkan",Neutral
"saya baru menang kemarin, jadi kali ini hanya meramaikan saja",Neutral
"awal menikah dulu, honeymoon di hotel biasa saja. satu malam tidak sampai 100 ribu. seringnya pilih oyo",Neutral
baru saja dilihat,Neutral
"aww, biasa saja",Neutral
"baca saja tulisanku, jangan baca hati dan perasaanku",Neutral
"baru mulai tatap muka, eh sudah ada kabar kasus naik lagi",Neutral
apa kabar yang lain? menghilang semua,Neutral
"semuanya sudah diatur, tinggal menunggu kabar baiknya",Neutral
"belajar islam yang utuh, jangan hanya hukumnya saja, supaya menjadi orang bijaksana dan beradab",Neutral
"kalau ke-upgrade sendiri, nanti bisa balik seperti biasa lagi. coba clear data",Neutral
"hanya bisa memenangkan pilkada lewat isu sara saja kok bangga. kerja nyatanya yang paling kelihatan cuma berkata-kata, buktinya nol persen seperti rumah dp nol persen",Neutral
apa kabar?,Neutral
"gimana tidak makin sayang. dia berarti ingin orang-orang mengapresiasi karya dia bukan lewat penjualan album. dia juga tahu kalau album fisik nct memang paling bikin melarat. satu tahun normal dua jenis album per unit, ada tiga unit. belum lagi project besar",Neutral
"tidak membahayakan bagaimana pun. jangan dinilai dari satu segi saja, ini pendapat saya yang bodoh",Neutral
weekend saatnya istirahat? tentu saja tidak,Neutral
"jangan, minimal mood kamu normal atau stabil saja. soalnya mental kamu akan terguncang",Neutral
tidak banyak yang bisa didapatkan dari grup obrolan itu. sudah berkali-kali ia menghela napas. sudah berpuluh berita ia baca untuk mengetahui lebih dalam soal kasus itu. bahkan sistem database berulang kali mengirimkan pesan terkait kasus itu,Neutral
kabar baik untuk hari yang biasa,Neutral
"tidak apa-apa, saya biasa begitu, anggap saja seperti me time, sendirian juga",Neutral
"minimal enam bulan setelah vaksin kedua baru bisa dosis ketiga. tidak apa-apa, demamnya biasa saja kok",Neutral
"sini kak, tiga ribu saja",Neutral
"sama, aku juga keliling liyue dulu, ternyata mirip seperti npc biasa. besok ketemu di wanwen book store, ngobrol dengan abah",Neutral
"bisa langsung dm saya ya, fee lima ribu saja, bayar akhir, testi di pinned",Neutral
"setiap orang memang punya cara masing-masing menikmati satu hal, tapi sesuatu yang tengah dicari tidak selalu ditemukan di satu tempat yang sama. saya tidak keberatan dengan kedua panggilan tersebut",Neutral
lama tidak ada kabar,Neutral
"mungkin lain kali dia bisa menyatakannya secara jelas. walau begitu, dia cukup senang. semuanya tenang sampai matanya bertemu mata inupi yang baru datang. inupi terlihat marah dan kesal, dari tatapannya saja draken sudah tahu. ia berdeham kecil",Neutral
"akun yang satu pasti masih seperti biasa, balikin",Neutral
"itu normal attack set, maksudnya dia bisa memakai artefak yang bonusnya untuk dps, seperti 4 gladiator atau 4 heart of depth",Neutral
"keluarga gregory diberkati dengan anak yang luar biasa. samidare cepat tanggap dalam pelajaran sihir, membuat orang tuanya berharap besar ia akan menjadi penyihir hebat",Neutral
atau mungkin mereka membela kalam mufti. sebab bukan hanya ulama muamalat yang haruskan,Neutral
"saya mau alih profesi, narik taksi online jadi sampingan saja",Neutral
di padang sudah biasa gempa,Neutral
"santai saja, orang seperti itu mending didoakan",Neutral
"luar biasa, rusia",Neutral
belum lagi jam sembilan nanti soundtrack rilis. semoga banyak kabar baik hari ini,Neutral
"kalau di sini biasa saja, masih banyak yang lebih besar",Neutral
dia makan mie di tempat biasa ibunya belanja,Neutral
biasa saja,Neutral
"dia mengingatkan karena khawatir. itu jam satu pagi. tidak, itu biasa saja. typing-nya tidak menunjukkan marah. typing saya kalau khawatir lebih kelihatan marahnya daripada itu, dia masih wajar",Neutral
"baru saja mengirim foto klaten, jawa tengah, indonesia",Neutral
biasa dimodusin,Neutral
tentu saja tidak,Neutral
"jimin sudah sembuh, jimin sudah bisa melakukan aktivitas sehari-hari seperti biasa",Neutral
"nuna ""nuna keyyen anenn"" ""apa kabar nun?"" ""kangen banget juga"" ""sedih nun"" kebanyakan kangen-kangenan",Neutral
ayang membuat semuanya baik-baik saja,Neutral
upcoming stream: tes stream bikin itasha sambil ngobrol santai,Neutral
"ds biasa sultan saja, kan bisa dapat. seperti datuk sri vida dapat dari pahang. kasihan dia belum dapat jodoh lagi",Neutral
semua normal saja,Neutral
"semoga orang yang dzalim kepada saya mendapat balasan setimpal dari allah swt, amin",Neutral
"baru saja mengirim foto brebes, jawa tengah, indonesia",Neutral
"apa kabar, guys? sudah sarapan pagi?",Neutral
"tenang saja, itu cuma foto tangan saya saja",Neutral
saya sudah biasa jadi tempat bertanya,Neutral
"ketika dia tidak ada kabar dan belum balas chat, itu sudah cukup membuat was-was dan bertanya-tanya",Neutral
"sudah tiga tahun kerja di bri dan tidak bisa santai karena aturan baru, setelah lima tahun tidak bisa ikut job opening langsung diputus",Neutral
"minum air panas dengan kadar panas sekitar 65 persen bisa meredakan gatal. untuk obat, saya biasa ke dokter kalau batuk sudah seminggu lebih",Neutral
bukan siapa-siapa tapi merasa prihatin saja sebagai sesama anak bangsa,Neutral
"enggak, masih seperti biasa",Neutral
emyu sedang tidak baik-baik saja. bersyukur dan prihatin,Neutral
"perkokoh kesabaran. mengapa kesabaran perlu diperkokoh bagi setiap pengusung gerakan ishlah? karena ujian di jalan perjuangan adalah keniscayaan. orang-orang beriman saja pasti diuji, apalagi yang berjuang",Neutral
klik pesan ayam bakar,Neutral
sarapan bubur tanpa kacang dan tentu saja diaduk,Neutral
"tidak tahu, saya tidak ngetes. tapi kalau benar, tidak kaget karena memang lebih parah dari biasa",Neutral
"mari tahun 2024 semua bangsa ini pilih pks, agar negara indonesia seperti syiria, irak, yaman, iran, afghanistan. karena sebagai bangsa indonesia bosan kan kalau adem ayem saja",Neutral
"di taiwan, kedelai jadi minyak goreng, biji matahari jadi minyak goreng, bunga kuning keemasan jadi minyak goreng. luar biasa di indonesia, kaya bahan baku tapi minyak goreng masih langka. stop goreng-goreng, rebus saja",Neutral
"berprasangka baik saja, habis korupsi berjamaah. anggap saja mereka kura-kura pikun",Neutral
"al-baqarah ayat 62: ""sesungguhnya orang-orang beriman, yahudi, nasrani, sabiin, siapa saja di antara mereka yang beriman kepada allah dan hari akhir serta berbuat baik, mereka mendapat pahala dari tuhan-nya""",Neutral
"fh aku open nih, no fee, no target. kalau mau nanti dm saja",Neutral
"hi, pasti lagi cari jasa un-sus unlock? bisa ke yap. unlock all case 5k/acc, unlock umur 7k/acc, unsus biasa 10k/acc, payment di akhir",Neutral
"semalam saja ke sunway pyramid, ke kedai sony tanya ps5. tidak ada stok. lalu ke kedai game sebelah",Neutral
sudah biasa ini mah,Neutral
apa kabar untuk pecinta buku nonfiksi,Neutral
"biasa saja. walaupun bunuh orang, tetap saja cebong dianggap benar. sabar untuk yang waras",Neutral
"bukan player biasa saja yang pakai, pro player pun pakai",Neutral
pandemi covid-19 menghambat investasi infrastruktur. aspek apa saja yang mendorong terwujudnya infrastruktur berkualitas di asia?,Neutral
kenapa belum sarapan? atau memang tidak biasa sarapan?,Neutral
"gpp bro, santai saja",Neutral
"bukan ranah bin. kecuali mau ditertawakan, silakan saja",Neutral
"butuh joki mandarin tugas realtime tulis hanzi? bisa dm. pengerjaan cepat, fee bersahabat",Neutral
"jam 9 malam, abis praktek, istri wa di rs tanya ada lem kertas tidak? yang biasa itu, karena besok ada tugas",Neutral
"biasa saja. banyak yang lebih tua memanggil saya adek, santai saja",Neutral
"menanggapi serius omongan dia. aneh, menyuruh saya tidak dekat dengan cowok lain, tapi dia gonta-ganti cewek. teman-teman juga sudah biasa",Neutral
kabar atashi juga baik,Neutral
"kahar muzakkar lahir 1921, jusuf kalla 1942. selisih 21 tahun, di nalar tidak masuk akal punya cicit di umur 21. tapi character assassination sah-sah saja di negara ini",Neutral
"baru ini sepanjang sejarah, satpol pp geser pesawat. sopir tidak punya sop tetap nurut",Neutral
ajarkan anak laki-laki: 1) menundukkan pandangan 2) cukup satu istri 3) tidak boleh kdrt fisik/verbal 4) tidak bermental poligami sembarangan,Neutral
pemesanan delivery disarankan maksimal satu hari sebelumnya,Neutral
semoga hari ini ada kabar baik,Neutral
mau request? tulis di kolom komentar,Neutral
"pasti bingung wakilnya, gabenernya kampanye nyapres",Neutral
"restu, apa kabar sarah?",Neutral
"sudah ketebak kelanjutannya, tentu saja aku tidak tertipu lagi",Neutral
"niat bersihin keyboard, malah lepas bagian keycaps. lubang normal, cuma huruf 'd' bermasalah. masih connect. apakah bisa diatasi?",Neutral
menjadi biasa itu terlalu biasa,Neutral
wanita mau dimadu asalkan pria mau diracun,Neutral
"tadinya mau bilang ""jang naeoun?"", tapi ternyata untuk makan saja sudah menarik",Neutral
"kucing hilang, si cha tidak nafsu makan. rindu sama chi, yang dulu sering dijilat si cha karena chi punya masalah saraf kaki",Neutral
"baru kali ini merasa jadi hrd. ada yang ngelamar kirim cv via foto, surat lamaran tanpa font normal, cv seadanya. heran tapi banyak juga yang bener",Neutral
"laki-laki yang tidak biasa nyanyi, nadanya sering tidak pas",Neutral
"monster hunter unggul dalam sensasi berburu, god eater unggul dalam cerita dan emotional build-up",Neutral
pernah mengalami. lebih baik diakhiri saja,Neutral
zenwalk gnu/linux 15.0-220204 diumumkan. apa saja yang baru?,Neutral
"biarkan saja, yang penting dia bahagia",Neutral
"dulu suka banget lagu ini, nyanyi pas mandi, makan, kerja. pas nonton videoclipnya malah kicep",Neutral
"pagi-pagi, badan tidak enak, makan bubur itu luar biasa",Neutral
"iya, santai saja",Neutral
"jangan menoleh ke belakang, lihat ke depan saja. coba yang terbaik untuk mengubah nasibmu",Neutral
"kalau begitu, nolkan saja mereka di jabar",Neutral
sudah biasa,Neutral
tolong terimalah cintaku. aku tidak bisa hidup tanpamu. lebih baik mati saja daripada hidup tanpamu,Neutral
air cukup deras membawa potongan-potongan kayu,Neutral
"imunitas seperti apa yang mereka maksud, prof? kekebalan terhadap hukum positif? sehingga anggota dpr bebas berbuat apa saja? semoga rakyat lebih cerdas memilih wakilnya ke depan",Neutral
rommy dibui satu tahun dan denda rp100 juta,Neutral
"tentu saja muhaimin iskandar senyum-senyum, baru saja mendapat peringatan dari pbnu",Neutral
tetaplah santai meski ada olimpiade hari ini,Neutral
pakai sensi biasa atau kf94 kak? makasih ya,Neutral
"baik, fiel. sendiri apa kabar?",Neutral
"what a shame bro, santai saja jangan marah-marah",Neutral
banyak aktivitas tapi tetap santai dan tidak menekan. bisa skip kalau sibuk. cek kalender februari. tunggu apa lagi? rumah? ya natcy saja!,Neutral
good morning! saya avail regular only. side fc mark lee. easygoing dan fleksibel. suka ngobrol santai dan perhatian,Neutral
"biasa saja, dengan ale juga sudah tidak awkward setelah putus",Neutral
"inti twit: 1) kalau indikasi covid, jangan tes di bali, abaikan saja. 2) kalau positif, jangan koar-koar. 3) yang biasa cepu itu orang jakarta. 4) penulis tidak suka kebiasaan cepu",Neutral
apa kabar juniordanyw,Neutral
"hm, jawabannya bukan versi satu detik, tapi tetap menarik",Neutral
"sakit tenggorokan, bersin-bersin, mual, muntah, badan tidak enak tapi tidak demam. semoga hanya masuk angin atau radang biasa",Neutral
edisi spesial valentine samsung galaxy s22,Neutral
"boom pernah sms hyoyeon setelah iy2 berakhir, tapi dikecewakan",Neutral
"aneh, saudara saya menyalahkan gaya hidup saat ada pengentalan darah, padahal itu efek normal covid",Neutral
"seperti biasa, bingung mau makan apa",Neutral
"jangan selalu bilang ""nanti saja"". lakukan segera",Neutral
"pernyataan cinta dibalas muyi, mereka bertukar pesan manis di weibo",Neutral
"ist, ini sudah 12 hari tidak ada kabar atau kamu yang tidak berkabar?",Neutral
"gpp dek, santai saja. saya pernah kok tahun 2008. bedanya tidak jadi kalah. sekarang tidak jadi menang",Neutral
"hidup terlalu singkat untuk menyesal. gunakan dengan baik, sekali saja cukup",Neutral
bapak yang biasa membawa gerobak sekarang hilang,Neutral
berarti biasa saja ya,Neutral
aku hanya manusia biasa yang tidak sempurna dan kadang salah,Neutral
baru saja mengirim foto agropolis wonosalam,Neutral
"ngalir saja, daftar snm asal daftar, eh lolos. tentu saja dibarengi doa dan ibadah",Neutral
agama harusnya bebas dari urusan politik. barisan sakit hati tetap melibatkan urusan agama. pantas saja dulu dipecat jokowi,Neutral
"sudah ditampar keras ketidakpastian, masih saja memeluk harapan",Neutral
"besok kalau kamu tidak dengar kabarku, maafkan aku",Neutral
"tentu saja aku rajin berkebun, karena sudah biasa",Neutral
"aku mengganti handuk. mereknya nanti saja, bisa jadi konten haha. selamat malam!",Neutral
"jimin banyak istirahat, minum obat, makan sehat 3x sehari, semoga cepat pulih dan beraktivitas seperti biasa",Neutral
"masa pemulihan membosankan, tapi titik untuk berpikir jernih",Neutral
"hahaha, santai saja. dia bestie dari smp, memang begitu orangnya",Neutral
"andaikan aku tahu, kau tidak hadirkan cintamu, ingin kulepas dengan pelukan",Neutral
"kalau mau adil, ingat juga kebaikannya, jangan cuma kesalahannya",Neutral
"hal yang membuat cewek nyaman: perhatian, pengertian, tidak egois, tidak menghilang, tidak berlebihan, menjaga cewek, selalu ada kabar",Neutral
oke kak wulan. terima kasih. selamat menikmati layanan indihome kembali,Neutral
"ini antara dia tidak paham, pakai joki skripsi, atau biasa kdrt",Neutral
"halo ryuu, apa kabar?",Neutral
apa kabar hari ini?,Neutral
kayaknya wajar sih. aku dulu juga bersihkan biasa. sekarang sudah besar kucingnya,Neutral
"dulu punya 20k air asia points, sekarang tinggal 12k",Neutral
aku menemukan kentang goreng enak. nanti akan kuberitahu. tunggu saja. semua bisa jadi konten. butuh waktu lama,Neutral
"tentu saja, jika aku mengatakan aku 18 tahun, orang-orang akan percaya aku masih 18 tahun",Neutral
"orang yang bilang ""maaf?"" ayo muncul",Neutral
"orang yang bilang ""itu berlebihan"" ayo muncul",Neutral
"eonni, oppa, paman, adik (dengan gaya imut)",Neutral
"bangun-bangun buka livescore, manu kalah. biasa",Neutral
"milet seperti biasa, suaranya outstanding ditambah piano hayato sumino",Neutral
tentu saja,Neutral
lihat endingnya saja,Neutral
"kita bisa saja menuntut sesuatu, tapi kehendak tuhan yang menentukan. tetaplah tenang dan mengalir",Neutral
"treasure comeback, sudah ada yang mau jadi apa saja kerugian pm?",Neutral
mood ku bagus sejak masuk sma,Neutral
"pedri: ""publik sangat penting bagi kami. kehangatan dan kasih sayang mereka luar biasa dan memberi kekuatan""",Neutral
"ini totebag hand painted, dijahit anak-anak luar biasa. yang mau beli sekalian dukung anak-anak disabilitas cek ig-nya ya",Neutral
ke jurang saja,Neutral
musim hujan kan biasa dari tahun ke tahun,Neutral
"harusnya biasa saja, bener-bener bikin speechless",Neutral
lama tidak mengobrol. kabar tidak baik. hbu?,Neutral
mager seperti biasa,Neutral
"biasanya makan nasi uduk, sekarang makan bubur",Neutral
gicafe kopi ginseng stamina. wa: 085252552807,Neutral
"say, biasa bioskop buka jam berapa?",Neutral
"meski sudah tiada, jasa glenn fredly dalam musik tanah air luar biasa. karya-karyanya masih di hati masyarakat",Neutral
"butuh souvenir kantor? pakai tas ransel batik dari kami, only rp30.000/pcs. hemat, murah, bernilai, 100% indonesia",Neutral
"gapapa, sudah biasa mandiri sejak kecil",Neutral
solusi gemuk sehat mr pro. wa: 089523185997,Neutral
"tempel stiker di mobil boleh, asal jangan penuh",Neutral
"imam al-barbahari: jika seseorang tetap duduk bersama ahli bidaah setelah diberi tahu, jauhilah dia",Neutral
"ketika berharap terbaik, tapi hanya dapat biasa, bersyukurlah, kamu bukan yang terburuk",Neutral
okok. tidak tahu kabar covid sekarang,Neutral
"awalnya mau nonton, tapi review bilang beberapa scene tidak klimaks. mungkin karena sudah mati rasa",Neutral
"tidak biasa sekali sikapmu, bre",Neutral
tidak begitu suka susu. kamu saja yang minum biar makin bongsor,Neutral
semoga pekerjaan kemarin lancar,Neutral
"pindah ke dokter cowok, disupport luar biasa, keluar ruang dokter dengan muka happy",Neutral
kemarin biasa saja,Neutral
"pagi ce, sudah normal kah tweetnya?",Neutral
"sabar yah, orang kecil seperti kita sudah biasa ditinggal",Neutral
"pelet ini tidak biasa, sakti",Neutral
"pakai akal sehat saja sudah cukup, tidak perlu dalil agama",Neutral
semoga cepat pulih,Neutral
"mereka ingin berkerumun, kami tetap himbau tinggal di rumah. semoga sehat semua",Neutral
"gapapa fisik biasa saja, yang penting tidak gagal cari materi",Neutral
"sumbangkan 1 trilyun untuk pendidikan, sangat bermanfaat",Neutral
"tidak nikah juga tidak apa, saya wanita biasa dengan kurang ilmu agama",Neutral
"hotel-hotel di ring 1 malioboro akan teriak, saya jadi penonton saja",Neutral
"mohon memastikan, kurikulum diisi hanya sampai semester 5 kan, min?",Neutral
"kasusnya muter-muter saja, karena mereka pegang kendali",Neutral
"kalau sudah malam, tidur saja, fin. saya nulis apa sih tidak jelas wkwk",Neutral
"dimaklum saja, memang brutal",Neutral
"saksi itu orang yang tahu, bukan hanya berangan-angan",Neutral
"hai kak, maaf untuk pengalamannya. coba cek setting → pesan siaran off, jika tetap bermasalah lepas pasang kartu",Neutral
kabar gembira: kulit manggis ada ekstraknya! mastin hadir rawat tubuh kita,Neutral
"kalau galau malah dengar lagu hiphop/rock, kalau lagu galau biasa saja",Neutral
mencoba santai meskipun hectic parah,Neutral
"wkwk sama nder, tapi aku santai saja, soalnya ada Jaehyun. teman RL ku yang ngatain aku galau pun cowoknya modelan... ah sudahlah",Neutral
"jangan pernah merendahkan diri sendiri, karena kita itu luar biasa",Neutral
"baru bangun tidur, semalam tidur cepat karena tidak enak badan. bangun-bangun dengar Denis umumkan kontrak habis, makin sakit. Vine masih diam, belum ada pengumuman juga? semoga baik-baik saja",Neutral
"benda normal, mau malu apa",Neutral
"sakit perut luar biasa, bikin meringis",Neutral
"dari 6 sampel, 2 dekat transportasi massal (di bawah 1 km), 4 lokasi jauh (2 km atau lebih)",Neutral
"kemarin malam sehat, tidur pulas. tadi malam tiba-tiba sakit, susah tidur. baru tidur subuh, jam 6 ada yang nelpon",Neutral
"berita pagi ini membosankan, tapi dapat info update",Neutral
biasa terjadi di ekon-ekon tidak berfollowers,Neutral
amanah yang bagus. bismillah,Neutral
"bagaimana bisa paham kalau hanya hapal saja, terjemahan orang lain belum tentu benar",Neutral
open santai ya,Neutral
"tidak tahu, tidak ada kabar",Neutral
"seperti biasa, kerja kerja kerja",Neutral
"hyper itu bawaan diri. manusia ada yang nafsunya biasa saja, ada yang hyper. menggauli istri dengan kasih sayang itu kewajiban semua suami",Neutral
manusia normal = ingin jadi anime,Neutral
"Summit adalah konferensi untuk pengembang, kesempatan luar biasa untuk belajar dan terhubung",Neutral
"buku bisa dipesan lewat chat dan tersedia di Shopee, Tokopedia",Neutral
"apa kabar ya, pak Raimu?",Neutral
"ready dadakan, main santai, open BO buat bayar kamar hotel",Neutral
"percaya, tidak ada wanita yang baik-baik saja saat tahu pasangannya komunikasi dengan mantan",Neutral
"rumit, karya Oriol Paulo lebih parah dari biasa, durasi lebih panjang",Neutral
"kereta saja bisa terlambat, apalagi hidup manusia",Neutral
ibu gurunya menjelaskan siswanya biasa saja tidur ngumpet,Neutral
"tidak sedih, biasa saja, air mata keluar tiba-tiba",Neutral
bangun dapat kabar baik,Neutral
"biasa dia yang beliin makanan, sekarang tidak ada",Neutral
alhamdulillah dia sehat. mau titip salam? nanti saya sampaikan,Neutral
"bukan karena agamamu, tapi komunikasimu yang buruk",Neutral
"luar biasa, parah",Neutral
"sudah tidak cengeng, cuma sebel. biasanya kamu yang nenangin, dan sekarang pun kamu masih suka nenangin dari atas sana",Neutral
dua label itu bukan sekadar politik. ada fakta yang harus kita sadari,Neutral
"makan steak itu biasa saja, tapi mahal untuk kami yang bergaji UMR",Neutral
biasa dirapel makannya,Neutral
"siap, Kak Ubi! nanti aku teriakin nama Kak Ubi kalau papasan, haha. tinggal pesan ID Card",Neutral
"Pedri: ""Atletico akan menekan seperti biasa. Kami ingin kuasai bola dan mainkan permainan kami.""",Neutral
"masalah kota ini apa saja sih, kok suram",Neutral
tidak mengapa mengaku sedang tidak baik-baik saja,Neutral
halo Pahari Samandiai! ada kabar gembira untuk jagoan badminton di Kalimantan,Neutral
120–150 biasa aku lihat,Neutral
sibuk santai hehe,Neutral
aku mau beresin tugas biar sisanya bisa rebahan santai. hbu? kamu mau ngapain?,Neutral
"hihi, ada-ada saja",Neutral
solusi penghilang keputihan dan perapat miss v,Neutral
"siapa pun presidennya, tidak bisa sejahterakan semua rakyat dalam waktu singkat",Neutral
shashin wa zenbu oite – semua foto kutinggalkan saja,Neutral
"ada dua hal yang luar biasa, ketika kamu berlinang air mata lalu mengucapkan selamat tinggal untuk selamanya.",Neutral
"tidak wajar jika di warnet tiga ribuan kamu tidak memahami keterampilan dasar komputer seperti microsoft office. di sma masih biasa saja, di kuliah otomatis terseleksi oleh alam.",Neutral
"memandang ke tempat sujud. apabila shalat, rasulullah biasa menundukkan kepala dan mengarahkan pandangannya ke tanah.",Neutral
"pasti apalagi sedang musim seperti ini. itu hanya radang biasa tidak apa-apa. makanlah buah-buahan yang banyak. aku baru sembuh, kemarin begitu juga.",Neutral
kita semua telah mati memuncaki netflix di dua puluh lima negara. apa yang membuatnya menarik.,Neutral
pengadilan akhirat adalah pengadilan yang maha adil. tunggu saja.,Neutral
apa kabar.,Neutral
foto ootd yang estetis bisa diambil di mana saja. tantri namirah tampil keren di depan warung dan bengkel.,Neutral
keadaannya cukup baik.,Neutral
treasure island cup bonek tidak cukup menerima dengan baik dan benar saja untuk membuat kulit wajah cantik dan menarik. hanya dapat dinikmati oleh para lajang.,Neutral
itu perkara biasa.,Neutral
"yang dimaksud adalah oknum habib. walaupun dia seorang ulama atau habaib, tetap manusia biasa yang bisa melakukan kesalahan. tidak perlu repot.",Neutral
sudah pada capek sekali dengan kelas aku. ini kelas unik ya. perbedaannya terasa sekali ketika aku di ipa satu waktu kelas sebelas walaupun masa pandemi. ipa satu sepi sekali dan wali kelasnya tegas dan ribet. ipa tiga selalu begitu di setiap angkatan dan selalu mendapat wali kelas yang santai.,Neutral
"pengelola pusat perbelanjaan dikenakan denda lima ratus ribu, tukang bubur lima juta. apakah karena pengelola pusat perbelanjaan itu orang miskin sehingga mendapat dispensasi. di mana oligarki berkuasa sadarlah negeri ini tidak dalam keadaan baik-baik saja.",Neutral
"benar, hafalkan nomor kendaraannya. biasanya parkir di tempat tanpa cctv. potong saja karet remnya agar blong. jangan hanya berharap, usahakan juga.",Neutral
"biasanya aku bertanya atau memantau dia butuh apa. kalau membeli barang, aku lihat dulu gayanya. kalau mentok baru dompet atau sepatu.",Neutral
"aku biasa sarapan setelah berolahraga, menunggu lima belas sampai tiga puluh menit setelah selesai atau sampai keringatnya tidak terlalu banyak.",Neutral
"dari sebuah rumah di pinggir jalan, seorang pria tua keluar membawa sepiring makanan. aku tidak memperhatikan isinya lalu ia meletakkannya begitu saja di gang sempit samping rumahnya. tiba-tiba beberapa ekor hewan datang kira-kira lima sampai enam ekor.",Neutral
ternyata manfaat kolagen laut itu biasa saja.,Neutral
"terakhir, semoga sukses untuk seri terbaru ini. yang ingin menonton silakan menonton. yang tidak mau juga tidak perlu dipaksakan. walaupun mereka idola kita, menjadi penggemar bukan agama. tidak perlu ada kewajiban, halal, atau haram. santai saja. yang penting bahagia.",Neutral
kalian kadang bingung tidak kalau diajak keluar harus memakai pakaian apa. padahal yang mengajak hanya teman biasa.,Neutral
"persetujuan itu penting. aku pikir persetujuan muncul setelah ada kepercayaan. hanya kepercayaan saja belum tentu disertai persetujuan. namun jika ada persetujuan, biasanya sudah ada kepercayaan. sesederhana itu.",Neutral
"bisa kak, mulai dari lima belas ribu per halaman. aku mahasiswa semester akhir jurusan bahasa dan sastra indonesia murni. sudah biasa menyunting teks dan menganalisis kebahasaan dengan fokus di bidang linguistik. silakan langsung menghubungi aku.",Neutral
"tolong, adakah yang bisa menjelaskan pesan di balik ketiga cerita dalam the house. aku agak paham cerita pertama, tetapi cerita kedua dan ketiga masih membingungkan. terima kasih.",Neutral
"tidak kok, biasa saja. kalah menang itu biasa. yang penting sudah pernah menang empat satu.",Neutral
berpura-puralah bodoh meskipun itu menyakitkan. jangan menggambarkan dirimu sebagai orang yang pandai jika akhlakmu tidak baik.,Neutral
embun pagi. selamat pagi mentari. jangan kau kotori dengan emosi. jangan kau nodai dengan iri dan dengki.,Neutral
aku bisa jelaskan. jangan marah.,Neutral
kemarahan bisa muncul hanya karena hal kecil. marah kepada orang lain adalah kelemahan begitu juga dengan menghindari mereka. kita diibaratkan seperti prajurit yang melarikan diri dari tugas dan dalam dunia militer perilaku seperti itu sangat hina.,Neutral
yang paling parah dalam pergolakan politik dan pemerintahan di malaysia adalah kelompok mahiaddin dan azmin. mereka adalah sumber semua masalah.,Neutral
aku selalu bersikap lembut tetapi dibilang suka marah-marah. aku benar-benar tidak mengerti.,Neutral
bisa jadi itu adalah dendam dari kelompok yang kalah di tahun dua ribu tujuh belas karena ambisi ingin menguasai indonesia. kebencian itu juga meluas ke organisasi masyarakat dan alim ulama yang saat itu berunjuk rasa menuntut keadilan.,Neutral
"kadang ingin berkata kepada sesama perempuan. jangan terlalu bodoh hanya karena satu laki-laki. kalian cantik, pintar, dan menyenangkan. di luar sana pasti ada laki-laki baik yang mau bersama kalian. jangan sakiti diri sendiri.",Neutral
apa itu bo. bosan. bodoh.,Neutral
"aku baru sadar satu minggu lalu bahwa emosiku tidak stabil. mulai dari marah, sedih, menangis, hingga seperti orang yang depresi. ternyata penyebabnya adalah pra-menstruasi yang kadang sangat menyakitkan.",Neutral
perubahan tanggal dari dua mei menjadi lima februari memang membuat suami kena marah karena lupa hari ulang tahun istrinya. aku kira ayah aku menikah lagi tadi. dalam rumah ini tidak ada yang ulang tahun hari ini. besok adalah ulang tahun adik keduaku.,Neutral
sesungguhnya allah murka terhadap orang yang mahir dalam ilmu dunia tetapi bodoh dalam ilmu akhirat.,Neutral
draken tersenyum lembut sambil mengelus ujung bibir ranum milik takemichi. ia menatap bagian itu lama. draken berkata aku memang marah karena emma telah meninggal tetapi aku bisa bertahan hidup karena beberapa alasan.,Neutral
membenci hanya akan merugikan diri sendiri karena sebagian besar orang yang kamu benci tidak akan peduli.,Neutral
"menurut penelitian, wanita memiliki umur lebih panjang karena lebih ekspresif dalam mengungkapkan emosi.",Neutral
mengapa marah.,Neutral
"kalau itu artinya cerdas, aku tidak keberatan untuk tetap bodoh selamanya.",Neutral
nanti pawangnya bisa marah pak lurah.,Neutral
"pria yang jika ada masalah dapat menyelesaikannya bersama-sama, mampu menahan ego saat bertengkar, dan jika marah lebih memilih diam. bahasa cintanya adalah sentuhan fisik dan tindakan nyata seperti aku.",Neutral
"ketika berbuat salah, jangan mengeluh dan jangan marah. pelajari kesalahannya lalu coba lagi dengan cara yang berbeda.",Neutral
mau bertapa atau balas dendam. sepertinya tidak bisa tetapi mari kita coba saja. sampai jumpa fevereverie.,Neutral
"jika sahabat pernah melukaimu, berpikirlah bahwa dia hanya manusia biasa yang tidak sempurna. jika sahabat pernah membuatmu marah, ingatlah bahwa bukan hanya dia yang pernah berbuat salah.",Neutral
"jadi yang berhak marah di sini adalah kamu. dia berhak khawatir sebagai teman, tetapi tidak berhak bertindak sejauh itu sampai menjemputmu. sebaiknya dibujuk melalui chat yang baik terlebih dahulu.",Neutral
aku kira rumah itu yang bipolarnya perempuan. aku juga tidak tahu tingkat berapa. perempuan lebih rentan mengalami depresi sehingga lebih sulit mengendalikan emosi.,Neutral
"aku tidak pernah marah. aku juga sering dikira line sembilan puluh satu atau sembilan puluh dua, tetapi aku tidak marah. maklum saja.",Neutral
kenapa pembahasan dari semuanya berada di titik yang sama. apa aku yang bodoh. seakan dimanfaatkan untuk kepuasan yang tidak tersurat.,Neutral
sebenarnya mbak dita itu sangat menyakitkan. apalagi sampai dibaca langsung oleh mbak dita. jawabannya profesional. ya kali mau marah-marah dan memohon-mohon jangan keluar dong nanti kita sedih dan sebagainya. kan tidak etis. kita sebagai lockey harusnya bisa menjaga perasaan.,Neutral
hanya orang bodoh yang mati demi cinta. aku akan bertahan hidup untuk cinta.,Neutral
mengumpat adalah caraku mengekspresikan emosi.,Neutral
"berteman dengan orang bodoh akan membuatmu ikut bodoh, bahkan menjadi bebal. itu sangat tepat. terima kasih.",Neutral
bagikan cara agar pasangan tidak marah teman-teman.,Neutral
cara terbaik membalas dendam adalah dengan memaafkannya.,Neutral
"yang bisa mengontrol emosi, tepat waktu, dan pekerja keras.",Neutral
tali iman yang paling kuat adalah cinta karena allah dan benci karena allah.,Neutral
"dijelaskan kenapa tubuh inang bisa kalah karena keinginan hidup virus jauh lebih kuat. untuk kasusnya gwinam, keinginan hidupnya lebih kuat karena dia punya dendam ke cheongsan, makanya dia tidak kalah dan masih bisa sadar dari virusnya.",Neutral
bodoh. mana bisa tahu nilainya kalau tidak dilihat oleh ahlinya.,Neutral
hanya orang bodoh yang mati demi cinta. aku akan bertahan hidup untuk cinta.,Neutral
"dia punya keinginan besar untuk hidup dan membalas dendam, makanya dia tetap hidup meskipun setengah zombie.",Neutral
"butuh saran anime yang membuat emosi campur aduk, membuat menangis, tertawa tetapi berakhir bahagia.",Neutral
"lebih baik diam dan biarkan orang lain menganggapmu bodoh, daripada banyak bicara dan malah terbukti benar anggapan mereka.",Neutral
"karena di otaknya dia penuh dengan keinginan membalas dendam, akhirnya sarafnya masih berfungsi untuk menjadi setengah zombie.",Neutral
"entahlah, kata ustaz tidak boleh dendam, hanya saja teringat terus, sebab ulama kami yang mendukung total masih dipenjara sampai hari ini.",Neutral
"untuk merasa bahagia, bingung, kecewa, sedih, atau marah adalah masalah keputusan. jika anda memutuskan untuk merasa bahagia maka bahagialah anda. karena itu, kebahagiaan anda sebenarnya adalah hasil dari ketepatan keputusan anda.",Neutral
"karena daya tahan tubuh dan tekad yang kuat. dia sangat dendam dengan cheongsan sampai bertekad ingin membunuhnya, makanya bisa menjadi sembi.",Neutral
"di sini taehyung tidak salah menurut aku. soal marah itu wajar, refleks karena melihat jisoo begitu. taehyung juga wajar lebih fokus ke hanna karena keluarganya di sana dan kurang fokus ke jisoo. karena kalau sebaliknya malah bisa ketahuan. taehyung juga berusaha bertanya-tanya.",Neutral
karena dia punya niat yang kuat. dia ingin membalas dendam ke cheongsan.,Neutral
beberapa menit suasana menjadi canggung. takemichi bingung ingin mengobrol tentang apa dan benci berada dalam situasi ini. sampai akhirnya dengan berani dia mengatakan isi hatinya. takemichi berkata dra draken kun. draken menjawab hmm.,Neutral
"hargai orang lain siapapun itu, dan jangan pernah menaruh dendam kepada siapapun.",Neutral
ingat hari di mana aku pura-pura polos saat diajak mengobrol soal arsip ao3 dengan teman. padahal tab ku begitu.,Neutral
sudah dibalas lewat pesan langsung aku bagikan di cerita ya sayang jangan marah.,Neutral
"ada kisah nyata di jeddah. suami istri sedang bertengkar, suami marah luar biasa dan memukul wajah istri. istrinya menangis. tiba-tiba terdengar bel rumah berbunyi. ketika pintu hendak dibuka ternyata sudah digembok.",Neutral
"tetapi tetap saja tidak membenarkan kalau sampai menyakiti pasangan. se marah apapun, cukup membanting barang saja, tidak sampai menyentuh fisik.",Neutral
pekan dua puluh tiga telah tiba. tim arema fc akan bertemu dengan persija jakarta. pertandingan kali ini tidak akan mudah bagi kedua tim karena arema fc harus menghadapi persija yang membawa misi balas dendam atas kekalahan di putaran pertama.,Neutral
"kasihan yang pendek selalu jadi korban. aku membuka jasa penghapusan akun tanpa email dan kata sandi, bayar setelah akun terhapus.",Neutral
benalu negeri bebas mencaci karena keadilan sudah mati. ujaran kebencian dan caci maki adalah pekerjaan mereka. memfitnah ulama dan memecah belah anak bangsa demi uang untuk nafkah haram bagi anak-anak dan istrinya.,Neutral
"ini wajib dibaca. untuk yang suka genre angst harus baca. au tujuh dream sebagai keluarga, minim romansa, berakhir bahagia. hati-hati emosi saat membaca. nilai dua ratus juta per sepuluh. jika membeli bukunya ada bagian yang tidak dipublikasikan yang bisa diakses melalui drive.",Neutral
kesalahan adalah kata yang paling dibenci orang. tetapi orang akan menjadi lebih baik jika sudah melakukan kesalahan.,Neutral
kenapa marah. padahal hanya memberi tahu yang benar.,Neutral
saya terlalu bodoh untuk kamu. saya senang melihat kamu berhasil memperbodoh saya. tapi sejujurnya saya tidak sebodoh itu. saya tahu kebenaran sebelum kamu tahu.,Neutral
"oh sayang, kenapa tidak memberi tahu aku kalau kamu ke sini. sapaan ramah itu tidak akan cukup untuk menyembunyikan rasa kaget lee dan. dari ekspresinya sudah terlihat bahwa lee dan siap memarahi sejoon.",Neutral
anak tunggal yang apa-apa semua keinginannya harus dituruti. jika tidak dipenuhi langsung marah dan merajuk. itu aku.,Neutral
orang bodoh bisa berbahagia dengan kebodohannya.,Neutral
masih pagi tidak boleh emosi.,Neutral
kalau ada yang mengirim pesan pribadi apakah ada yang marah.,Neutral
pasti rasanya ingin marah kepada pacarnya ya teman.,Neutral
kenapa aku marah kepada mahadir setelah membatalkan proyek hsr. dengarkan sini.,Neutral
pelatih sepak bola ini harus berurusan dengan polisi setelah aksi sodomi terhadap tujuh bocah di brebes terbongkar.,Neutral
"dokter hantu, kita semua telah mati, musim panas kesayangan kita. seru tetapi kita semua telah mati lebih membuat emosi dibandingkan serunya.",Neutral
"kalau itu artinya cerdas, bodoh selamanya pun aku tidak keberatan.",Neutral
"bukan benci, hanya malas saja terhadap sejarah.",Neutral
ibuku marah karena aku sarapan sambil menonton kita semua telah mati. katanya tidak jijik melihat hal seperti itu.,Neutral
"itu semua sarafnya tersentuh. stres, sedih, marah, frustasi, cemas, mual, tegang, semua langsung hilang. dan genggamannya sangat cantik.",Neutral
sabar saja. berdebat dengan orang bodoh yang minim edukasi memang tidak ada habisnya.,Neutral
sebenarnya lebih baik denise sendiri yang klarifikasi agar lockey tidak menebar fitnah sana sini. kalau dari agensi nanti malah dikira denise yang dikeluarkan. padahal tidak mungkin vine melakukan hal bodoh.,Neutral
"tidak apa-apa reyon marah, lucu. siap pergi ke dapur.",Neutral
dia mengajak balikan hanya untuk membalas dendam sepertinya karena aku memutuskan sepihak tanpa kejelasan. padahal aku tidak mengatakan ingin balikan dan dia menganggap aku pacarnya. terakhir kali diselingkuhi dan aku biasa saja.,Neutral
kamu jangan marah-marah nanti kamu cepat tua.,Neutral
"iya memang episode awal saja, mulai pertengahan emosi kita dipermainkan. apalagi tiga episode terakhir.",Neutral
mark tipe orang yang kalau mengetik huruf akhirnya diperbanyak supaya tidak dikira marah.,Neutral
"benar ilmu padi, semakin berisi semakin merunduk. semakin dewasa, semakin tahu banyak hal, saat emosi yang dulu diluapkan sekarang lebih memilih diam. tidak suka pada orang, diam. kesal, diam. diam terus hidup aku.",Neutral
"musuh menjadi kekasih tetapi tidak menye-menye, bukan aku benci kamu lalu tiba-tiba berciuman. musuh menjadi kekasih yang lambat, yang bahkan untuk berciuman saja butuh banyak bab.",Neutral
"kalau aldebaran yang drama, andin yang dimarahi warga pondok pelita. kalau andin yang drama, aldebaran yang dimarahi warga pondok pelita. botol bertemu tutup, kuat ya aladinku.",Neutral
"ini akun kamu, kenapa takut orang lain marah.",Neutral
"bahan bakar marah dan benci, juga kekerasan adalah rasa takut. jika mudah marah dan benci, bisa jadi di dalam diri penuh ketakutan. tanpa takut, seseorang tidak akan bisa marah dan benci. tidak adanya takut barangkali di situlah cinta yang sejati.",Neutral
"tahun berganti bukan berarti orang gagal akan hilang, ini bukti nyata kegagalan seorang pria yang seolah berbicara mewakili semua pria. jangan diambil hati, orang bodoh setiap tahun memang selalu ada.",Neutral
"jika teman kalian hari ini marah-marah, mungkin dia penggemarmu.",Neutral
aku si anak bodoh.,Neutral
"kita selalu bisa memilih, bersabar atau marah, bersyukur atau ingkar. bahkan saat situasi menyakitkan, tetap ada kebaikan di sana. orang-orang yang sabar dan bersyukur akan mengingat hal-hal baik dibandingkan hal-hal menyakitkan.",Neutral
"jadi teringat kata pak bj habibie, percuma memberikan fakta apapun kalau tetap bodoh.",Neutral
"aku pikir, dari pertama kali pengumuman itu seri dan sampai sekarang, kita sudah bisa melihat bagaimana seri itu berjalan. ini sangat mudah, ingat, masih panjang perjalanan. maaf, aku hanya ingin kalian tidak terbawa emosi atau semacamnya.",Neutral
"marah-marah terus, hamil ya.",Neutral
lebih baik dibenci tetapi menjadi diri sendiri daripada disukai tetapi menjadi orang lain.,Neutral
"iya andin saja sampai sekarang belum berbicara bahwa dia ibu kandungnya. dia pikir reyna kalau tahu dia bapak kandungnya akan senang. tidak ingat bahwa dia sudah membuang anak itu. harusnya takut reyna marah, bukan malah sebaliknya. aneh sekali.",Neutral
kenapa dia mau mengakui anak bodoh sih dengan memberikan nama pengguna akun itu. agak bodoh ya. lalu setelah itu kamu apakan anaknya. tidak kamu sahkan pernikahannya.,Neutral
genggamlah dunia dan jangan biarkan dunia menggenggammu. kendalikan nafsumu dan jangan biarkan nafsu mengendalikanmu. marah orang mulia bisa dilihat melalui sikapnya. tetapi marah orang bodoh dapat dilihat melalui ucapannya.,Neutral
aku sering memakai baju bodoh.,Neutral
"mulailah harimu dengan marah kepada penipu, ingat aku tidak punya waktu untuk meladeni utangmu itu. uang saja tidak punya mau berutang apa.",Neutral
hanya orang bodoh yang mati demi cinta. aku akan bertahan hidup untuk cinta.,Neutral
orang bijak belajar dari orang bodoh. orang bodoh tidak mau belajar dari orang bijak.,Neutral
"pria, jika wanita marah, ajaklah dia berbelanja atau ke salon. niscaya amarahnya langsung hilang.",Neutral
"selamatkan bangsa dari kumpulan penjahat, berantas tuntas tindak pidana pencucian uang.",Neutral
"cinta adalah aksi, bukan emosi.",Neutral
"kalau marah kepada orang tidak bisa lama-lama, setelah bangun tidur juga marahnya hilang.",Neutral
"ada seorang perempuan, berbicara sangat halus, tidak pernah berbicara kasar, tidak pernah marah, sekarang menjadi suster di gereja katolik.",Neutral
"dua kemungkinan. pertama, kamu bodoh. kedua, temanmu menjadi sepuh di sma sementara adiknya sudah kuliah.",Neutral
mantan yang masih bisa marah itu dipastikan masih ada cinta.,Neutral
"kebanyakan orang menilai aku sebagai orang bodoh, padahal sebaliknya. selamat pagi dunia.",Neutral
"betul ustaz. saya setuju. kalau dengan saya memang tidak ada perlakuan baik dulu, seperti kata orang tua, uji kesabaran laki-laki dengan membuatnya marah, bersikap kasar, lalu lihat apakah dia bersabar. kalau bersabar dan setia menunggu, jangan lepaskan dia, layak untuk dinikahi.",Neutral
"mereka membenci lucas tanpa mencari tahu kebenarannya. kenapa setelah lebih dari dua tahun debut baru muncul masalah ini. bahkan ada yang menyewa detektif swasta untuk menyelidiki. ini kerjaan sasaeng, karena mereka pembenci lucas.",Neutral
"serius, mie gelas masih dipercaya. di dalam perut seperti ada kuli galian. aku makan dua bungkus langsung bodoh karena kekenyangan.",Neutral
"hasya sangat manis. seperti lexi kecil-kecil seperti mira filzah. dia pura-pura marah karena aku sangat berusaha untuk merayu merald yang sudah berlalu. sudah lah, hasya. abang fazlee sudah bekerja di jkr kota marudu, mungkin bertemu jodoh baru lebih baik dari merald. doakan yang terbaik.",Neutral
"kesal karena waktu istirahat sudah tiba. setelah mengganti baju dan ke kelas, salsa fokus pada handphonenya sambil makan bekal.",Neutral
suatu hari. eh kenalin ini dimas. adikmu. dimas siapa aneh. dimas budek. maksudku dimas siapa kenapa ada di rumahmu ikut foto keluarga. tolol.,Neutral
"tengil, suka marah-marah, songong, tetapi sebenarnya jarang. dia sering galau, sibuk dengan osisnya. kadang manja seperti anak kecil, tetapi lucu. kadang nurut, kadang banyak alasan kalau disuruh makan.",Neutral
tuhanmu tidak meninggalkanmu dan tidak membencimu. perjuangan penerapan syariah. allah maha besar.,Neutral
ini berdasarkan pengalaman pribadiku. sangat memalukan dan bodoh.,Neutral
hanya orang bodoh yang masih mengagungkan seseorang yang tidak tahu bekerja.,Neutral
"jangan mengucapkan kata-kata buruk saat emosi, karena kata-kata negatif tidak bisa ditarik kembali.",Neutral
"mengapa allah menciptakan iblis jika tugas iblis hanya menjerumuskan manusia. pertanyaan bodoh yang sering dilontarkan oleh kaum ateis, sekuler, liberal, dan munafik.",Neutral
"umpama merah adalah simbol cinta dan marah, biru setia pada satu makna, menjadi penyejuk mata. ada yang merayakan perbedaan, ada yang tetap pada pendirian. hanya coretan tanpa makna, mengurai cara pikir manusia.",Neutral
"ketika memiliki kebesaran hati, kita tidak akan mudah marah, kecewa, atau tersinggung.",Neutral
bodoh kok bangga.,Neutral
kurasa miiko satu-satunya orang yang tidak bisa membuat tappei marah.,Neutral
"untuk para pembenci, mungkin pak presiden jokowi hanya tersenyum dan tetap berprasangka baik kepada mereka. tidak terlintas sedikit pun rasa dendam, ikhlas dan sabar seperti nabi muhammad saat dibenci oleh kaum yahudi hindun. begitu lah islam yang rahmatan lil alamin.",Neutral
mengerjakannya dengan sangat bodoh.,Neutral
yang hari ini selalu marah-marah pasti dia penggemar manchester united,Neutral
aku ingin ini bodoh,Neutral
simpati itu teman dan dendam itu musuh - kogoro mouri,Neutral
"sebelum membalas ada baiknya mengerti arti markas utama dan lainnya, daripada terlihat bodoh. ambil contoh, persija dari jakarta, sleman dari yogyakarta, apakah keduanya pernah bermain di rumahnya sendiri",Neutral
bangsat itu apa,Neutral
jangan terlalu merespons serius pernyataan orang yang sedang marah sampai ia betul-betul rileks menjelaskan tanpa kepentingan dari kemarahannya. sebab mengambil sikap dalam keadaan marah akan menjadi kurang bijaksana,Neutral
atasanku kalau suasana hati buruk suka marah-marah tidak jelas. untung aku tidak baperan,Neutral
kalau aku peluk ada yang marah tidak,Neutral
semua yang dimulai dengan rasa marah akan berakhir dengan rasa malu,Neutral
sabar itu terlihat bodoh jika dipikirkan dengan logika,Neutral
"dendam antara partai pribumi bersatu dan umno saja saat pemerintahan nasional, umno menarik dukungan untuk menjadi pemerintah walaupun rapuh, asalkan jangan sampai anwar menjadi perdana menteri, itu dasar dan kebersamaan mereka. saat hasil pemilu melaka dan sarawak bagus, mereka mengincar johor",Neutral
sabar jangan gunakan emosi,Neutral
"tidak galak sama sekali, bahkan dia tidak pernah marah",Neutral
"buat para pembenci, mungkin presiden hanya tersenyum dan tetap berprasangka baik kepada pembencinya. tidak terlintas rasa dendam sedikitpun, ikhlas dan super sabar, seperti nabi muhammad saat dibenci oleh kaum yahudi",Neutral
"semakin sakti seseorang semakin bodoh akalnya, semakin tidak punya apa-apa maka semakin kuat sandarannya kepada allah",Neutral
biarkan saja mereka suka dendam politik akibat kalah pemilu,Neutral
"wansen gemas sekali karena beixing tidak peka, tapi itu bukan salahnya, wansen seperti itu, wajar. kemudian gao ge malah membuat tambah salah paham hanya untuk membuat ayahnya kesal",Neutral
mari kita lihat manusia bodoh,Neutral
"jika dia marah padamu, cium dia",Neutral
orang yang menulis menggunakan emotikon adalah orang yang berusaha meletakkan emosi dalam tulisannya. hargailah,Neutral
"walau tubuh lelah dan lisan tengah marah tetaplah berdoa. sebab tuhan melihat kepasrahan kita yang penuh harap kepada-nya. walau aktivitas kita banyak, indihome tetap menemani urusan daring",Neutral
"warga pakistan memiliki sikap keras kepala, mereka tidak mau mengalah meskipun imran khan berbicara. setiap orang hanya ingin menguntungkan dirinya sendiri",Neutral
"berjualan angin yang diberi tuhan secara gratis juga bisa kaya. kera bodoh menipu manusia bijak, dan berhasil pula",Neutral
partai solidaritas indonesia walau dibenci tetap mengalami kenaikan elektabilitas karena progresnya terlihat jelas,Neutral
"percayalah, diam-diam pasti ada orang yang membenci kita dan membicarakan hal buruk tentang kita",Neutral
buatlah video yang membuat orang marah dan melihat serta menyebarkannya,Neutral
bengong bodoh,Neutral
ketikannya kasar sekali,Neutral
pepatah mengatakan bahwa orang bodoh lebih berbahaya daripada penyakit menular,Neutral
saat menstruasi harus menahan marah,Neutral
"tetapi para pendukung vaksin tetap menolak informasi lain, mereka tetap berharap disuntik kembali. kita yang dianggap bodoh, kita yang dianggap sok pintar, kita yang dianggap penyebar hoaks",Neutral
sedang bodoh saja,Neutral
"aliah tahu aku bodoh, malah memberi ide untuk pindah jurusan ke teknologi informasi",Neutral
"keluarin malah dibilang palsu atau buatan agensi. sebagai penggemar seharusnya kita memperlakukan idola sebagai manusia biasa yang bisa salah, bisa marah, bisa mengumpat",Neutral
"dari film kukira kau rumah, jika kalian mengalami perubahan suasana hati drastis, marah berlebihan, melempar barang saat emosi, itu bisa menjadi tanda untuk berkonsultasi dengan ahli. jadi, waspada ya",Neutral
orang bodoh makan ayam geprek jam segini,Neutral
"dilarang bodoh, setuju. selamat tinggal kebodohan, selamat datang kecerdasan spiritual dan akhlak",Neutral
lagi marah,Neutral
"itu klub kebanggaanmu bodoh, tapi kenapa masih mau jadi penggemarnya",Neutral
antara benci dan rindu - kotoha tanaka,Neutral
balas dendam terbaik adalah menjadikan dirimu lebih baik - ali bin abi thalib,Neutral
bodoh karena cinta dan bodoh biasa beda tipis,Neutral
"muka kucingku seperti itu setelah memecahkan gelas pagi-pagi, jadi tidak bisa marah",Neutral
tolong tangkap orang gemuk yang tidak memakai masker. menteri tidak berani marah kepada temannya,Neutral
"kenapa marah, korban ya",Neutral
itu namanya galak tapi tetap bodoh,Neutral
gubernur sumatera utara diam saja. karena menanggapi keledai bodoh hanya akan mempermalukan. diamkan saja sampai habis masa jabatannya,Neutral
"pasti ada di antara mereka yang mau menjatuhkan satu dari sekian juta orang. allah sayang padamu, allah mau kamu istirahat dulu. tidak apa-apa nikmati saja aturan ini, tidak boleh marah ataupun sedih. pasti ada yang lebih indah dari ini",Neutral
jangan menasihati orang bodoh karena ia akan membencimu. nasihatilah orang berakal karena ia akan mencintaimu - ali bin abi thalib,Neutral
"perempuan cuek kepada laki-laki kadang membuat laki-lakinya marah dan ngambek, sedangkan laki-laki cuek kepada perempuan, perempuannya tetap sabar",Neutral
biasanya pagi-pagi aku mengamuk. masker pun bisa jadi penyebab aku marah lalu ingin merebut masker putih padahal itu untuk pergi kerja,Neutral
"marahku tidak aku jual murah. aku marah padamu. lalu ditanya siapa yang menyakitiku. entah makhluk langka apa yang berhasil menyakitiku, cinta",Neutral
"sikap terbuka lebih menyenangkan. hasil penelitian universitas negeri washington menunjukkan sikap terbuka dapat menciptakan perasaan positif. mereka yang berperilaku terbuka juga lebih menyenangkan, teliti, dan memiliki emosi stabil. sebabnya mereka tidak terbebani tekanan luar",Neutral
"dendam menyebabkan imunitas tubuh kita mati. dari situ bermula awal segala penyakit, stres, kolesterol tinggi, darah tinggi, jantung dan lain-lain",Neutral
"ramalan zodiak sabtu lima februari dua ribu dua puluh dua, emosi positif",Neutral
hanya orang bodoh yang melakukan kesalahan yang sama berulang kali,Neutral
aqis masih pagi tidak boleh marah-marah,Neutral
perubahan emosi dalam sehari,Neutral
ibumu sudah marah-marah belum pagi ini,Neutral
"tidak apa-apa, kamu bisa marah kok, manusia pantas untuk marah atas perlakuan tidak adil, tetapi jangan sampai berpengaruh pada masa depanmu, cukup masa lalu saja, di masa lalu dia sudah membuang waktumu jadi jangan sampai di masa depan dia membuang waktumu lagi dengan cara yang berbeda",Neutral
emosinya sampai ke kita ya saat menonton,Neutral
jika kamu benar maka kamu tidak perlu marah. jika kamu salah maka kamu wajib minta maaf,Neutral
aku sudah di tahap pasrah. mencoba menjadi orang baik sebisa mungkin tanpa memandang bulu. selebihnya kalau ada yang benci dan tidak suka itu hak mereka. aku sih masa bodoh,Neutral
membacanya lucu. pasti marah karena uang rakyat dikorupsi. bagaimana investor mau berinvestasi kalau uangnya dimakan pejabat,Neutral
"salah satu manfaat membalas dengan kebaikan adalah tidak perlu bermusuhan, tidak perlu capek marah-marah, ada saatnya mereka melihat nilai dirimu dan datang kepadamu",Neutral
aku benci menganggap enteng apapun tugas yang diberikan,Neutral
emosi tidak akan membimbingmu pada pemikiran atau tindakan positif. oleh sebab itu kamu harus tenang,Neutral
masa bodoh dengan virus maksudnya,Neutral
"seharusnya anda bijak dalam memberikan data, awal mereka berbisnis itu sejak zaman sby atau jokowi? kalau bodoh diam, kalau pintar ajari",Neutral
"ini ide yang keluar saat aku berpikir keras untuk ide cerita selanjutnya, kenapa melenceng ke benci jadi cinta",Neutral
di antara banyak sifat orang bertakwa adalah pandai menahan marah dan mudah memaafkan sesama manusia,Neutral
aku tidak mau emosi ya,Neutral
"syiah akrab dengan orang kafir, makanya mereka begitu benci dengan islam dan ulama",Neutral
lebih ke bodoh kalau aku,Neutral
dua ribu dua puluh dua tetap bodoh,Neutral
bila merasa sebal atau iri tapi tidak membenci seperti ini lah,Neutral
"hal itu berjalan selama setahun lancar tanpa halangan. tetapi suatu ketika dana mengetahui semua yang dilakukan anak bungsunya selama setahun itu. dirinya benar-benar marah, tidak terima dengan perlakuan fauzan",Neutral
jika kau tidak bisa mengendalikan emosi dan pikiranmu kau akan lemah,Neutral
"lima februari dua ribu dua puluh dua tepat satu tahun banyak penyesuaian, adaptasi, jengkel, menyebalkan, walaupun aku suka ngambek kadang frontal tapi tetap harus memahami dan cepat menyelesaikan. ah beli kue tart dulu",Neutral
aku tidak sok pintar mungkin kamu saja yang terlalu bodoh sampai melihat aku seperti itu,Neutral
"lagi memilah baju lama di lemari untuk disumbangkan, lalu menemukan baju yang paling dibenci suamiku, karena dia tahu persis aku dapat baju itu dari mantan",Neutral
"saya saja suka sendok, kalau suka kamu nanti garpu marah",Neutral
ada rasa kesal ketika orang lain berprasangka atas apa yang kita kerjakan. tetapi sering kali kita tidak bisa mengonfirmasi seluruh pekerjaan yang kita lakukan,Neutral
jadi orang yang sulit mengontrol emosi. akhirnya sampai sekarang tetap sulit,Neutral
"cara move on tercepat yang tidak direkomendasikan adalah membuat dia ilfeel atau benci sama kita, begitu sebaliknya",Neutral
"mau seburuk apapun kamu, sebanyak apapun kesalahanmu, jangan sampai kamu membenci dirimu sendiri, karena yang harus kamu lakukan hanya satu, belajar dari semua yang sudah terjadi. kamu akan spesial bagi orang yang tepat",Neutral
tumben tidak marah-marah,Neutral
kadang disangka marah padahal biasa saja,Neutral
"saat si bodoh merasa ikhlas dengan kebodohannya, di saat itu si alim bersedih dengan ilmunya",Neutral
pamer adalah ide yang bodoh untuk sebuah kemenangan,Neutral
menanamkan kesadaran bahwa allah tidak suka kalau kita marah,Neutral
kalau dia marah pacarnya digandeng. tanya punya surat izin pacaran atau tidak. kalau memukul laporkan ke polisi,Neutral
jangan marah-marah,Neutral
"aparat seakan-akan memancing emosi rakyat. yang jadi pertanyaan untuk apa? apakah aparat sebenarnya ingin bentrok dengan rakyatnya sendiri? hukum tidak ditegakkan secara adil, ulama dipersekusi, umat muslim dituduh radikal, pedagang kecil didenda tidak wajar",Neutral
kenapa kamu bodoh,Neutral
"merasa pintar, bodoh saja tidak punya",Neutral
seharusnya yang bodoh saja masih percaya pada mereka berdua. partai harapan tidak akan jatuh sampai pemilu lima belas. tetapi karena kebodohan sendiri maka hilang semua,Neutral
"atas nama hak asasi manusia, guru dilarang marah kepada muridnya, polisi dilarang membunuh penjahat, suami dilarang tegas kepada istrinya, orang tua dilarang mengatur anaknya. kebanyakan yang dinilai hanya tindakan bukan penyebabnya. bisa jadi korban itu yang salah yang memancing kekerasan itu",Neutral
"tenang ellie, aku di sini menemanimu agak bodoh sedikit",Neutral
yang paling penting aku tidak mau jadi bodoh karena orang lain,Neutral
sudah dibikin malu lewat media sosial lalu dengan gampangnya mau diajak balikan. kalau tidak bodoh apalagi namanya,Neutral
benci jadi cinta jeongharu cerita satu tweet,Neutral
dulu saat gus dur dijatuhkan bukan tidak sedikit yang mencintai dia. tapi dia pergi dari istana dengan kondisi serendah mungkin agar yang mencintai dia tidak marah pada yang menjatuhkannya,Neutral
pura-pura bodoh padahal tahu semuanya seru sekali ya,Neutral
kenapa dia marah-marah,Neutral
"kamu makin tampak bodoh. banyak sumber yang dapat digunakan sebagai bahan perbandingan untuk memperoleh informasi yang benar, bukan hanya lewat nuonline. jangan malas mencari atau menjelajah untuk mendapatkan informasi yang benar",Neutral
cara terbaik untuk membalas dendam terhadap orang yang menghina anda adalah menjadi lebih berhasil daripadanya,Neutral
"karena bisanya cuma itu saja, aku bodoh soalnya",Neutral
tinggi di depan,Neutral
kadrun pintar mencari pengikut dari kalangan publik figur yang bodoh,Neutral
karena motivator terbaik adalah dendam,Neutral
"tidak dendam, cuma di otak berpikir kok bisa seperti ini",Neutral
jangan kesal kalau dia masih bisa bawel untuk mengingatkan kamu. justru kamu harus sedih kalau dia sudah tidak pernah bawel dan tidak pernah mengingatkan kamu lagi,Neutral
aku benci selalu merasa bersalah tapi kamu pantas merasakan rasa ini sekarang,Neutral
"jika istrimu membuatmu kesal sekali lagi, tahan sabarmu lagi. jangan pukul dia. kalau memang sudah di batas kesabaranmu, kembalikan dia kepada saya. saya siap menjadi satu-satunya lelaki yang mencintai dia sekali lagi",Neutral
"jadi ingat waktu kakak menikah, ayah juga bilang hal yang sama. dia bilang sebelum ada lelaki lain yang mencintai dia, ada seseorang yang mencintai dia terlebih dahulu yaitu ayah. jika istrimu membuatmu kesal, tahan kesabaranmu, jangan pukul dia",Neutral
kalau aku melempar batu ke kamu marah tidak,Neutral
"tidak keduanya, cuma aku paling tidak bisa menahan nafsu untuk tidak marah-marah",Neutral
"tidak rugi ketiduran, pertandingan barusan sangat menguras emosi di pagi hari",Neutral
"dulu benci sekali sama picknava, eh malah dimanja terus tiap bulan",Neutral
"tidak perlu bersusah payah membalas dendam, cukup maafkan setiap kesalahan. karena memaafkan adalah balasan yang terbaik",Neutral
kamu tidak sendirian kakak. kadang kakak sama temannya suka bilang begini karena saya dewasa sekali dan tahu cara membuat ibu tidak marah sama saya,Neutral
"tumben ya, fans emyu tidak marah-marah di lini masa sudah bisa ya",Neutral
"masa kecil aku belajar puasa dari makan, minum, dan tidak mengorek hidung. setelah baligh baru rajin pergi tarawih. dewasa belajar mengontrol ucapan, emosi, dan banyak refleksi diri. untuk selanjutnya mungkin harus belajar sesuatu dari buku ini pula",Neutral
kostum rumput laut vs motif hello kitty pertempuran paling absurd. lagian kenapa denise marah bajunya dibilang motif hello kitty,Neutral
bekmya masih tolol-tolol,Neutral
ya tidak bodoh-bodoh amat lah aku,Neutral
balas dendam terbaik adalah dengan cara menjadikan dirimu lebih baik,Neutral
"dua mode satu ekspresif satu diam. kalau ekspresif berarti masih biasa saja, kalau sudah diam berarti sudah marah sekali",Neutral
negara juga tidak bodoh. tidak perlu sok-sokan memancing atas nama kebebasan informasi kalau tujuannya hanya membuat propaganda,Neutral
orang islam tidak butuh orang bodoh,Neutral
sesungguhnya ada dua hal pada dirimu yang dicintai oleh allah yaitu sikap lemah lembut dan tidak mudah marah,Neutral
jangan balas dendam,Neutral
aktivis persekongkolan bangsat indonesia,Neutral
padahal fans secret number sendiri sebagian besar benci vine entertainment. terlihat sekali seperti tidak ada ketegasan dalam mengurus artis atau mengklarifikasi berita,Neutral
"dan yang booster bisa jadi orang yang tidak bodoh dan ekonominya tidak pas-pasan, jadi tidak ada masalah untuk tes swab, jadinya ketahuan positif",Neutral
"kamu masih saja seperti anak-anak. bagiku, balas dendam adalah segalanya. kalau dendamku bisa terbalaskan",Neutral
"tidak tahu ya mungkin bukan dia benci, cuma cemburu saja mengiranya aku mengambil miliknya. namanya juga manusia tidak mungkin sempurna, sudah berusaha jadi orang baik juga yang tidak suka pasti ada",Neutral
cara terbaik untuk membalas dendam terhadap orang yang menghina anda adalah menjadi lebih berhasil daripadanya,Neutral
"marah itu gampang. tapi marah kepada siapa, dengan kadar kemarahan yang pas, pada saat dan tujuan yang tepat, serta dengan cara yang benar itu yang sulit",Neutral
"tidak konsisten. tidak menentu, serba berlawanan, dengan tindakan dan emosi yang tidak berdasarkan logika",Neutral
saya tidak pernah berhenti menggeleng melihat dokter-dokter pakai aplikasi tiktok. rawan berbuat bodoh dan multitafsir di platform itu. tidak semua orang mahir menempatkan diri dan mengatur ekspektasi orang lain di ranah publik,Neutral
sebanyak delapan puluh lima persen wanita dan tujuh puluh tiga persen pria mengakui bahwa rasa marah dan kesedihan akan berkurang setelah menangis,Neutral
"pingsan saja tidak usah pakai chat dulu. kasihan calon mertua nanti mengangkat keberatan. jangan lama-lama tapinya. biarkan saja orangnya. rasa rindu sudah meluap-luap bagaimana dong. tapi senang kan melihat dia walau marah. setidaknya bapak lega, dia tidak seperti yang bapak pikirkan",Neutral
"mazhab satu hanafi cadar sunnah dan wajib ketika khawatir menimbulkan fitnah. dua maliki sunnah dan wajib jika khawatir fitnah. tiga syafii cadar wajib. empat hambali cadar wajib. bagi yang membenci ini maksudnya apa. kalau belum bisa lebih baik diam saja. kalau anda membenci, dipertanyakan anda siapa",Neutral
"normal. aku selalu berpesan kepada adikku jangan berkeliaran sembarangan. jangan pergi ke warung depan takut nanti ditabrak motor. kalau lapar pergi ke kamar ayah, ambil makanan dari mereka",Neutral
"telah tertulis dalam hikmah, sesungguhnya dari sifat malu itu terdapat ketenangan dan ketentraman",Neutral
mungkin kaget bangun,Neutral
tuhan selalu memiliki cara untuk membuka matamu atas orang-orang yang berusaha memanfaatkanmu. jangan pernah ragu akan hal itu,Neutral
"kaget menikah bagus juga walaupun sedikit aneh, tapi oke besok-besok nonton di wetv",Neutral
anggota dpr kaget lalu berteriak bebaskan rizik dewa baliho,Neutral
aku kurang tahu juga tentang yedam tapi kenapa saat yedam membuka maskernya semua orang kaget ya. berarti kalau jwoo nanti mereka sudah tahu dong,Neutral
sampai sekarang aku tidak tahu tadi saat dia di rumah sakit bocah yang takut sama dia perempuan atau laki-laki,Neutral
akhirnya satu fandom tidak jadi malu,Neutral
unduh video 2021 indonesia terbaru,Neutral
ayo nder lirik dia sebelum teman makin khawatir. ini thread jualan dia ya nder,Neutral
aku masih pegang customer service juga buka preloved buku dan sering mendapat pertanyaan detail seperti ini meskipun akhirnya mereka tidak jadi beli. awal-awal agak malas tapi makin kesini aku sadar juga zaman sekarang banyak yang jual barang palsu dengan harga normal. jadi penjual memang harus sabar,Neutral
untung bukan kereta apinya yang kaget,Neutral
fomo adalah singkatan dari takut ketinggalan yang berkaitan dengan perasaan takut tertinggal karena tidak mengikuti suatu aktivitas atau tren tertentu,Neutral
ncts yang lagi menunggu comeback nct mana suaranya. yuk sini kita menabung buat persiapan comeback biar tidak panik nanti kalau pengumuman comeback. boleh pesan langsung dulu kok,Neutral
"debut dua puluh tahun, boa sebut pertama kali melakukan hal ini bersama anggota got the beat, membuat karina aespa dan taeyeon snsd kaget",Neutral
"iya aamiin, coba terus saja kalau tidak begitu biasanya bisa malam hari karena akses tidak banyak. jangan panik okey",Neutral
bappenas mengakui saat melakukan kunjungan kerja ke proyek kereta cepat jakarta-bandung ditemukan tukang las yang merupakan tenaga kerja asing dari china,Neutral
dengarkan musik sambil streaming video klipnya tidak takut menghabiskan kuota kalau pakai indihome,Neutral
kita sangat khawatir ada orang yang melihat dan mendengar maksiat yang kita lakukan di balik dinding sampai lupa bahwa ada allah maha melihat di mana pun kita berada dan malaikat-nya yang selalu berada di sisi kita mencatat,Neutral
"simpan permanen sudah bisa mulai nanti jam tiga sore sampai tanggal lima belas februari jam tiga sore. data diri, foto semuanya masih bisa diubah kalau belum simpan permanen. saran aku, dari sekarang sudah isi semua data diri, unggah foto dan lain-lain jadi nanti tinggal simpan permanen saja tidak panik dengan hal lain",Neutral
pura-pura kaget atau mau cuci tangan,Neutral
itu lah lihat biceps kiri pun terlihat bekas bcg itu. kalau bukan karena vaksin itu sudah cacat kena cacar air,Neutral
apa takut dengan imbas politik akhirnya hukum hanya sebatas lambang,Neutral
"jual aplikasi premium dari netflix, spotify, disney plus, viu, iqiyi, wetv, youtube, hbo go dan lainnya. harian bulanan pembayaran via ovo, gopay, spay, dana. garansi penuh harga terjangkau terpercaya seratus persen. jangan ragu untuk bertanya dan pesan",Neutral
tidak malu apa,Neutral
"jangan takut oleh jarak, karena jarak yang telah mempertemukan kita",Neutral
"jangan khawatir kalau gavi, araujo yang dikhawatirkan pindah. dapat tawaran dari chelsea dengan gaji besar",Neutral
kalau makji sudah aktif seperti ini pasti otomatis berharap dapat saldo kaget padahal sudah sering sadar kalau akunku di lapak makji itu gaib walaupun setiap hari ikut ramai,Neutral
ya kali baru kaget sekarang,Neutral
cara melawan maskulinitas rapuh salah satunya adalah dengan mendukung laki-laki agar tidak ragu merawat dirinya sendiri,Neutral
dengan majikan lewat lima menit pun kita takut tapi dengan allah kita langsung tidak takut. kadang-kadang sholat dekat habis waktu,Neutral
karena minum kopi kah jadi gugup tadi,Neutral
"dia takut aku tidak jadi kembali. padahal niatku baik membelikan mereka ikan, udang, dan lain-lain buat lauk mereka, tapi disambut seperti itu. ya ampun aku masih belum sadar disitu",Neutral
claire tersenyum kecil dan menerima permen tersebut dengan suara terima kasih yang pelan. ia membuka bungkusnya dan tanpa ragu mengambil salah satu manisan berbentuk kacang tersebut dan mencicipinya,Neutral
iya asal jangan terlalu malu,Neutral
"hati-hati terhadap akun palsu yang mengatasnamakan bank mandiri dan meminta data rahasia. untuk informasi produk dan promo menarik bank mandiri, bisa chat mita di whatsapp resmi",Neutral
"jadi dirimu sendiri agar ketika seseorang mencintai, kamu tidak perlu takut dia akan menemukan bahwa kamu bukan orang yang dia cintai",Neutral
aku kaget pc aku ternyata sudah seratus tiga belas termasuk yang sedang dalam perjalanan ke indonesia mungkin untuk ukuran kolektor aku termasuk paling sedikit karena ini digabung dengan pc grup lain cuma sekitar dua puluh pc dari grup lain,Neutral
iya karena malu tidak sih jawabnya lagi rebahan,Neutral
jangan panik nder terakhir tanggal lima belas,Neutral
tidak jadi malu,Neutral
"alasan lagi-lagi karena takut dipakai untuk hal-hal negatif. mungkin mereka tahu kalau roleplay itu ada konten tidak pantasnya, makanya sampai sekarang baru aktris thailand saja yang tidak mau dipakai wajahnya. aktornya belum",Neutral
makan coklat tidak takut gigi rusak,Neutral
ngapain takut,Neutral
kaget indikasi tidak menguasai persoalan dan tidak memahami perkembangan,Neutral
ya sama-sama ayo tidak takut,Neutral
jangan malu,Neutral
surat ojk palsu easy property pt indonesia zaman sekarang,Neutral
sabar sabar kaget dengan crossovernya. chigiri pulang kunigami sudah menangis di pojokan,Neutral
takut bohong ya,Neutral
akhirnya kita tidak malu lagi karena benar,Neutral
fakta menurut kajian tidak boleh berlebihan minum air kelapa takut nanti jadi santan dalam perut,Neutral
"saling menyayangi, saling memiliki, saling membutuhkan, saling takut kehilangan itu yang terpenting",Neutral
oalah ruangannya mau ada yang pakai ya kirain kenapa tiba-tiba selesai,Neutral
"jual aplikasi premium dari netflix, spotify, disney plus, viu, iqiyi, wetv, youtube, hbo go dan lainnya harian bulanan pembayaran melalui ovo, gopay, spay, dana garansi penuh harga terjangkau terpercaya seratus persen jangan ragu untuk bertanya dan menghubungi",Neutral
jika malu maka perutmu tidak akan terisi jadi dalam melakukan pekerjaan halal jangan malu karena malu akan menghambat rejekimu,Neutral
"mata berkunang-kunang, jika main hp makin stres dan panik dibuatnya paling terasa siang hari. perasaan akan timbul tidak enak kalau berada di kamar yang kedap, tapi kalau di luar ruangan justru oke. sudah berjalan delapan hari",Neutral
pembelian panik menyebabkan kekurangan telur ayam,Neutral
selamat siang pengirim kebetulan saya tersedia sekarang dan lagi senggang karena tidak ada kegiatan. bisa ngobrol dan jika butuh saran saya bersedia membantu. bisa cerita apapun tanpa takut,Neutral
"bigbang alive tour dua ribu dua belas memang sudah lewat, tapi untuk para vip yang mau koleksi aksesorisnya jangan khawatir langsung cek favorit kami",Neutral
saturasi kamu di atas sembilan puluh tujuh kan iya aku mau tes maju mundur takut. semoga cepat sembuh istirahat yang banyak jangan banyak pikiran,Neutral
halo cantik kebetulan aku sering dicurhati soal move on dan bisa kasih saran dengan jujur dan tegas namun tetap dengan cara lembut. aku sering dijuluki konselor oleh teman-teman jadi jangan ragu untuk bercerita,Neutral
maksudku perjalananmu ke sini tapi junsoo-ya sudah bertahan sejauh ini sangat menakjubkan erangan itu meski samar terdengar. roman cemas tetap terlihat. mereka sudah lama dipisahkan jarak chaewon,Neutral
"anak sd zaman sekarang tidak ada takut-takutnya. jangankan hujan dengan gurunya saja tidak takut, mereka hanya takut kalau tidak dapat uang jajan",Neutral
aku ikut merasakan malunya tidak apa-apa kita berbagi malu,Neutral
harga sesuai pasaran takut merusak harga pasar,Neutral
chaeng kaget tidak ya berasa di surga gitu tidak sih disamperin bidadari,Neutral
bukan cantik yang feminin tapi seperti perempuan yang membuat aturan hidupnya sendiri. semua orang memang begitu tapi dia terlihat berbeda seperti perempuan mandiri yang kuat namun tetap ramah,Neutral
kaget saja heran saja ngomong saja,Neutral
halo pengirim ayo sini kita ngobrol. aku mendengarkan keluh kesah kamu sambil memberi saran jangan takut untuk mengungkapkan semua keresahan dan isi hati tentunya tidak menghakimi,Neutral
ngapain takut membuka akun pertama kan aku punya allah,Neutral
trailer film kaget nikah episode sepuluh sudah keluar jangan lupa dinikmati. kelahiran dua ribu dua puluh lima jangan menonton dulu karena belum dewasa,Neutral
jangan tegang,Neutral
"aku juga tadi salah jawab nder tapi tidak apa-apa biarkan saja. lagian kamu sudah hebat mau dan berani menjawab pertanyaan gurunya, jadi tidak perlu malu ya nder",Neutral
kalau mereka main bareng lagi aku tidak kaget,Neutral
ikut-ikutan kaget,Neutral
pura-pura kaget supaya tidak malu,Neutral
heran saja kaget saja ngomong saja,Neutral
saya tersedia hari ini sampai tanggal sebelas. saya bukan hantu jadi tidak suka menghilang malah suka mencari takut kamu hilang. banyak yang bilang saya seperti om-om dari segi dewasa dan leluconnya,Neutral
hai kak lagi cari aplikasi premium cepat lengkap fast respon dan testimoni di pinned yuk langsung pesan. jual netflix murah spotify wetv kaget nikah all of us are dead,Neutral
ada juga kak nderr kalau masih ragu boleh cek dulu profilnya di flipbook atau langsung hubungi charie,Neutral
maaf tapi kenapa takut kalau sertifikat vaksin jadi putih. selama sudah ambil dua dosis harusnya dilawan balik meskipun diancam,Neutral
jangan takut akan perubahan kita mungkin kehilangan sesuatu yang baik tapi akan mendapatkan sesuatu yang lebih baik,Neutral
yang serius hubungi saya saja saya tidak menerima brondong yang malu,Neutral
sedikit-sedikit kaget,Neutral
aku tidak bisa merekomendasikan punyaku karena ada cacat sedikit dan bau karetnya menyengat. banyak kok toko yang jual kamu ketik saja sandal beruang,Neutral
kalau takut lupa atau tidak sempat bisa minta tolong teman buat login nder semoga bisa cepat login lagi ya,Neutral
arti mimpi menggali kuburan yang menakutkan tidak perlu takut saat mengalami mimpi itu,Neutral
kalau ketemu dongkrak antik apa tidak malah takut bocah,Neutral
salah satu sudut bibirnya kembali tertarik ke atas membuat senyum tipis di paras tampannya. dengan semangat ia melanjutkan bait dari lagu anak sekolah ini tiap kali kau bermanja gemetar rasa di dada ingin membisikkan cinta tapi hati ini malu jadinya,Neutral
hai bestie sini. cari aplikasi premium cepat lengkap fast respon dan testimoni di pinned yuk langsung pesan. jual netflix murah spotify wetv kaget nikah all of us are dead,Neutral
ikuti saja nel coba nanti kamu kenal sendiri anaknya bagaimana tapi jangan kaget kalau kisah cintanya sangat kasihan,Neutral
hai kak eka terima kasih jika tidak ada hal lain yang ingin ditanyakan. jangan ragu menghubungi kami kalau ada pertanyaan,Neutral
tidak kaget karena kamu pantas mendapatkannya,Neutral
tidak perlu terbebani harus menang karena orang lain juga panik di sini jadi tenang saja,Neutral
hai kak maaf terkait kendalanya terima kasih telah menggunakan layanan anteraja. kalau ada kendala lain jangan ragu menghubungi kami,Neutral
ini memang terlambat tapi ada satu kalimat dari cerita kamu yang paling aku ingat bukan karena tegang tapi karena sayang. kapan pun kamu bilang aku akan tetap mendengarkan,Neutral
varian omicron memiliki karakteristik cepat menular dengan gejala ringan bahkan tanpa gejala dibandingkan varian sebelumnya. bagi yang terkonfirmasi positif tetap tenang dan jangan panik. selalu jaga protokol kesehatan,Neutral
karena berita palsu bisnis kami jatuh sos aminah hassan ingin bangkit kembali,Neutral
bergabunglah ke bn dapat makan mewah tidak pelit. baru semangat bekerja. lihat semua muka tersenyum. kalau di meja muda hanya tunduk pandang lauk,Neutral
dia membuat thread nanti dia sendiri yang malu karena bukan tanggung jawab penjual kalau sudah login,Neutral
artinya membuat kaget,Neutral
aamiin semoga semua doa baik kembali ke kamu. aku ingin iseng mendaftar fansign tapi ragu karena bahasaku belum fasih. kalau untuk konser masih bisa diusahakan,Neutral
jangan takut angkat tangan saja lalu bilang maaf saya ada pertanyaan,Neutral
"introvert juga tidak sama dengan pemalu atau takut dengan sosialisasi. introvert sama saja seperti orang pada umumnya. sosialisasi itu tidak sulit bagi mereka, hanya saja sosialisasi menguras energi",Neutral
"menurutku secara akting sudah tidak diragukan lagi si prilly, pesannya juga dapat. hanya dari segi alur agak tidak pas. membuat kaget kenapa bisa begini atau begitu, akhirannya agak menggantung. tujuh setengah dari seratus",Neutral
tidak apa-apa kalau merasa yakin teruskan jangan takut,Neutral
"pejabat pura-pura kaget terus tapi jantungnya kuat saja karena kagetnya sebenarnya tidak kaget juga, sudah tahu",Neutral
"ada ceramah ustaz tentang riya. jika kita ingin solat di rumah orang dan takut riya, tetap lanjutkan solat. karena jika meninggalkan solat karena takut riya itu justru riya",Neutral
mulai dua belas ribu saja hai kak lagi cari aplikasi premium cepat lengkap fast respon testimoni di pinned yuk langsung hubungi,Neutral
tidak apa-apa kalau tidak aneh takut pemilik baru,Neutral
aku sebenarnya panik tapi tetap cantik,Neutral
sudah makan sayang. sudah. makan saja aku jadi takut. nes pernah merasa rumah kita terlalu sepi tidak. iya tapi tidak apa-apa sudah biasa. kamu kesepian tidak sendirian di rumah tidak ada teman. hmm kadang. tapi aku bisa main ke rumah teman. mam ini ada apa sih,Neutral
sudah ah kamunya ada-ada saja lanjut ya tante hadiah utamanya belum nih pengen rasain mulut tante iya iya tapi jangan di sini di kamar tante saja yuk malu nih di depan niko setuju jaka mereka kemudian bangkit dan menuju kamar anisa,Neutral
untung tidak malu se fandom,Neutral
malu di jalan sesat bertanya,Neutral
"ketika ragu menghampiri ikuti kata hati. beri pertanyaan, rasakan jawaban. terkadang kamu harus belajar mempercayai hati",Neutral
infp sepertinya panik di semua hal,Neutral
panik kenapa atuh kakak,Neutral
aku baik-baik saja tidak perlu khawatir susan,Neutral
sini aku temani biar tidak takut kalau gelap,Neutral
bukannya yang sudah malah dihimbau dilindungi dari yang belum karena ada kekhawatiran bagi yang sudah akan sakit oleh yang belum. pandemi ini memang ujian kecerdasan,Neutral
tidak kaget ada manajemen rating aplikasi di playstore,Neutral
bismillah saja mereka takut aku masuk grup neraka padahal aku sering buat grup itu jadi neraka,Neutral
lama-lama juga terbiasa teknik ke akuntansi kaget dan gugup karena baru awal,Neutral
tidak heran coba apalagi bisanya cuma begitu,Neutral
aku last seen saja kadang lupa kalau whatsapp ada last seen tapi enak saja tidak tahu kenapa. kalau centang biru tetap aku nyalakan supaya yang chat tahu kalau pesan penting sudah dibaca,Neutral
kenapa komennya pada takut sih,Neutral
jangankan jatuh setetes air matamu selembar daun jatuh pun allah tahu. jangan ragu akan kebesaran tuhan yang sudah mencukupi semua kebutuhanmu,Neutral
cara jitu lepas tanggung jawab saya kaget,Neutral
jangan takut aku tidak menggigit,Neutral
aku berlari sendirian sekitar jam delapan malam di area kj. parkir mobil di pinggir jalan lalu selesai dua tiga putaran mungkin. kemudian ada paman bertanya kamu tidak takut lari sendirian. aku jawab baik-baik saja sudah biasa. sampai putaran ketiga dari jauh aku melihat ada pria mengamati mobilku. aku berhenti seratus meter jauhnya,Neutral
semangat lzj ketemu lky lagi semoga bisa menang sekarang takut banyak yang anu lagi nanti kalau kalah stay strong,Neutral
sudah dianggap anak mana ada takutnya dia selain itu dia percaya dengan hal begitu,Neutral
tidak malu,Neutral
orang yang mendapat malu di suatu pertemuan aku pilih di tahun dua ribu dua puluh dua,Neutral
aku pernah nanti dikasih pertanyaan kamu individualis atau suka berkelompok jawab saja iya tidak ragu,Neutral
tugasnya membina prajurit tni ad untuk membela nkri dari rongrongan kkb saudara dudung. kita lihat di rusia usa konflik ukraina inggris saat perang malvinas para jenderal memimpin langsung di lapangan. memang militer dididik untuk itu tidak takut,Neutral
tidak malu,Neutral
kalau tidak kaget ya heran cukup di situ saja,Neutral
sebenarnya aku ragu tapi baiklah. dia mengulurkan tangannya malu-malu pada temannya. jangan bawa aku ke tempat aneh-aneh ya,Neutral
alamat palsu atau harapan palsu,Neutral
pebalap motogp enea bastianini harus memakai tongkat untuk mengusir hewan yang ia sebut batman,Neutral
jenis takut penyapu,Neutral
jangan pernah memberi harapan kalau tidak ingin memenuhinya. lebih baik jujur meski pilu daripada bahagia tapi palsu,Neutral
itu maksud pengirimnya alhamdulillah tidak malu,Neutral
malu dia,Neutral
sini kak dijamin file kamu aman tidak ada repository tidak ada plagiarisme proses cepat murah mulai dari dua ribu bisa qris terpercaya seratus persen bisa lihat testimoni di pinned. jangan ragu cek di aku fast respon,Neutral
aku bantu benerin nder,Neutral
iya lebih baik kalau ada chat pribadi atau undangan baru datang semangat pengirim kamu tidak memalukan kamu juga diajak,Neutral
dana receh buat sepuluh orang doakan aku menang siang ini makasih,Neutral
loka buka verifikasi dijamin amanah terpercaya mastip lima belas maret dua ribu dua puluh dua ramah tidak galak. jangan ragu langsung hubungi di bio yang mau verifikasi lainnya juga bisa fast respon,Neutral
sepertinya pada panik simpan permanen data,Neutral
kaget kan kamu,Neutral
jelas agar orang tidak takut sama tni,Neutral
tidak apa-apa kaget saja,Neutral
exol juaranya malu-maluin fandom sendiri,Neutral
mahfud mengatakan berita bohong ini banyak tersebar di sejumlah platform termasuk media sosial yang sebenarnya diharap menjadi wadah interaksi warga secara positif,Neutral
kalau itu jangan deh lebih baik parfum karena bentuknya mirip nanti kalau bed takut ekspedisi kena. berapa jualnya,Neutral
justru yang kalau pas main malah pakai baju haram itu yang bikin malu. masa sekitar rumah kerudungan giliran keluar malah buka-bukaan. justru kebanyakan orang keluar kerudungan tapi daerah rumah ke warung suka pada malas meski seharusnya tetap berhijab karena wajib menutup aurat,Neutral
apa yang membuatmu ragu nak,Neutral
kalau dia memang tidak panik tinggal lepas tangan toh akan dibela pendukungnya,Neutral
halo kesayangan kakak kak vin hadir mau cerita sini sama kakak kakak sudah pernah merasakan dan sering dicurhati soal pergolakan. bisa kasih kamu panggilan bangun biar kamu bisa menentukan langkah kamu selanjutnya. tapi jangan takut kak vin tidak akan paksa kamu pakai yang menyeramkan,Neutral
kriteria alat vital yang enak versi rina panjang tebal lurus atau bengkok ke atas kuat gampang tegang lama keluarnya periode istirahat singkat bisa beberapa ronde,Neutral
berapa episode siapa takut jatuh cinta,Neutral
aku sebagai mantan yeen lovers merasa malu semoga dia cepat tobat dan banting setir jadi yeen pobic,Neutral
temannya juga banyak yang malu melihat noraknya,Neutral
jangan khawatir curtis jones ada di daftar b jadi masih punya kesempatan melihat gocekan jones di ucl nanti,Neutral
yang suka malu-maluin siapa nih kamu kah,Neutral
orangnya hampir mau memukul tapi sepertinya berpikir karena takut salah,Neutral
alamat palsu,Neutral
pantas gelarnya diduga palsu minimal hasil suap. sok keren gunakan istilah tumpangan. buzzer yang profesornya saja kualitasnya begini apalagi yang cuma ikut kajian tiga minggu,Neutral
akan menyelesaikan masalah kita dan kita tidak perlu takut lagi kepada dosis kedelapan. fase klinis dosis kesembilan akan mengesahkan bahwa antibodi stabil setelah dosis kesepuluh. dosis kesebelas menjamin mutasi baru tidak akan terjadi,Neutral
bolos katanya takut kena penyakit,Neutral
itu testimoni dari orang yang memakai maskernya jangan ragu lagi buruan pesan,Neutral
kaget takut karena kemarin mintanya kurang banyak,Neutral
cobalah terapkan dalam diri hidup ini kalau mampu jangan ambil bagian orang yang tidak mampu. karena kalau kita serakah bisa saja orang yang benar-benar perlu tidak dapat haknya. kamu rasa halal tidak bagian yang kamu ambil itu kalau sudah menipu,Neutral
bukan karena takut tapi tidak pernah,Neutral
halo siang kak sambung ke ursula ya maaf sudah membuat gelisah izin cek ya,Neutral
langsung swab pcr ya jangan takut nanti obatnya gratis dari pemerintah biar tidak menyebarkan ke yang lain juga,Neutral
bersabar itu berbeda dengan tidak bertindak karena pesimis dan takut. bersabar itu bertahan dalam kebaikan,Neutral
sebentar lagi mereka kaget karena ada rencana ibukota halu,Neutral
kaget. benar-benar roleplayer thailand yang cewek sepertinya akan tidak ada lagi. berarti benar fanbase sana resmi,Neutral
jangankan fandom lain orang-orang satu fandom mereka saja malu dengan kelakuan circle ini,Neutral
aku baru tahu yukimi keluar dari band karena punggungnya bakal cacat kalau terus main drum,Neutral
rasul palsu sepertinya,Neutral
itu ceweknya sudah kepalang malu jadi buru-buru dikembalikan takut dikira apa lagi,Neutral
seperti tenaga kerja indonesia yang kaget dengan gemerlap kota kuala lumpur,Neutral
tanpa baju kita malu tanpa media sosial kita bosan tanpa orang tua kita tidak ada tanpa allah kita bukan siapa-siapa,Neutral
tidak jadi malu satu fandom,Neutral
jangan ragu-ragu,Neutral
malumu mahkota yang tidak butuh singgasana,Neutral
oh tidak jadi deng sepertinya itu pas sudah berteman dengan orang dapat tiket,Neutral
masih bisa sampai tanggal empat belas jangan panik tenang saja,Neutral
takut tapi tetap percaya diri bismillah bisa,Neutral
berani menahan malu demi menyusui anaknya itulah seorang ibu,Neutral
kami respon via pesan pribadi ya kak untuk nomor internet yang diinformasikan lewat mention harap dihapus karena privasi pelanggan takut disalahgunakan,Neutral
hapuskan semua gelisah,Neutral
jual akun roleplayer y13 f1k dapat password email jarang aktif bukan bekas suspensi enak dinaikkan followers enam puluh lima ribu,Neutral
paling enak berkreasi di kosan,Neutral
erick thohir ajak warga manfaatkan lahan perumahan menjadi lokasi pertanian. erick juga gagas energi tani untuk membumikan semangat bertani dalam masyarakat,Neutral
aku bahagia karena aku bermimpi aku suka bermimpi dan berusaha mewujudkannya,Neutral
bahagia rasanya putri asli papua kakak fientje maritje suebu menjadi duta besar indonesia untuk selandia baru. papua adalah indonesia,Neutral
bahagia rasanya putri asli papua kakak fientje maritje suebu sebagai duta besar indonesia untuk selandia baru papua adalah torang torang adalah indonesia indonesia adalah papua papua harus tetap bersama indonesia,Neutral
kalau komik seperti ini jarang yang berakhir sedih biasanya konfliknya banyak tetapi akhirnya bahagia berbeda kalau sudah masuk di drama biasanya kebanyakan berakhir sedih,Neutral
mungkin lain kali dia bisa menyatakannya secara jelas walau begini dia cukup senang semuanya tenang sampai matanya bertemu dengan mata inupi yang baru saja datang inupi terlihat marah dan kesal dari tatapannya saja draken sudah tahu ia berdehem kecil namun draken,Neutral
ya sudah aku pulang semoga kalian bersenang-senang,Neutral
halo pagi-pagi enaknya jajan di sini ada langsung proses cepat seperti burung legal dan bergaransi pembayaran semua dompet digital hubungi lewat pesan,Neutral
enak tidur saja,Neutral
hidupnya dari bangun tidur sampai tidur kembali diatur oleh ibunya yang percaya apa yang dilakukannya adalah untuk kebaikan samidare tumbuh menjadi kurang berekspresi namun untuk menyalurkan idenya dia memiliki hobi membuat puisi setidaknya ada yang membuatnya bahagia,Neutral
enak menambah tingkat kemalasan,Neutral
kirimlah beras sepuluh kilogram per bulan per jenisnya,Neutral
ketupat tidak enak,Neutral
harus bahagia,Neutral
fakta acak satu cinta mati matematika wajib minat kalau kimia cuma suka saja dua senang membuat nama panggilan aneh untuk teman dekat tiga mudah sakit perut empat teman saya banyak yang tersesat karena saya lima mau jadi anime,Neutral
orang hadir di hidupmu karena sebuah alasan mereka memberimu bahagia dan kecewa ada yang sesaat tetapi ada yang selamanya,Neutral
mau tanya mana lebih tahan donat panggang atau goreng dan lebih enak mana,Neutral
pengingat wikipedia yuk biasakan membuka wikipedia txt minimal satu kali sehari untuk menaikkan tingkat sosial ubah ke mode desktop lalu baca selama tiga hingga lima menit,Neutral
vitamin susu makanan yang enak,Neutral
tinggal sekamar lima orang hemat masak bersama ada yang membawa panci kompor dandang beras kurang enak banyakin micin,Neutral
bahagia adalah ketika dapat bersama saling mencintai tanpa mempermasalahkan kekurangan yang kita punya,Neutral
barang siapa yang membuat ibu dan bapaknya gembira maka sesungguhnya ia mendapat ridho allah,Neutral
tidak ada semangat,Neutral
yang kaca lebih enak menurutku tetapi boleh juga dicoba versi kemasan kotaknya,Neutral
masih mendung cerah,Neutral
enak sekali jadi mba nain,Neutral
enak saja,Neutral
pakai penyangga ponsel enak tidak aku belum pernah coba,Neutral
tangannya digips saja masih semangat bermain,Neutral
bmkg memprakirakan hujan ringan berpotensi terjadi di sejumlah kota besar di indonesia,Neutral
menteri badan usaha milik negara mengajak warga memanfaatkan lahan perumahan menjadi lokasi pertanian erick thohir menggagas program bernama energi tani untuk membumikan semangat bertani,Neutral
mengantuk semangat kerja,Neutral
ayam penyet sambal hijau enak tetapi antriannya panjang,Neutral
lebih enak sahabat dulu baru pacaran kemudian menikah,Neutral
asal bapak senang,Neutral
dia memberi kekuatan pada yang lemah dan menambah semangat kepada yang tidak berdaya,Neutral
parah iya enak rebahan sambil melihat hujan,Neutral
bukan uang banyak yang perlu kita punya tetapi berbicara tentang rencana indah saja sudah bisa membuat kita bahagia,Neutral
cucianku menumpuk gara-gara hujan semalam untung cuaca cerah hari ini,Neutral
karena belum dapat gantinya karena belum tentu kerjaan yang baru lebih enak daripada yang lama,Neutral
malah minyak satu harga hanya ada dalam angan-angan harus produksi sendiri minyaknya,Neutral
enak tidak diperlakukan seperti itu,Neutral
tidak wajib apalagi masih bisa mengakses materi dari guru semangat sekolah,Neutral
jadi lapang terang enak untuk jalan,Neutral
namanya juga hidup enak tidak enak tetap harus dinikmati,Neutral
nanti tunggu waktu luang saja biar enak ngobrol dan panggilan video,Neutral
iya tadi pagi sudah hujan enaknya kenapa,Neutral
teh susu yang membuat enak apanya,Neutral
ketika kamu gembira kegembiraanmu tidak melampaui hakmu ketika kamu berkuasa kamu tidak mengambil sesuatu yang bukan hakmu itulah adab orang beriman,Neutral
dengan bersyukur kita akan senantiasa diliputi rasa damai tentram dan bahagia,Neutral
enaknya makan yang hangat,Neutral
jadikanlah dirimu alasan orang lain tersenyum bahagia,Neutral
belum sarapan ini lagi hujan mungkin indomie soto plus telur enak sekali,Neutral
ceria dan bersinar selalu itu aku melody oshimen melody jkt empat delapan dan official jkt empat delapan berbagi informasi kuis dan permainan,Neutral
aplikasi premium henlo benlo aku jual aplikasi premium nih tidak enak kan kalau acara asikmu diganggu iklan yuk beli aplikasi premium di aku terpercaya legal bergaransi proses cepat minat hubungi lewat pesan atau telepon,Neutral
jika anda ingin bahagia menikahlah dengan pria yang berwibawa wii bawa mobil wii bawa uang,Neutral
jangan mengeluhkan masalah yang datang dalam hidupmu terkadang kamu harus merasakan sakit untuk dapat mensyukuri bahagia,Neutral
diet paling enak disukai semua orang turun berat badan cepat pesan lewat whatsapp,Neutral
jangan pikirkan kegagalan kemarin hari ini sudah lain sukses pasti diraih selama semangat masih menyala,Neutral
setuju apalagi kalau ada edukasi seks serta aborsi yang baik orang-orang jadi paham bagaimana harus memperlakukan seks dan akibatnya selama ini orang-orang hanya fokus ke makin banyak seks bebas makin enak dan seterusnya,Neutral
mari pesan lewat whatsapp saja viu mulai dari enam ribu sudah puas menggunakan sebulan bisa request harga untuk lainnya untuk sementara pembayaran via shopee pay ditutup karena shopee pay saya error saya juga ready preset lightroom lewat google drive tidak terburu-buru,Neutral
ular buaya tikus juga kalau sudah dipanggang pasti enak,Neutral
untuk meraih sukses kita perlu motivasi kuat namun untuk bahagia kita bisa menikmatinya justru saat istirahat dan bersyukur,Neutral
terkadang diam itu lebih enak,Neutral
benar jual beli itu suka-suka whales dikira satu saja padahal banyak dan grupnya juga terpisah mau jual beli juga suka-suka mereka malah kalau jual tidak bilang tiba-tiba minta maaf patokan paling enak ya perdagangan tradisional dan makro ekonomi,Neutral
turun berat badan delapan kilogram solusi diet enak tanpa repot hanya rutin minum jus pesan lewat whatsapp,Neutral
usul oppa diterima senyuman pun diberikan pada pemuda sebanyak apapun kue yang dia makan bukan masalah sebab ia suka makanan manis itu oppa tahu tempat beli kue paling enak tidak kalau tidak tahu eun ae tahu sekali,Neutral
jangan merasa puas dengan pengetahuan yang anda miliki karena samudra ilmu membentang begitu sangat luas dan dalam,Neutral
masih semangat membagikan ulang tidak,Neutral
bakar lumbung mereka curi beras mereka biarkan mereka lapar kemudian datanglah pada mereka dan bagikan sepotong roti katakan pada mereka kamu sangat mencintai dan ingin mereka bahagia yakinlah dengan begitu kamu akan dicintai mereka kemudian minta mereka memilihmu jadi raja,Neutral
namun waktu kamu kembali untuk mengikuti gp sembilan sembilan ada perasaan senang sedih khawatir karena jauh dari rumah karena adanya rasisme karena situasi cina korea namun di sana kamu bisa kembali membuktikan kemampuanmu,Neutral
bibi masak sayur bening katuk dong sama bakwan jagung pakai sambal terasi sama ayam goreng enak nih bibi mau itu menunya iya tetapi tidak ada sayur katuk aku antar yuk ke pasar ya sudah ayo,Neutral
beri garam biar enak,Neutral
apa itu semangat,Neutral
legowo itu adalah semangat,Neutral
bubur tidak enak,Neutral
kita sering mengira diri ini lemah kadang suka tidak puas atas pencapaian saat ini tetapi coba analisis lagi kita juga sudah melakukan hal dengan cukup baik tidak menyerah saja itu sudah nilai plus jadi mungkin akan lebih baik lagi kalau meyakini kemampuan diri sendiri,Neutral
orang yang mata batinnya baik akan bisa menerima kenyataan sebagai fakta dan ia akan bahagia,Neutral
waktu main di pondok mojo area pethok keniten bendo mojo ada malah yang paling enak itu keniten pernah soalnya,Neutral
tidak ileran itu enak saja,Neutral
lanjut teman produk skincare ini lokal yang paling saya suka itu karena tekstur krimnya lembut tidak lengket dioleskan ke wajah terasa ringan seperti tidak memakai apa-apa membuat kulit cerah dan bercahaya alami,Neutral
erick thohir menjelaskan tujuan gerakan energi tani ini dibentuk untuk membumikan semangat bertani masyarakat ia ingin agar masyarakat dapat memanfaatkan lahan perumahan menjadi lokasi pertanian,Neutral
kompor induksi tidak cocok untuk masakan asia terutama masakan indonesia contohnya mau membuat nasi goreng tidak akan enak pakai kompor induksi nasi goreng butuh panas membara sedangkan kompor induksi persebaran panasnya lama sekali,Neutral
sarapan pakai nasi goreng enak tidak ya,Neutral
bahagia itu sederhana cukup dengan selalu bersyukur kepada allah,Neutral
kalau ibu saya koleksi kopi top yang gratis gelas katanya kopinya enak ya sudah ibu beli sekalian dapat gelasnya,Neutral
belum sarapan menunggu menang biar ada semangat lagi,Neutral
justru dibikin supaya ingat kalau sakit itu tidak enak jadi harus menjaga kesehatan,Neutral
enak asal jangan diaduk,Neutral
rehat sejenak dulu kalau sudah penuh semangat lanjut lagi biar enak,Neutral
ada satu lagi harganya lebih mahal tetapi memang bahannya enak sekali nanti saya cek lagi,Neutral
pagi semangat meskipun sakit tifus,Neutral
cerah,Neutral
kalau saya paling tidak bisa pakai skincare kalau belum mandi jadi selalu skincare setelah mandi kalau malam ya mau tidur baru mandi di rumah gerah jadi enak kalau mandi sebelum tidur,Neutral
tumben sekali pagi-pagi sudah semangat biasanya lelah letih lesu,Neutral
sepertinya akan enak sekali,Neutral
benar itu enak,Neutral
tetapi kalau ingin paham lebih baik baca rangkuman di youtube atau google daripada pas lagi dalam permainan,Neutral
isu tentang pendidikan yang paling saya tidak puas dari dulu adalah kenapa sekolah jenis kebangsaan dapat fasilitas lengkap dibandingkan dengan sekolah menengah kebangsaan,Neutral
kenapa bisa kamu semangat,Neutral
belum coba keduanya sih apakah ada yang pakai serum vitamin c malah bukan mencerahkan malah menyebabkan hiperpigmentasi,Neutral
yang enak ya,Neutral
menteri badan usaha milik negara erick thohir mengajak warga memanfaatkan lahan perumahan menjadi lokasi pertanian erick thohir menggagas program energi tani bertujuan membumikan semangat bertani sehingga masyarakat menghasilkan produk pertanian secara mandiri,Neutral
ketoprak lebih enak ya,Neutral
kata temanku enak tapi aku belum pernah mencoba,Neutral
semangat kerja tinggi memang tidak menjamin kita sukses tetapi tanpa semangat sudah pasti kita tidak akan sukses,Neutral
kebahagiaan akan datang ketika anda mampu membuat orang lain bahagia,Neutral
akhirnya setelah beberapa pertimbangan aku tidak menonaktifkan tetapi aku keluar dari aplikasi untuk akun alter aku ini ya karena aku masih belum bisa lepas saja tahun kemarin aku rasa aku sudah cukup puas bermain di sini berarti pesan aku masih terbuka walaupun tidak tahu kapan akan membalasnya,Neutral
sahabat adalah mereka yang mampu mengeluarkan kemampuan terbaik yang ada dalam diri kamu mereka yang selalu memberimu semangat,Neutral
awali harimu dengan mendoakan seluruh keluargamu dan hidupmu agar bisa melalui hari ini dengan bahagia,Neutral
sepertinya pancake enak ya,Neutral
setiap orang punya rumah tetapi tidak setiap rumah memiliki warna yang cerah sesuai keinginannya,Neutral
tidak peduli dengan apapun yang terjadi hari ini miliki senyum yang membuatmu terlihat bahagia dan doa yang membuatmu lebih kuat,Neutral
enak saja pingsan aku kan anak sehat tubuh kuat,Neutral
terima kementerian badan usaha milik negara pak menteri badan usaha milik negara erick thohir dukung gerakan energi tani untuk produk tani mandiri semangat terus pak,Neutral
kegagalan pasti ada tetap semangat jangan putus asa elangga,Neutral
dari daftar putar semangat pagi,Neutral
enak sekali,Neutral
aku sudah menyusun jadwal dan dosen enak jadi pas dibuka tinggal pilih kelas yang sudah aku catat,Neutral
dulu pakai pinguin beli merek yang ada tasnya saja beli yang ponco saja lebih enak dipakai,Neutral
dua ribu dua puluh dua aku tahu berat sekali ke depannya jujur jalanku buntu aku hanya mau mengikuti alurnya saja tetapi aku percaya sedih itu seperti bahagia semuanya sementara habis sedih pasti nanti bahagia begitu juga sebaliknya semuanya bersifat sementara tidak apa-apa ya hatinya seluas samudra,Neutral
nasi cikur itu nasi goreng pakai cikur ya enak pakainya,Neutral
dengan energi tani semoga petani bisa membumikan semangat bertani erick thohir,Neutral
sarapan springhill tingkat rendah yang enak hanya sosisnya,Neutral
selalu guru ingat karena kelasnya berbeda vibesnya penyerap energi guru karena seperti guru sebelum masuk kelas mipa tiga awalnya santai santai saja ada yang semangat pas keluar kelas terasa seperti keluar dari sistem karena energinya terserap oleh kelas,Neutral
semangat ya,Neutral
semangat empat puluh lima,Neutral
jangan pernah lelah dan putus semangat karena ini derby della madoninna milano siamo noi momen derby della madoninna kapan yang tidak terlupakan buat kalian,Neutral
jangan takut karena menang itu membuatmu bahagia,Neutral
jika kamu melihat matahari saja tidak sanggup apalagi melihat sang pencipta,Neutral
para kecoak dan tikus curut setiap pagi sarapan dengan melakukan imajinasi lewat tagar yang mereka buat sendiri iya karena hanya dengan cara itu mereka bisa merasakan senang dan menang,Neutral
apakah benar kalau perempuan dan laki-laki sahabatan tanpa melibatkan perasaan itu terkesan tidak mungkin ya padahal sahabatan dengan lawan jenis itu enak sekali kalau lagi saling curhat apalagi tentang pasangan masing-masing ya walaupun sering dicemburui sama pacar sahabat kita,Neutral
hai teman smartfren biar makin semangat lihat kucing lucu gemesin sekali ya,Neutral
tidak perlu kesempurnaan untuk bisa berbahagia jika kesederhanaan mampu membuatmu menjadi bahagia,Neutral
kalau habis sakit lalu sebats sudah terasa enak lagi itu tanda sudah sembuh,Neutral
lockey sejati semangat,Neutral
apa aku beres dua rumah dulu ya biar enak,Neutral
pemilu itu hanya masalah selera ibaratnya ada yang senang pakai wc duduk yang lain senang wc jongkok yang keluar sama saja,Neutral
enak enak saja ah,Neutral
info warung babi enak malang,Neutral
sudah semua dan aku suka semuanya tetapi tidak tahu kenapa yang bebas laktosa lebih enak daripada yang full cream,Neutral
modal semangat saja,Neutral
semoga cerah siang nanti mau ambil buku sekalian ke mas pepen,Neutral
eco farming punya cerita salam tani makmur,Neutral
tiga semangat sekali,Neutral
jaga kesehatan mental anda dengan lima tips sederhana kesehatan mental yang sehat tidak harus selalu bahagia atau tidak memiliki beban meskipun kita memiliki beban yang berat,Neutral
segerkan dulu biar semangat,Neutral
semangat meskipun tidak keluar air susunya,Neutral
jinjin rocky tidak bisa minum tidak apa-apa itu tidak baik kok memang enak cola tetapi jangan sering ya aku juga sudah tidak sering kalau dulu langganan,Neutral
tetap semangat demi membayar kewajiban,Neutral
dengan senang hati dan terima kasih atas konfirmasinya jika kamu membutuhkan informasi jangan sungkan untuk menghubungi kami kembali atau kamu juga bisa mendapatkan informasi melalui pusat bantuan lewat aplikasi atau situs web terima kasih,Neutral
alhamdulillah dua belas set lagi pagi ini dengan nafas ngos ngosan sebab kata adinda melawan harus dengan olahraga istirahat cukup dan makan enak ya kan,Neutral
perempuan merasa bahagia ketika pasangan menganggap dia ada menganggap dia penting dan menganggap dia perempuan satu-satunya,Neutral
makanan olahan di sana murah dan mudah didapat restoran cepat saji juga bertebaran dan murah,Neutral
menghimpun potensi menjayakan indonesia selamat menjalankan rakernas i rpi salam sehat tetap semangat yanuardi syukur presiden perkumpulan rumah produktif indonesia,Neutral
kalau support enak sepertinya kombinasi dengan ayaka,Neutral
yang enak yang mana,Neutral
ini penilaian objektif menurutku dari pemikiran yang kamu ungkapkan di menfess ini bahkan menunjukkan kamu belum cukup matang dan dewasa yang dilihat jangan imajinasi masa depanmu yang bahagia pikirkan kira-kira nanti risiko cerainya seberapa besar kamu akan berpikir dua kali,Neutral
enak untuk tidur,Neutral
sup lagi terbaik di padang brown,Neutral
enak sekali,Neutral
begini kan enak,Neutral
bagiku juara itu posisi di mana ada rasa puas yang mendatangkan kebahagiaan untuk aku makhluk sekitar tentu juga tuhan sampai-sampai tuhan dan makhluk bahagia akan lahirnya aku contoh kecil semut yang bahagia karena aku memberinya sebutir gula,Neutral
tidak makan uang haram makan nasi lebih enak,Neutral
mimpi qasim dua ribu lima belas nabi muhammad saw bersabda ini adalah islam saya dan karena qasim melakukan segalanya karena allah dan saya berkata demikian allah akan memberi mereka pahala yang berlipat ganda banyak muslim di seluruh dunia mengklaim dia adalah imam al-mahdi tetapi dia menolak,Neutral
selamat pagi simeulue sabtu semarak akhir minggu bersama teman-temanmu apakah kamu merasa masa kecilmu lebih bahagia dari kebanyakan orang unduh neo bank masukkan kode referal ha4yk2 dapat hadiah tunai rp delapan belas ribu sembilan ratus,Neutral
banyaknya petani yang tersebar di seluruh indonesia menteri badan usaha milik negara menggagas program energi tani dengan tujuan membumikan semangat bertani sehingga para petani menghasilkan produk-produk pertanian secara mandiri,Neutral
lebih baik kecanduan jadi enak menghabiskan obatnya ya kan,Neutral
semangat kalau mau cerita silakan,Neutral
juara bukan hanya sekadar usaha dan menang tetapi harus bisa bersyukur kalau tidak ada rasa bersyukur tidak akan ada rasa puas dan tidak akan tenang jadi ingatlah untuk bisa bersyukur,Neutral
bahagia adalah milik mereka yang bangga menjadi dirinya sendiri,Neutral
bunga matahari biar cerah terima kasih,Neutral
bagiku juara itu posisi di mana ada rasa puas yang mendatangkan kebahagiaan,Neutral
maksudnya bukannya malah enak kalau ada pc bisa dikoleksi kalau station berarti tidak ada album dan pc nya,Neutral
bagiku juara itu posisi di mana ada rasa puas yang mendatangkan kebahagiaan untuk aku makhluk sekitar tentu juga tuhan sampai-sampai tuhan dan makhluk bahagia akan lahirnya aku contoh kecil semut yang bahagia karena aku memberinya sebutir gula,Neutral
ada lima cara belajar melihat mendengar mengamalkan tidak cepat merasa puas dan terus mengulanginya lagi,Neutral
enak cantik,Neutral
bos ada yang mau ditemani pagi enak pesan langsung,Neutral
jangan lupa bahagia,Neutral
kalau dilihat tidak enak,Neutral
pengaruh sekali dulu pas kelas delapan suka mata pelajaran bahasa inggris tetapi gurunya tidak enak menyebalkan juga jadi tidak suka bahasa inggris dan tidak masuk materinya kemudian setelah gurunya diganti dengan yang baru materinya bisa masuk dan seru juga,Neutral
baiklah semangat,Neutral
semangat loyonya,Neutral
orang-orang jago sekali menghakimi orang lain seakan-akan yang mereka lihat itu selalu salah padahal mereka tidak tahu orang yang mereka hakimi itu salah satu orang yang tidak seberuntung mereka semoga kalian tidak pernah merasakan gagal menikah selalu bahagia dan punya pasangan yang baik,Neutral
lebih enak lagi kalau berteman,Neutral
kamu boleh dan kalau butuh teman cerita bisa pesan langsung semangat,Neutral
selamat pagi semua socialthreeners di mana pun anda berada biar semangat unduh kumpulan foto ips tiga,Neutral
tetap tergantung calon pasangan sikapnya bagaimana jangan takut oke kalau jodoh nanti dimudahkan jalannya jangan lupa untuk memperbaiki diri sampai menemukan titik terbaikmu semangat,Neutral
bersabarlah wahai hati ketika ada orang membencimu sesungguhnya manusia tidak pernah puas mencari kelemahan diri masing-masing,Neutral
tetapi jus oreo tidak akan enak kalau tidak pakai isi,Neutral
selamat pagi tweeps selamat awali sabtu dengan semangat menggebu awali aktivitas dengan berdoa grafik covid sembilan belas kelihatannya meninggi tetap jaga kesehatan,Neutral
ini untuk lebih semangat,Neutral
itu yang waktu itu mencalonkan gubernur kalah telak serius bertanya sepertinya negeri ini terkesan tidak baik-baik saja sejak banyak yang kalah pemilihan presiden pemilihan gubernur pemilihan bupati termasuk sejak banyak menteri dan pejabat badan usaha milik negara dipecat termasuk pensiunan pejabat yang belum puas,Neutral
sudah cari grabmart tokopedia fresh tetap paling enak lewat kang sayur karena bisa nitip apa saja yang tidak ada di keranjang,Neutral
belikan mama rukuh biar semangat ibadah,Neutral
dengarkan kata abang dulu abang umur sembilan belas tahun bisa dapat piala fa kalau adik gagal tidak apa-apa semangat perjalanan masih panjang tetapi abang pesan jangan seperti si kayu hijau itu,Neutral
jual akun rp murah dua akun empat ratus pengikut lima belas ribu akun dua verifikasi semua dapat email dan kata sandi masuk highlight dan mention bukan bekas teman boleh uji coba enak dibuat upfoll masuk grup hijau dapat wa verifikasi mastip tujuh belas maret dua ribu dua puluh dua,Neutral
dulu setiap lahan kosong bisa disulap jadi lapangan sekarang kita memilih sewa untuk senang,Neutral
memotivasi mereka untuk belajar dan pintar orang tua mereka juga senang dengan adanya pondok pintar papua ini ucapan terima kasih para orang tua diberikan untuk para satgas yonif,Neutral
untuk merasa bahagia bingung kecewa sedih atau marah adalah masalah keputusan bila anda memutuskan untuk merasa berbahagia maka berbahagialah anda dengannya kebahagiaan anda adalah sebetulnya hasil dari ketepatan keputusan-keputusan anda,Neutral
dulu waktu berniat ikut mbkm sempat khawatir kalau skripsi jadi tidak terpegang karena daftar start-up semoga ke depan bisa lebih bijak kadang keputusan yang sudah diambil itu tidak bisa seenaknya dibatalkan,Neutral
enak itu,Neutral
mama rossa benar-benar melupakan al andin bayi z al bukan anaknya mama rossa ya sampai ketika mama rossa bahagia saja ditinggalkan al,Neutral
pilihlah warna-warna cerah seperti hijau biru atau pink untuk warna lantai dan tembok kamar mandi anda,Neutral
bahagia bukan berarti segalanya sempurna bahagia adalah ketika kamu memutuskan untuk melihat segala sesuatu secara sempurna,Neutral
menteri badan usaha milik negara erick thohir menggagas energi tani yang bertujuan membumikan semangat bertani kepada masyarakat agar bisa menghasilkan produk-produk pertanian secara mandiri,Neutral
semangat jangan cengeng sini cerita sama kita,Neutral
safir digulirkan ke arah di mana gerobak penjual crepes berada yang dijual oleh ahjussi paling berbakat menurutnya membuat crepes di sana katanya ini crepes paling enak di seoul padahal dia cuma tahu tempat ini itu pun karena dekat,Neutral
senang disangka nol nol line tampak muda aku di sana,Neutral
semangat nitip rok sebentar,Neutral
orang-orang yang suka berkata jujur mendapatkan tiga hal kepercayaan cinta dan rasa hormat,Neutral
buat bass ada kak raska kak raska ini dari dulu suka banget sama bass makanya pas ada rencana bikin band langsung dia gerak cepat buat ikut sebagai bassist,Neutral
itu makanan kesukaan dia kan entah makanan kesukaan dia atau dia memang suka sama ayam itu dia juga beberapa kali menyebut ayam itu di siaran langsungnya,Neutral
di tengah-tengah generasi yang butuh kepuasan instan ternyata kesabaran itu kunci utama yang dibutuhkan untuk bertumbuh ini ada satu kutipan dari leo tolstoy yang aku suka banget menggambarkan tentang proses dan waktu,Neutral
jual mobil murah banget ayo bergabung ke go miracle suka berbagi jajan murah sering berbagi barang dan sekarang lagi membuka tabungan untuk comeback bangtan baru berbagi jimin yuk gabung link di balasan,Neutral
setuju banget lama-lama juga agak gimana gitu lihat yang suka bilang begitu,Neutral
capitano rela dipotong gaji untuk bertahan tetapi milan keterlaluan menawarkan angka gaji barunya memang suka banget manajemen sekarang melepas pemain jadi bebas transfer,Neutral
ayo nonton bareng acaa kebetulan acaa tersedia hari ini dan seterusnya acaa suka banget nonton nanti acaa kasih daftar tontonan kalau berminat langsung pesan,Neutral
buat kalian yang butuh aplikasi premium yang murah cepat respon dan suka kasih promo aku buka batch dua sampai penuh mau lihat daftar atau mau tanya dulu bisa langsung balas nanti aku pesan,Neutral
ada satu lagi yang aku suka banget tapi lupa judulnya,Neutral
mobil murah banget ayo bergabung go miracle suka berbagi jajan murah sering berbagi barang dan sekarang membuka tabungan comeback bangtan mulai dari dua puluh lima ribu,Neutral
bapakku arsitek dan kalau membuat rumah selalu ada bagian terbukanya katanya biar tidak panas supaya hemat ac tetapi bagian terbukanya besar sekali aku tidak suka karena kalau hujan kena angin airnya masuk ke bagian rumah yang tertutup atap,Neutral
aku tahu ini terdengar tidak nyaman tapi kalau prosedurnya memang begitu aku kalau dipanggil ibu suka kaget ekspresinya kelihatan jadi dipanggil mba tidak apa-apa kamu harus terbiasa,Neutral
dulu aku diajari untuk mencari tahu apa yang aku suka dan bisa ini latihan yang cukup unik karena logis sekali ketika kita ingin mengalir kita harus mulai bergerak dari hal-hal yang terlihat nanti kepercayaan diri akan terbangun sendiri,Neutral
benar sgm bebas laktosa bisa untuk anak kucing aku ada anak kucing umur tujuh hari yang ditinggal induknya aku sudah coba kasih growsy tapi tidak suka,Neutral
ketika kita suka sama suatu hal pasti itu akan jadi kekuatan kita karena saat kita mengerjakannya segalanya terasa mengalir dan kita merasa bahagia tetapi saat ini kita sedang mengalami impostor syndrome dan tidak percaya diri bagaimana cara mencari tahu kekuatan kita,Neutral
dulu aku suka honeystar sudah lama tidak makan sereal,Neutral
kasih aku satu alasan kenapa tidak suka matcha,Neutral
walaupun kadang kalau kesel suka kelewat batas tetapi sekarang berusaha banget agar tidak negatif minimal sopan,Neutral
kenapa kamu suka banget buka kartu,Neutral
dulu saat naksir seseorang masih berusaha mendekati walaupun tidak ingin menyatakan perasaan apalagi jadi pacar dulu senang sekali bisa intens bertukar pesan sekarang lebih fokus pada diri sendiri kalau suka seseorang ya sudah suka saja,Neutral
saya lebih suka gaya otoriter alm pak harto harga dikontrol mafia pangan tidak berkutik migas dikontrol tidak ada yang berani menimbun preman diberantas masyarakat aman tenteram sayangnya orang di sekelilingnya kurang baik ada gbhn dan repelita arah pembangunan yang jelas,Neutral
jangan masuk psikologi kalau tidak suka hitung-hitungan atau tidak suka berusaha di psikologi tidak harus pintar yang penting tekun dan konsisten karena banyak mata kuliah dengan tugas jangka panjang,Neutral
suatu ketika teman aku bilang dia suka youngk dan mengenalkan aku pada day6 saat itu aku sudah tahu day6 tapi hanya kenal jae dan youngk setelah dengar lagu day6 you were beautiful aku malah jatuh cinta pada suara youngk,Neutral
dulu marah berujung kuat sekarang marah meminta kursi itulah cinta awalnya bertengkar lalu suka,Neutral
sender suka banget member di era-era ini sebenarnya pilihan sulit karena semua member cakep kalau versi kalian bagaimana,Neutral
tidak perlu banyak bicara lihat wajah saja tahu suka membuat masalah,Neutral
lebih bagus kalau suka membaca dan suka bahasa inggris karena banyak sumber berbahasa inggris,Neutral
scorpio sekali suka atau sayang kepada orang semua akan diberikan tetapi sekali dikecewakan kesalahan itu akan diingat terus dan dendam,Neutral
konten bigo banget kak suka nonton video bigo dikirim ke aku lumayan penghasilannya minimal lima juta per bulan dari manajemen,Neutral
terima kasih ke dosen makasih ke orang yang tidak suka maaciw ke teman dekat mksh ke orang yang selalu ganggu hidup,Neutral
dulu suka banget baca komik pokoknya banyak sekali tapi komik yang serinya sedikit,Neutral
selamat akhir pekan siapa yang suka tidak enakan jangan diteruskan malah susah sendiri kalau termasuk orang yang susah bilang tidak atau apa adanya meskipun membuat suasana tidak enak,Neutral
suka banget tidak membalas pesan,Neutral
suka ada yang jual set baru kemarin malam ada yang jual di bawah harga kalau hanya melet seratus lima puluh ribu sudah mahal apalagi dua ratus lima puluh ribu lebih baik sabar walaupun ada uang jangan kasih ke penjual tidak waras,Neutral
tidak perlu pura-pura bersemangat karena anak kecil cepat sadar kalau kita berpura-pura cukup bertanya tentang kesukaan mereka mereka suka ditanya,Neutral
meskipun hype banget kalau tidak suka alurnya ya tidak ditonton kadang malas juga jadi hanya baca spoiler saja,Neutral
untung orang tua tipe yang apa-apa tanya dulu walaupun harus sabar menjelaskan karena mereka suka percaya teman-temannya kita yang lebih muda lebih tahu jadi tanggung jawab kita untuk mengawasi,Neutral
pilihannya antara pull and bear atau uniqlo tetapi aku lebih suka uniqlo karena awet sudah tujuh delapan tahun masih bagus,Neutral
orang yang suka berkata jujur mendapatkan tiga hal kepercayaan cinta dan rasa hormat,Neutral
suka tidak selalu berarti cinta bisa saja rasa kagum,Neutral
manusia suka sekali dengan angka salah atau tidak menurutmu,Neutral
tidak sibuk banget tetapi memang suka tidak mood aktif di sini,Neutral
"gak sibuk banget, tapi emang suka gak mood aktif disini",Neutral
arlian melanjutkan soalnya arlian memang suka membuat kue banyak dan kadang dibagikan ke teman sayangnya lupa menanyakan alamat kakak waktu itu jadi tidak sempat mengantarkan ke sana atensinya kembali berfokus pada lawan bicara ketika kak laura bercerita mengenai akhir pekannya,Neutral
sebagai manusia harus punya satu dari tiga aspek ini kecerdasan sikap fisik biar ada tapi nya dia bodoh jelek tapi sopan suka menolong atau anak galak tukang bohong jelek pula tapi pintar nilai bagus berteman sama dia minimal punya satu,Neutral
ini orang sepertinya suka banget dengan bruno mars,Neutral
keringat itu reaksi tubuh yang normal dan tidak bisa kita kontrol ini peraturan menyusahkan terutama buat orang yang gampang berkeringat seperti aku duduk diam saja sudah berkeringat makanya saat istirahat banyak yang memilih duduk diam agar tidak berkeringat,Neutral
libra salah diartikan sering menggoda padahal perilakunya saja yang suka membuat nyaman orang-orang sekitarnya,Neutral
scorpio asmara jika sudah punya kekasih maka perlu kesetiaan dan perasaan cinta yang tinggi jangan suka bermain api,Neutral
rata-rata kalau cuma mengikuti tidak ada yang pakai bukti aku pribadi suka memberi agar tidak kelewat jeda waktu tiga menit,Neutral
gara-gara diskusi soal hal lokal ini jadi kepikiran seungmin anak smandel banget anak ips ketua osis suka lomba debat ikut olimpiade selalu senyum salam sapa tiap ketemu guru sering dispensasi jadi perwakilan sekolah tinggal di menteng kawasan perumahan atau apartemen elite,Neutral
kalau teman dekat kadang mereka menggoda karena menganggap kamu santai tidak mudah marah jadi mereka nyaman solusinya lebih tegas tunjukkan kalau tidak suka jangan terlalu tidak enakan,Neutral
waktu pulang aku diantar kak yer aku bilang ke kak yer katanya di kantornya banyak yang suka dengan kakak sering mengajak makan siang atau keluar saat akhir pekan tapi tidak ditanggapi karena malas,Neutral
aku suka menjadi wanita misterius lucu banget ini pasti teman sekolah dasar deja vu,Neutral
banget nomor tiga membuat geleng kepala aku bisa imut dan dewasa sekaligus suka memanjakan pasangan suka berbagi cerita sambil mengelus bagaimana kita bisa pacaran dengan hubungan cinta benci,Neutral
tipe orang yang lambat membalas pesan tetapi suka kalau ada yang cerita panjang lebar,Neutral
bagi aku yang taurus ya taulah taurus keras kepala egois sok cuek padahal baperan soal cinta taurus susah membuka hati tapi kalau sudah menemukan yang cocok akan bucin banget walaupun ujungnya putus,Neutral
suka dan tidak suka suka karena panggilannya lucu dan akrab diberikan oleh kakek nenek tidak suka karena terlalu pasaran,Neutral
benar beliau salafi ajarannya keras sesuai tuntunan alquran dan hadis tetapi banyak yang suka memfitnah,Neutral
hai maaf ya dadakan minta maaf kalau aku suka bandel nakal sebenarnya hanya iseng,Neutral
semua kucing suka duduk di sandal kucingku juga suka,Neutral
terima kasih sudah suka dan berani bilang tapi maaf aku masih nyaman sendiri semoga kamu bertemu orang yang lebih baik biasanya begitu kadang langsung memblokir,Neutral
penjual photopack sering merasa capek jualan polaroid dan kartu konsep susah laku sekali ada pelanggan terasa seperti malaikat,Neutral
mending ibunya serumah saja jadi kalau diundang bisa buat alasan tidak enak meninggalkan mertua di rumah ibunya juga sayang sekali,Neutral
tentastic halo aku mau bertanya apa arti emotikon karena suka bingung kalau ada pembaruan baru,Neutral
roti abon aku kasih ke teman karena tidak suka rasanya,Neutral
benar kadang ada yang membalas keluar konteks kalau adi terkesan agak keras audsun lebih santai tetapi suka membalas acak,Neutral
aku suka di linimasa tapi pengen di pesan juga kalau di pesan terlalu monoton makanya suka menghilang,Neutral
aku tim yang kalau dikasih coklat dikasih lagi ke orang lain karena tidak suka coklat,Neutral
kalau malas mengisi daya dan suka pakai headset mending yang kabel,Neutral
aku lebih suka dibujuk kalau dia minta waktu ya beri saja waktu,Neutral
aku suka kopi tanpa gula atau sedikit gula kalau terlalu kental terasa sekali ampasnya,Neutral
aku tidak merokok sama sekali padahal ayah perokok berat pernah diuji diberi rokok tetap tidak suka sampai sekarang tidak merokok,Neutral
sakit tenggorokan demam naik turun kepala pusing flu batuk kalau begitu lebih baik tes pcr kalau positif lapor ke puskesmas atau rt kalau gejala ringan cukup isolasi mandiri rajin berjemur makan sehat dan minum vitamin,Neutral
bukan mengganti tetapi suka membuat bimbang bangtan kuat daya tariknya,Neutral
dulu suka sekali membaca cerita coboy junior yang pemerannya iqbaal,Neutral
aku tidak begitu suka foto-foto tetapi kadang iri melihat hasil foto iphone,Neutral
biasanya hari sabtu hari yang aku suka sekali tetapi hari ini sangat capek,Neutral
lada terasa kuat lebih suka yang sedikit lada,Neutral
dulu dikasih buku waktu sekolah sekarang sudah sma masih suka youtube dan drama korea susah lepas,Neutral
gapyear kalian yang bangun jam tiga empat pagi terus belajar dan tidak mengantuk bagaimana tipsnya aku suka mengantuk walaupun sudah tidur cepat dan banyak minum air putih,Neutral
kadang tetangga suka menyindir sudah menikah atau belum padahal menikah bukan lomba,Neutral
aku jual spotify premium tiga bulan tiga puluh lima ribu dan masih banyak aplikasi premium lain,Neutral
karena aku tidak suka cinta-cintaan,Neutral
kadang capek berburu barang suka bosan dulu semangat sekarang terasa berbeda,Neutral
bukan tidak suka suka sekali dulu beli banyak buku sekarang beli baca jual lagi supaya tidak menumpuk,Neutral
saya tidak diajarkan bermuka dua suka saya katakan benci saya tunjukkan sayang saya buktikan,Neutral
tim yang suka lihat tabungan bertambah tapi tetap tidak pelit ke diri sendiri atau orang lain beli barang mahal menabung dulu,Neutral
suka itu soal rasa kalau sudah cinta akan terus dipuja seperti pendukung pak anies dan pak ganjar yang tidak goyah,Neutral
aku orangnya suka sekali memberi sesuatu yang membuat pasangan salah tingkah,Neutral
aku enfp punya bahasa cinta perhatian dan waktu berkualitas suka cerita dan dengar cerita orang lain,Neutral
halo kenalan dulu dengan darion main karakter jungkook paham sikapnya jungkook aku orang yang banyak bicara manja dan suka memanjakan pasangan,Neutral
suka sekali makan enak tergantung yang jual kadang amis,Neutral
aku menggunakan iya untuk orang yang tidak terlalu dekat iyaa untuk orang yang sangat dekat,Neutral
kalau memang suka banget dengan bandnya pilih konser,Neutral
moodswing banget tidak beb suka galau kalau disuruh memilih cepat banget berubah pikiran tidak pacar sampai pusing kalau menyuruh memilih barang,Neutral
namanya fani orang yang paling tidak tahu cara bersyukur kalau dinasehati tidak didengar keras kepala sedikit dibuat nyaman mudah dipercaya sedikit suka tidak ditegur labil mudah stres kalau terobsesi harus dikejar dan akhirnya bosan,Neutral
huhu jiheon wisuda ya akan kangen belajar bareng jiheon aku kalau mengerjakan tugas suka sekalian nonton vlog jiheon biar seperti belajar bareng sedih banget jiheon tidak bisa datang wisuda padahal ingin lihat dia,Neutral
film ini seperti penghormatan untuk dunia jurnalisme penggemar wes anderson pasti suka film ini tapi buat aku penikmat biasa nonton the french dispatch seperti habis lari sepuluh kilometer capek banyak sub plot banyak yang mau diceritakan,Neutral
paling suka kisah danan dan cahyo sayang ketinggalan banyak karena baru gabung di twitter ingin tahu dari awal tapi bingung mencari,Neutral
aku suka kpop karena ada dita mau bilang aku berlebihan ya memang suka suka aku aku tidak mengganggu kesukaanmu mari saling menghargai,Neutral
kemarin dikasih teman sekerdus isinya acak katanya ada ceker aku suka ceker senang dong pas dibuka ternyata belalang besar,Neutral
yang tidak suka biarkan kesukaan masing-masing,Neutral
mantan istri membongkar trik cinta ferry irawan masih suka mengirim pesan,Neutral
banget sama orang yang kalau diajak bicara suka bilang hah,Neutral
percaya banget karena mamaku cantik sampai sekarang masih ada bapak-bapak genit yang godain,Neutral
anak-anak malah suka banget nempel padahal aku diam saja tiba-tiba mengajak main tidur dipangkuan minta digendong sepertinya aku infp kw,Neutral
dulu awal dua ribu dua puluh suka cowok hanya ada tiga empat akun berisi screencaps mark,Neutral
kalau dapat barang dari mantan kalau suka dan terpakai tetap dipakai hanya ingat barangnya bukan orangnya,Neutral
tidak suka dipanggil yang sayang atau ayang tapi kalau kamu yang memanggil aku diam,Neutral
kalau mode pembaca suka mengirim pesan ke penulis apalagi kalau alurnya bagus sayang kalau acak sekarang sudah tidak kecuali diminta,Neutral
kalau au b x g mingyu pasti jadi cowok sempurna bucin wonu jadi cowok brengsek suka menyakiti tapi kalau minwon mingyu jadi brengsek wonu yang tersakiti,Neutral
kalau suka lauren layne samantha chase boleh ngobrol,Neutral
waktu sekolah tidak suka nebeng teman cowok lebih memilih kendaraan umum atau dijemput keluarga,Neutral
mungkin di negara mereka tidak dapat apresiasi sebanyak itu di indonesia lebih dihargai jangan bilang dimanfaatkan,Neutral
kata bang koi itu yang suka komen plastik plastik sudah kasih kerja ke banyak orang,Neutral
kalau mau kasih bunga mending yang pakai pot siapa tahu suka koleksi,Neutral
waktu diwawancarai cinta laura aku merasa relate tapi motivasiku lebih kecil aku suka males,Neutral
kalau suka tema kerajaan harus baca arus balik dan arok dedes,Neutral
jangan pilih kasih dalam keluarga nenek dulu membandingkan dan lebihkan anak makcik memperlakukan anakku buruk karena ayahku tidak sekaya mereka,Neutral
aku tidak bisa baca fanfic dengan nama artis diganti walaupun ada face claim tetap tidak bisa membayangkan,Neutral
usaha cari uang tapi ada teman yang suka nitip jajan maksa besoknya aku bilang jangan begitu,Neutral
dalam cinta jangan tinggalkan seseorang yang kamu cinta untuk orang yang kamu pikir suka,Neutral
kalau lebih suka mendengar manusia daripada allah berarti kasih kepada allah kurang,Neutral
orang yang suka mengadu domba sesama muslim adalah seburuk-buruk manusia,Neutral
uang hilang karena korupsi tidak mudah karena bp jamsostek diaudit semua pengeluaran harus dilaporkan,Neutral
di perumahanku sering ada pengamen bapakku sendirian di rumah saat itu,Neutral
nikmati hidup dengan kasih sayang walaupun kadang harus berlapang dada,Neutral
cewek suka dengan cowok baik hati suga juga akrab dengan semua orang,Neutral
kalau sombong banyak yang tidak suka kalau rendah hati banyak yang suka,Neutral
aku tidak suka valentine tidak bisa gombal setiap hari kan hari kasih sayang,Neutral
orang yang berkata jujur mendapatkan kepercayaan cinta dan rasa hormat,Neutral
aku lebih suka pembahasan yang baik daripada borang-borang qrt di base,Neutral
kalau sudah follow kasih tahu via pesan kadang aku tidak sadar,Neutral
kalau membuat makanan sendiri jarang karena mamah tahu apa yang aku suka,Neutral
tidak berlaku untuk aku yang tidak suka minuman dingin,Neutral
kadang ada target tinggi siap resign kalau tidak tercapai harus tanda tangan materai,Neutral
kalau beli ojek online cepat aku kira suka kosong,Neutral
karena mutualan di ig aku suka lihat komentarnya ingin kenalan tapi takut,Neutral
waktu kecil sering dipukul ibu sekarang bercanda memanggil nama ibuku,Neutral
terima kasih dasom kamu suka kopi seperti ini,Neutral
anaknya suka mendengar cerita orang lain lebih nyaman di privasi daripada bercerita langsung,Neutral
temanku banyak suka bingung kalau chat ada saja bahasannya aku males kalau tidak penting,Neutral
benar saat mengajar cuma diam mendengarkan di facebook malah banyak komen dan chattingan,Neutral
tuhan maha memberi dia suka melihat manusia yang suka memberi sebab itu dia ciptakan kekasihmu agar kau bisa memberinya cinta,Neutral
aku suka dari rg dan pahamify sering mengadakan gratis di ig juga banyak tapi syaratnya ribet harus share grup,Neutral
suka rebahan tapi mau cuan tambahan bisa gabung di sobat indihome dapat uang ratusan ribu cukup modal smartphone,Neutral
pernah suka teman dekat tapi mendem saja tidak confess,Neutral
pakai platform bimbel yang nyaman tidak harus ikut teman,Neutral
papa suka banget belanja di toko ijo selain itu tidak mau beli,Neutral
inisial orang yang kamu suka dan sayang,Neutral
set komemoratif ulang tahun jubli emas mrsm diluncurkan empat belas februari edisi terbatas,Neutral
ada yang suka baca wattpad aku ada sharing wattpad premium sebulan,Neutral
kalau sudah suka orang bakal suka banget kalau benci ya benci banget,Neutral
aneh orang suka cerita mimpi aku jarang mimpi,Neutral
kakiku nyaman aku mau berdandan tapi tetap suka pakai sepatu kets,Neutral
paginya baik atau kusut,Neutral
ayaka kecewa mendengar ucapan ayato menggembungkan pipi,Neutral
orang sebelah kecewa karena ekspetasi berlebihan sendiri,Neutral
sabarlah allah bersama orang-orang sabar itu yang aku katakan dalam hati,Neutral
masih sedih ingat cerita yang tidak bisa diungkapkan,Neutral
sedih kenapa,Neutral
mari ke tempat sunyi beristirahat jangan lupa sarapan,Neutral
aku juga sedih kalau kamu sedih,Neutral
ronaldo bilang tidak usah sedih main bagus atau jelek gaji tetap besar,Neutral
ih sedih semangat kak,Neutral
kenapa hatimu sepi karena kalau rame lanjut part dua,Neutral
jangan sedih kalau sendiri matahari juga sendiri tapi tetap bersinar,Neutral
sedih boleh tapi jangan larut air mata tidak perlu terus menerus,Neutral
aku baru open sharing app premium proses cepat,Neutral
aku tidak kecewa dengan official appearance pretty ayato is justice,Neutral
lebih sedih kalau pergi tanpa berpamitan,Neutral
kegaduhan dan efek demo masih terasa meski sudah lama,Neutral
media tv nasional ikut memperkeruh suasana karena sepi,Neutral
kena semua saraf stres sedih marah frustasi mual tegang,Neutral
daripada sedih mari kita have fun di gdm,Neutral
ingin berduaan tengah malam di tempat sepi dengan suami tunjukkan buku nikah saat digerebek,Neutral
salah nanti orang-orang ikut sedih aku sih tidak sedih,Neutral
tertawa membuat bahagia walau sedang sedih,Neutral
sepi karena masih pagi tapi pasar sudah ramai,Neutral
bahagia secukupnya sedih seperlunya mencintai sewajarnya membenci sewajarnya bersyukur sebanyak-banyaknya,Neutral
iman adalah berkah saat sedih menyerahkan diri pada tuhan membuat tenang,Neutral
sepi banget pada kemana ya,Neutral
vibesnya seperti hari jumat sepi,Neutral
ulangi kalimat cih kudaranai watashi bangun dua ribu dua puluh dua belum jadi karakter anime dan tinggal di isekai kecewa,Neutral
disini sepi ya,Neutral
tidak sedih tidak senang mood biasa saja,Neutral
sepi,Neutral
rumah luas tapi sempit tengah ruang tv kamar tiga mengitari ruangan aku keluar ke teras mobil masih lewat berarti belum separah itu,Neutral
jangan sedih aku punya mbah dukun langganan mujarab,Neutral
orang hadir di hidupmu karena sebuah alasan ada yang membawa bahagia dan kecewa ada yang sesaat ada yang selamanya,Neutral
winner dua ratus dolar aamiin pede saja dulu pickaw masih sepi dari minggu lalu,Neutral
park shin hye dan son yejin bagiku ratu drama sedih,Neutral
kan benar masih sepi,Neutral
jika hari ini masih ada yang menangis semoga itu bukan tangis kesedihan,Neutral
memang sedang sepi selamat pagi,Neutral
anak susah makan kurus bunda jangan sedih mrpro atasi masalah susah makan,Neutral
kisah ini tidak bisa menjadi bahagia ataupun sedih,Neutral
tidak tahu mau sedih atau senang,Neutral
tidak repot serius deh apa yang tidak buat daraa jangan sedih ya pasti ada yang mau baca ceritamu,Neutral
timeline sepi mari cari moots baru,Neutral
dulu dengar lagu kukira kau rumah langsung stop tidak mau dengar lagi karena sedih,Neutral
hari terakhir di bali sepi sudah seperti kota mati belum banyak aktivitas sejak pandemi,Neutral
timeline sepi,Neutral
tetap mendukung walau sering kecewa,Neutral
astagfirullah tidak jadi sedih baca tweet sendiri,Neutral
sepi deh,Neutral
stasiun sepi banget baru ingat hari sabtu banyak yang libur,Neutral
beberapa orang menangis bukan karena sedih tapi karena fyp tiktok moment earthmix,Neutral
hari ini bahagia atau kecewa,Neutral
jangan kecewa kalau orang sunda masih pilih partai arteria itu keterlaluan,Neutral
jangan sedih bila belum dipromosi karena tidak pandai cari muka,Neutral
dulu saat maba pulang lewat perbatasan jam setengah sembilan malam perbatasannya hutan bukit sepi hanya ada truk-truk besar motor tidak ada,Neutral
akun real sepi yuk join admin member baik hati dan tidak sombong,Neutral
punya kebesaran hati tidak mudah marah kecewa dan tersinggung,Neutral
banyak orang bahagia hari ini yang sakit sembuh yang sehat tetap sehat yang sedih semoga cepat bahagia,Neutral
jalan sepi banget cuma tempatku saja yang buka,Neutral
jangan sedih indonesia merdeka karena bersatu bukan berdua,Neutral
joke itu lawak love itu sayang like itu suka sad itu sedih,Neutral
haruskah aku buat facebook agar twitter semakin sepi,Neutral
saat jatuh atau gagal tidak akan terlalu sedih dan kecewa,Neutral
kalau gampang attached siapin mental kalau harus pisah dengan dedek kucing,Neutral
semua soal waktu hitam putih baik buruk kalah menang sedih bahagia semua berlalu,Neutral
sepi banget,Neutral
timeline sepi,Neutral
nothing is impossible bukan hanya tentang harapan dan senang tetapi juga kecewa dan sedih,Neutral
pemenang dapat bersyukur saat kecewa dapat tersenyum saat terluka dapat bangkit saat terjatuh,Neutral
bukan orang kaya tapi orang senang tidak punya harta tapi punya bahagia,Neutral
lapaknya sepi,Neutral
mjb dipancing pakai lagu sedih,Neutral
daripada kecewa mending kecewe,Neutral
soal kerudung aku tidak bisa pakai kerudung mleyot harus kerudung rapi sesuai sekolah,Neutral
tolong bantu ramaikan saldo di pinned masih sepi,Neutral
rasanya tidak senang tapi juga tidak sedih,Neutral
tidak tahu harus sedih atau agak senang,Neutral
hidup pilihan apapun yang membuat sedih tinggalkan apapun yang membuat tersenyum pertahankan,Neutral
antara senang dan sedih senang dapat skin mahal sedih tidak dapat skin yang diinginkan,Neutral
bulu mereka jadi tempat air mata walau perjuangan berat semua worth it,Neutral
tidak sedih hanya mengingat saja,Neutral
selalu bersama senang sedih dilalui bersama setelah lulus mulai dewasa dan berpisah,Neutral
baru pertama kali ada yang ingin lihat kami berkelahi biasanya banyak yang bingung jangan terlalu sedih dan banyak berdoa,Neutral
tag doi supaya liburan tidak sepi,Neutral
tidak boleh sedih ya,Neutral
jangan lupa sarapan min karena sedih itu juga butuh tenaga haha,Neutral
beria hype cerita kukira kau rumah ternyata tidak sedih ini semua marketing indo,Neutral
pasti sedih dan capek juga semangat ya firdy,Neutral
sudah makan belum bang janganlah marah atau sedih karena kalah,Neutral
jika kamu merasa sepi apalagi saat berbenah diri tak mengapa itu proses filter siapa yang layak hidup bersamamu,Neutral
kalau aku biasanya nyeletuk kok sepi apani tapi tidak kencang,Neutral
kayaknya masih sepi ya apa lanjut nonton snowdrop dulu,Neutral
selamat pagi,Neutral
dia berhak menunjukkan rasanya mark harus tahu banyak yang sayang dan siap support dia saat capek dan sedih,Neutral
kemarin di tempat saya ada truk air isi ulang terguling tapi tidak ada yang menjarah padahal situasi sepi,Neutral
morning bestie sepi amat deh,Neutral
masih sepi saja nih jangan-jangan yang nanggepin hanya bot dan buzzer,Neutral
jangan merasa kesepian saat berbenah diri karena itu saat mengoreksi siapa yang pantas,Neutral
bersyukur itu tidak mudah kecewa dengan apapun yang terjadi,Neutral
iya aku tahu sepi juga kok aku buka kadang hanya update bias atau scroll saja,Neutral
pasti ada dari mereka yang mau menjatuhkan kamu allah sayang sama kamu tetap sabar dan nikmati saja,Neutral
sarapan dulu bang biar bahagia jangan sedih,Neutral
ini pada pindah ke facebook apa sepi amat,Neutral
baru sadar kalau jomblo tidak selalu berarti sepi dan pacaran tidak selalu happy,Neutral
link nonton tsuma shogakusei ni naru drama jepang penuh tawa dan tangis,Neutral
enak banget kalau gerimis alun-alun sepi jadi bisa buka masker,Neutral
hidup sebagai pejuang boleh sakit atau sedih tapi tidak boleh menyerah,Neutral
dokter sendiri hari ini perawat gigi libur pantes sepi,Neutral
akun ba aku mau mutualan dong sepi banget,Neutral
malam satu nenek pakai baju tipis malam dua nenek pakai bikini kakek hanya kaget malam tiga nenek telanjang kakek bilang baju kusut kok dipakai,Neutral
kita tidak bisa misahin orang yang bucin meski pasangannya toxic,Neutral
kalau dia sedih aku tidak perlu menyalahkan diri sendiri,Neutral
iya ya kayak kaget tidak sih atau sedih senang gimana gitu,Neutral
di kamu sepi?,Neutral
masih sepi ya,Neutral
kok sepi pada tidur?,Neutral
sepi datang lagi motivasi turun tetap berusaha kuat,Neutral
coba lihat lagi alasan dia sedih supaya tidak menyesal,Neutral
setelah ke psikolog biasanya terpicu masa lalu tapi juga lebih sadar diri,Neutral
senang dan sedih di saat bersamaan senang karena disemangati abang sedih karena ingat autumn,Neutral
masa sepi kok sepi?,Neutral
aku ke cafe yang sepi seperti starbucks atau roketo,Neutral
brother of the year jangan sedih lagi ya,Neutral
kua mana yang sepi biar cepat,Neutral
tak perlu kecewa kalah menang hal biasa,Neutral
kayaknya gue mati rasa bukan mati rasa sih hanya belum move on,Neutral
kasus omicron tinggi di indonesia pelaku industri pariwisata bali khawatir kunjungan wisatawan asing masih sepi,Neutral
sesungguhnya allah tidak suka orang yang selalu berwajah muram,Neutral
semoga bapaknya cepat sembuh tetap semangat hidup banyak hal indah menanti,Neutral
jangan sedih mereka tiang kita normal kok,Neutral
disini sepi banget,Neutral
tinggalkan orang toxic jangan sedih itu jalan yang sudah diatur allah,Neutral
ronaldo berkata jangan sedih besok abang beliin truk,Neutral
kalian bisa dengar mitski tanpa ikut sedih?,Neutral
sepi euy,Neutral
twitter makin sepi apa yang fake sudah mati ya,Neutral
tapi menurut aku kamu juga jangan terlalu cuek atau kecewa sama orang,Neutral
terima jasa menghibur biar gak sedih,Neutral
ramai berjajar sepi bernalar lupa batang akar demi sekedar lembar tanpa daftar,Neutral
lapor komandan saat ini pagi pukul 07.04 wib bagian indonesia perjodohan masih terpantau sepi,Neutral
jangan kesal kalau dia masih bisa bawel untuk ngingetin kamu justru sedih kalau udah gak pernah ngingetin,Neutral
cari tempat sepi buat ena ena,Neutral
notif terpantau sepi,Neutral
kalau ada orang mukanya murung fix fans mu,Neutral
alhamdulillah baik banyak banget sih sejak mulai cut off orang-orang yang sering bikin sedih,Neutral
meski ada hal sedih ataupun berat tak apa asal bahagia lebih banyak,Neutral
sedih lihat video rayan semoga selamat semuanya,Neutral
kamu sebenarnya cerita cuma mau didengar bukan dihakimi,Neutral
sidang polri cukup sepi hari ini,Neutral
kelas gue kayak biasa sesi a ribut banget sesi b sepi banget,Neutral
kalau yang berkunjung ke daerah itu pasti sepi,Neutral
masih sepi apakah masih pada tidur atau sudah sekolah,Neutral
jangan sedih 43 206 via,Neutral
teman sedih senang dari lama banget,Neutral
tidak jadi sedih wong ekskul nya tidak seru,Neutral
nonton miracle in cell no.7 film sedih,Neutral
kok sepi rep nya tidak seperti masa penjilat,Neutral
sepi banget kayaknya sih cuma fanlive sama comeback,Neutral
aku sempat bertanya mungkin dia juga merasa sepi,Neutral
antigen di stasiun 35k was wes wos 5 menit kalau sepi,Neutral
pantesan timeline sepi,Neutral
kalau tidak takut sedih berarti tidak waras,Neutral
sering banget nyalahin orang kalau sedih,Neutral
tetap jadi orang bahagia sebab setan datang dari perasaan tertekan dan sedih,Neutral
melankolis mudah sedih galau melow,Neutral
ronaldo bilang tidak usah sedih gue juga dulu kayak elu,Neutral
makin sepi karena pada close dan inactive,Neutral
i'm back setelah lama sunyi,Neutral
akibat fauzan kecewa karena dipaksa jadi akuntan,Neutral
fauzan kecewa karena mimpinya dipatahkan ayahnya,Neutral
takdir bagi yang ikhlas takder bagi yang kecewa,Neutral
semoga allah melimpahkan banyak rezeki agar tidak sedih,Neutral
txt members lagi sepi karena ada schedule,Neutral
selamat pagi jangan pada kecewa ini weekend loh,Neutral
bentar lagi rin kalau rumah sepi langsung pergi,Neutral
tolong join pinned saldo 28k masih sepi,Neutral
arya saloka tahan tawa di adegan sedih,Neutral
pasti masih sepi,Neutral
secreto ku sepi setelah tidak update au,Neutral
rangnick kecewa karena gagal menang,Neutral
bagaimana mengatasi rutinitas kantor yang membosankan,Neutral
kalau sedih kenapa,Neutral
ih kok sedih sabtu jam 7 tidak ada excited nonton bad and crazy,Neutral
jangan shaming nder kasian sedih nanti dia,Neutral
selamat pagi tetap humble dan bahagia sebab setan datang dari perasaan tertekan dan sedih,Neutral
sama-sama sedih berarti jodoh,Neutral
kalau gak punya siapa-siapa sih bodo amat ya adanya timeline sepi join agency wkwk,Neutral
walaupun aku sedikit kecewa tadi malam karena bang twittis ngorok di space tapi user gitar aku pengen ucapin selamat pagi bang jangan lupa ngopi ada gak bang kopi merk suzuki,Neutral
genshin memang game yang terlalu sepi untuk open world,Neutral
sedih apa itu sedih,Neutral
sepi banget pickawku,Neutral
sepi banget,Neutral
cerita sedih hutang negara satu triliun rakyat menderma dalam tabung harapan tapi pejabat minum gloria jeans minum evian,Neutral
berpisah dengan mereka yang kau cintai itu sedih tapi temanmu akan selalu membantu menanggungnya,Neutral
sepi tidur lagi ah,Neutral
congrats kak fik biar gak sepi banget,Neutral
saturday gini timeline gua sepi,Neutral
pickaw pun sepi mulu,Neutral
sampai jam segini rumah masih sepi belum ada yang bangun,Neutral
jika tidak bisa menggembirakan orang tua jangan membuat mereka sedih,Neutral
pagi kok sepi,Neutral
sepertinya harus cari teman lagi timeline sepi,Neutral
lune mau temenan nanti gue mention sepi banget,Neutral
kalau sabtu jalanan sepi,Neutral
cuma karena kyohei gak banyak disorot di truth ada yang gak mau beli dvdnya,Neutral
tumben masih sepi,Neutral
berapa jam perjalanan pulang pergi om,Neutral
jangan larut dalam kesedihan ingat tuhan mengirim sedih dan bahagia satu paket,Neutral
semoga rezeki buat ngojek bisa lancar bayar spp anak,Neutral
ketika kamu bersyukur kamu tak merasa sedih,Neutral
harus beli donat biar gak sedih,Neutral
bismillah assalamualaikum semangat pagi yakin setiap perjuangan bertemu hasil,Neutral
sepi banget,Neutral
mau tau promo sapiens sepi jadi berapa,Neutral
belajar memahami bahwa tidak semua keinginan terpenuhi,Neutral
bahagia hakiki itu tak pernah merasa sedih,Neutral
kos gue sepi banget padahal sudah setengah tujuh,Neutral
krisis moral sedih tapi nyata,Neutral
dua pilihan dalam cinta bahagia atau kecewa,Neutral
morning ninyan jangan murung,Neutral
timeline masih sepi,Neutral
kata motivasi dari ibu hidup gak selalu bahagia,Neutral
selain kecewa gua juga heran eib dari awal banyak nimbrung,Neutral
jangan sedih kalau belum punya materi sedihlah kalau belum punya kekayaan hati,Neutral
guys yuk mumpung sepi join 21k di pinned,Neutral
kalau cinta dia biarkan dia jadi dirinya sendiri,Neutral
biar gak sedih aku harus ingat mereka gak nyata,Neutral
biar gak sepi berandanya,Neutral
sekarang timeline gue sepi dulu rame,Neutral
mental instan harus dihilangkan sukses butuh proses,Neutral
rangnick kecewa seharusnya menang,Neutral
sepi banget yuk join cuma rep doang,Neutral
sepi,Neutral
takut kecewa hanya membuat kita takut menatap masa depan,Neutral
buat apa sedih hati,Neutral
denger-denger rp makin sepi ya,Neutral
"rangnick: siapapun bisa membayangkan bagaimana yang dirasakan elanga, dia hancur dan benar-benar kecewa",Neutral
jika kau tertawa kau akan bahagia walau di saat sedih apapun,Neutral
maksudnya kenapa sedih,Neutral
"normalnya 1 jam itu 1 juz, perlu 30 jam untuk khatam",Neutral
minato jangan terlihat begitu sedih aku bahagia,Neutral
gunakan syukur ketika dicintai sabar ketika dibenci,Neutral
oh sepi,Neutral
ketulusan hati akan terjaga sampai ada rasa kecewa,Neutral
pengumuman final setelah berbulan-bulan pastinya sedih tapi ambil sisi baiknya,Neutral
sepi amat,Neutral
tidak seharusnya kecewa membuatmu terpuruk,Neutral
capek dan kecewa adalah harga untuk beli bahagia,Neutral
assalamualaikum jangan lupa bahagia pagi ini nikmati kopi pahit sambil dengar musik,Neutral
jangan terlalu sedih ingat musim depan mu merayakan 10 tahun jadi pecundang,Neutral
rata-rata 84 milih unpad keperawatan takut salah jurusan,Neutral
regina kalau mau cerita dm aku ya,Neutral
sekarang fokusku ke mereka ot6 masih sedih tapi gak apa-apa,Neutral
kerja di jababeka rumah di cengkareng paling pas krl aja sepi,Neutral
cari partner 3s privasi aman dijamin wife tidak kecewa,Neutral
kamar sudah sepi berangkat ke masjid,Neutral
bogor sepi ya bang,Neutral
selamat pagi untuk jiwa-jiwa yang sepi,Neutral
sudah seminggu gak on twitter sepi aja,Neutral
follow ca ore yuk sepi,Neutral
meeting makin kusut makin banyak ide,Neutral
berbahagialah jika kamu masih bisa merasa sedih,Neutral
rangnick sangat kecewa seharusnya menang dan tutup di babak pertama,Neutral
rasa sakit ada yang membuat kecewa ada yang mengubah,Neutral
akun wayv sepi akun gue ikut sepi,Neutral
rangnick elanga hancur dan kecewa,Neutral
soalnya ga sesusah to m1p1 beneran,Neutral
ada dakwah lewat kempen ada dakwah lewat polisi,Neutral
tempat hiburan atau kuburan sepi dari ibadah,Neutral
lebih baik dianggap pemilih daripada salah pilih,Neutral
gigit bibir saat emosi atau sedih sampe kebas,Neutral
tetap semangat cepat sembuh pak rektor twitter sepi tanpamu,Neutral
semakin meremehkan lawan makin besar kecewa,Neutral
lucu sedih serem kok bisa,Neutral
jangan sedih bro gw juga gagal penalty,Neutral
hari ini tumben masih sepi,Neutral
kalau merasa sepi kenapa menghampiri dan bersandiwara,Neutral
paling sepi,Neutral
antara senang apa sedih gak tau,Neutral
gapapa kok sedih wajar nonton moment bw aja,Neutral
daripada sepi tambah followers,Neutral
akun ini sepi beda sama first account tapi betah di sini,Neutral
karena tahu rasa kesepian manusia jadi lebih baik,Neutral
yang terbaik adalah percaya pada tuhan bukan manusia,Neutral
sahabat tahu ada sedih di matamu ketika dunia percaya senyum di wajahmu,Neutral
terkadang bukan karena dusta kamu membenci seseorang tapi karena sedih menerima kenyataan bahwa dia tak bisa lagi kamu percaya,Neutral
kita dipertemukan oleh sepi dan dipisahkan karena gengsi,Neutral