Tweet,Label
akibat telat bangun anak ikut bangun dapur dan rumah berantakan sedih tapi penting anak mandi dan kenyang,Sad
sepi,Sad
sedih,Sad
sedih ditinggal temen ngebucin sedih tidak ada waktu main sedih ingin ngebucin juga,Sad
sedih banget club,Sad
sekolah kekurangan guru sedih banget gimana generasi kedepannya,Sad
tetap sedih,Sad
sedih denise bad feeling tapi berharap,Sad
tidak bisa gambar takut mengecewakan,Sad
semoga kamu tidak perlu mengenal sedihku,Sad
sepi amat,Sad
sedih akun teman lock,Sad
sedih denise out suka suaranya,Sad
yuna jangan lewat timeline sedih,Sad
sedih jimin rayain tahun baru di rumah sakit,Sad
pengen nonton sedih langsung nangis,Sad
pagi disambut tangis bunda,Sad
mon jangan cerita sedih terus,Sad
sedih banget,Sad
sedih baca review minum malah sakit,Sad
gak apa sedih saja,Sad
sedih banget jadi wanita,Sad
suka kucing tapi tidak bisa pegang karena alergi,Sad
bangsa sedih dan menyedihkan,Sad
sedih digodain chita,Sad
sepi banget,Sad
maaf awalnya ketawa kirain cosplay ternyata benar meninggal jadi sedih,Sad
sedih banget,Sad
ikut sedih,Sad
kecewa,Sad
sedih lelah kecewa tidak sesuai harapan,Sad
sedih nangis di rooftop,Sad
timeline sepi banget,Sad
sedih baca isi tweet kosong tapi dinikmati,Sad
5 februari flight balik jakarta sedih deg-degan,Sad
penonton sepi,Sad
sedih parah,Sad
full sedih,Sad
sedih masih pagi,Sad
sedih ada orang suka,Sad
sedih banget,Sad
sedih banget,Sad
lockey sedih kehilangan denise tapi member lebih sedih lockey harus kuat,Sad
sejak hari itu tidak percaya lagi pada siapa pun,Sad
timeline twitter sepi,Sad
sedih farewell gift yeppeoseo,Sad
umur sekarang tidak ada yang deketin lagi sedih,Sad
sepi tidak seperti masa penjilat,Sad
bukan bagian komunitas tetap sedih kalau anggota keluar,Sad
di rumah sepi karena lagi pada pergi tanpa diriku,Sad
yakin sedih tidak sih padahal pengen pakai juga karena lucu gemas,Sad
ah sedih,Sad
sedih banget sedih.,Sad
jam segini udah bangun sedih banget.,Sad
"mimpinya seperti nyata, di akhir-akhir dia pergi, menangis aku sedih beneran anjir, rasanya sedih pakai banget.",Sad
mau nomor buat verifikasi sedih akun ke login terus.,Sad
"sedih banget kok ada orang begitu, rasanya mau aku ulek tau. Manusia bukan sih.",Sad
"sabtu galau, 05 feb 2022 sebenarnya tidak, yang galau galau banget sih tapi seperti sedih sama tertawa juga entah yang keberapa kalinya suka sama seseorang yang sudah punya pacar meskipun belum secara resmi lihat dan dengar sendiri dari orangnya atau media sosialnya haha.",Sad
yang kenapa sedih? Aku sedih juga jadinya.,Sad
kenapa? Rasa sedih hari ini... semalam lihat ada lagi... pagi ini sudah tidak ada... hmmm... apapun sangka baik.,Sad
tidak mengikuti saja tapi ikut sedih dengernya.,Sad
"saya lagi sedih banget, loh.",Sad
"dua kali suka seseorang dan orang itu suka orang lain, berturut-turut. Sangat sedih hidup saya.",Sad
"pacar direbut orang lain? Tenang, jangan sedih, yang ada bersyukur, itu tandanya Tuhan sayang kepada kamu, sudah memisahkan kamu dari orang yang gampangan.",Sad
"jujur, malah sedih lihat kenyataannya.",Sad
sedih.,Sad
"sedih juga bangun-bangun di bawah jembatan, tidak tahu harus ke mana.",Sad
"mandi sore, soalnya mau les. Sedih, malam minggu malah les.",Sad
"ya, sedih deh.",Sad
"sedih hati, syafakillah, gadis favorit saya. Cepat-cepat positif, cantik, dan chumils, jehh! Sampai jumpa.",Sad
"kusut, belum dihibur dengan sayang.",Sad
"kok buna kuat sih? ""kok buna biasa aja?"" Percayalah aku pernah di tahap sedih, kecewa, dan terluka. Tapi saat ini kejelasan yang aku terima membuat rasa itu sembuh sendirinya. Berdamai, ikhlas. Sekarang adalah 6 + 1, bukan hanya 6 atau hanya 1. Jangan lupa vote streaming!",Sad
kecewa sedikit.,Sad
kecewa sama diri sendiri.,Sad
"saya kalau lihat haechan di tl tuh benar-benar mellow, soalnya benar-benar seperti rasanya putus baik-baik, dipaksa putus karena keadaan (menangis sudah saya) tapi senang juga melihatnya, seperti, oh dia masih sama kok, masih secerah matahari, masih semanis madu. Sedih.",Sad
"barca udah mulai negosiasi tentang araujo, belum sih, jangan sampai blunder membuat araujo kecewa.",Sad
apakah kamu pernah? Malam-malam nonton film tidak sedih. Tapi sedih melihat hidupmu.,Sad
"soobin, aku sedih, peliharaan kesayangan saya mati. Saya tidak bisa berhenti menangis. Kemarin tiba-tiba tidak mau minum, terus lemas juga, kalau ke dokter hewan jauh dari tempat tinggal saya. Saya tidak bisa kehilangan dia. Apa yang harus saya lakukan?",Sad
"sayang, aku yang ini sedang berkemah berdua, sangat sepi.",Sad
"sangat sepi, hanya sabtu.",Sad
"bangsat, rambut berlawanan tapi iya sedih soalnya menari seperti tidak tertarik dengan chanyang, huhu.",Sad
"tidak tahu, tapi kecewa dengan diri sendiri.",Sad
jadi sedih aku.,Sad
kok ikutan sedih ya.,Sad
"bener sih di tempat saya kerja suka ada kakek-kakek yang sudah sangat tua, matanya katarak, jalannya juga sangat pelan, kesulitan. Dia mengurus jualan tape dan lain-lain, kadang sudah sore pun dagangannya masih banyak. Saya kadang menangis sendiri. Serasa melihat ayah sendiri sangat sedih.",Sad
"real life saya sumpah berantakan. Saya kira yang online sudah baik-baik saja, namun ternyata sudah sangat kecewa.",Sad
"kok sedih banget, diisi ciba agar tidak kosong.",Sad
"tidak ada yang membuat saya senang selain kabarnya jimin, sangat sedih ketika berita sakitnya saya benar-benar terpikir. Sampai tidak tenang untuk tidur juga.",Sad
"sangat sedih, teman saya.",Sad
"selamat nderr, mau banget, nderr. Sangat sedih, sudah senang diterima, ternyata penipuan perusahaan besar lagi, mau nangis.",Sad
"pacarku baru saja diberhentikan dari pekerjaannya, karena dari awal tidak jujur tentang keinginannya. Sangat sedih, kasihan mana cowok pula. Sudah ada niat buat lamaran, tapi malah diberhentikan. Semoga segera dapat pekerjaan baru.",Sad
sedih.,Sad
"terima kasih banyak buat kak olaa yang buat karya sebagus itu dan makasih buat rumi iyel yang selalu keren dan kadang menghibur saya ketika saya lagi sedih, sekali lagi makasih banyak, love you kalian semua.",Sad
"kalau lihat portofolio hijau itu seperti ada kesenangan tersendiri, tapi ketika melihat dompet kosong, sangat sedih lagi, anjing.",Sad
sedih.,Sad
"iya juga, tidak ada dia, dunia terasa sepi.",Sad
"ini ngetik sambil sedih, apakah gimana, air mata mengucur selalu.",Sad
"aku suka banget, kalau abis pakai makeup dan aku kecewa kalau sampai putus kotorannya, sensasi gelinya tidak didapat.",Sad
"ya, kan, selamat membaca, yang sedih-sedih sudah.",Sad
sumpah sedih.,Sad
"ada ya orang, jumat baru keluar rumah sakit. Sore-nya tiba-tiba jatuh, jadinya sedih melulu sampai sekarang. Tapi sabtu paginya sudah disuruh ke kampus sampai malam. Alamat masuk rumah sakit lagi, ini mah.",Sad
sedih tapi lucu tapi sedih.,Sad
sedih banget.,Sad
"mau, aku sudah sebulan sepi banget, spesial aplikasi premium.",Sad
"ini sepi banget. Pada di facebook semua ya, saya juga tadi bisa-bisanya bangun tidur dan dicek facebook dulu.",Sad
"aku sedih, ada anak biologi masih bertanya, terus harus bagaimana untuk mengetahui apakah omikron atau bukan?",Sad
"mumpung masih sedih, setelah membaca tak terkatakan, mari kita lanjut dua hari supaya semakin sedih.",Sad
sedih banget.,Sad
"sedih banget ketika orang tua ekonominya lagi susah tapi berusaha keras untuk kebutuhan anaknya. Maafkan aku ya pak, yang selalu menyusahin. Semoga nanti bisa berkali-kali lipat untuk kebahagiaan ibu dan bapak.",Sad
"lebih aneh lagi, yang hobi mendengarkan lagu-lagu sedih supaya bisa sedih.",Sad
sedih banget pagi-pagi.,Sad
"sedih juga sih, sebenarnya mungkin mereka masih punya rasa bersalah, maki-maki ulama kecuali pki asli, tapi karena ekonomi sengaja diropotkan daripada mencuri, digebuk dan dibakar orang sekampung, padahal perut lapar. Semoga yang masih punya iman cepat menyadari.",Sad
"sepertinya tidak akan ada selca hari ini, hihi, penonton kecewa.",Sad
"menahan tangis tidak enak banget, anjir, ini lagi di sekolah.",Sad
"ah, aku sedih mendengarnya.",Sad
"lucu banget, yeseo! Sayangnya tidak punya tiktok, nih (sedih).",Sad
"denise, suara mu, astaga, sedih, si dia keluar dari layar, tapi tidak apa-apa, ayo banyak unggah video di youtube dan debut lagi.",Sad
sedih tapi masih pagi.,Sad
"setuju, padahal aku termasuk orang yang sangat ingin tahu tentang ayato. Ketika tahu ayato bocor duluan, jadi kecewa dan tidak bersemangat lagi sama ayato. Lebih baik drip marketingnya dari mihoyo langsung.",Sad
hal yang sedih pagi ini adalah saat aku merasa kasihan terhadap diri sendiri. Saat sadar diri banyak hal yang harus diperbaiki. Saat sadar bahwa aku tidak boleh terus-menerus seperti ini. Saat aku harus lebih berani untuk menerima perubahan. Saat aku harus menguatkan diri untuk sekadar mencoba.,Sad
"sedih banget, dia mendapatkan kacang garuda.",Sad
makanya bersiap kecewa dengan wakilnya sendiri.,Sad
"di twitter mulai tidak jelas, sepertinya mulai sedih, marah, kesel, nyinyir, lambe turah. Bukan manusia baik lagi. Ok, mari kita pergi ke Pak Ayi, aku akan mengobati mentalku dulu, teman-teman.",Sad
"aku sedih diputusin pacar, katanya aku sudah tidak tampan, tidak mapan. Aku harus bilang apa? “akurapopo”.",Sad
"sepi banget, lebih baik ke pesan pribadi saja.",Sad
"sedih juga ya, meninggalkan rumah yang sudah belasan tahun ditempati.",Sad
"CR7: Kenapa sedih banget, tampaknya kau adikku?
Elanga: Iya, bang, mau bagaimana lagi, tidak sedih, karena abang kesayanganku, si Bang Anthony Martial pergi.
CR7: Stres.",Sad
"mimpi zombie, terus drama banget, sedih gitu. Akhirnya tergigit dan jadi zombie, tapi zombie yang sadar itu bisa mengendalikan diri. Kemudian ada anak SVT lupa siapa.",Sad
"ini saya tidak tahu harus sedih atau tertawa. Semangat, teman-teman, semoga hubungan itu bisa kembali lagi.",Sad
karena rasa kecewa itu lebih besar daripada rasa cinta.,Sad
"seperti aku mengerti, saya juga ingat lagu-lagunya, sebagian besar karena saya tidak pernah absen menonton festival pensi, dan tentu saja tidak semua orang tumbuh dengan mendengarkan lagu yang sama seperti saya, tapi tetap saja sedikit sedih.",Sad
"jangan sedih, Karina.",Sad
sepi di sini.,Sad
"iya, ih, sedih banget, baru cek ternyata tidak bisa.",Sad
"sedih sebenarnya, tapi terima kasih, Denise, sudah bekerja keras saat bersama. Semoga Uri, Maknae Lockey bisa sukses terus, berkarir di luar sana. Ditunggu karya Denise yang lainnya, dan musik yang Denise suka bisa segera menjadi album.",Sad
"fakta menarik, menggaruk bagian yang gatal itu tidak membuat gatalnya hilang, malah kulitnya iritasi. Sama seperti kalau sedang patah hati, lebih memilih galau dan mendengarkan lagu-lagu sedih. Memang kita suka menyakiti diri sendiri, ya, kayaknya.",Sad
"instagram teman saya cerita, Denise, semua memang sedih, tapi mau bagaimana lagi, ini sudah keputusan dia. Tetap dukung Secret Number dan Denise Lockey.",Sad
"sedihku cukup, aku yang tahu, kamu cukup tahu bahwa aku baik-baik saja.",Sad
"baru bangun rumah, sudah sepi, tidak tahu ke mana, jadi kesepian.",Sad
ada apa ini? Kok sepi banget. cc.,Sad
"woy, sedih banget.",Sad
"semoga semuanya berjalan dengan baik, ya, kakak, walaupun begitu saja seperti yang kamu katakan. Oh iya, tetap aman dan sehat, soalnya kasus di sana sudah mulai naik. Sangat mengkhawatirkan. Saya baik-baik saja, sedikit stres sedih tapi tidak apa-apa, aku kuat.",Sad
"yah, sedih.",Sad
"kok sepi lagi, ya.",Sad
"tapi kecewa banget, dia berulang-ulang, aku tidak mengucapkannya.",Sad
"innalillahi wainna ilaihi rojiun. Semoga almarhumah ibu diterima amal baiknya dan diampuni segala kekhilafannya. Sabar ya, Jayen, pasti sangat sedih kehilangan orang tua.",Sad
masih sedih.,Sad
"kertas hiyo cakep banget, baru lihat sekarang, itu sudah dari tanggal 23 Januari, sedih. Ini hiyo benar-benar cantik.",Sad
"bangun, mengumpulkan nyawa, tiba-tiba merasa sedih. ""anak jepangku, ke mana ya?!"" Inilah gambaran pagiku selama dua minggu tidak ada kabar, tapi harus tetap semangat! Pasti bisa!",Sad
"terbunuh sepi 8/10 bukan lagu boyband, tapi dibawakan mereka jadi keren banget dengan harmonisasi yang wow wow membuat merinding, di sini benar-benar menunjukkan kualitas vokal mereka.",Sad
"jangan begitu, bang. Jadi sedih, nih.",Sad
"sedih, menderita, kecewa.",Sad
aku bingung mau sedih atau senang. aku memilih untuk mendukung.,Sad
"siapa yang mengubah hatiku, siapa yang membuat kita selalu bersatu. Beban kecewa tidak akan berakhir.",Sad
"rumah sepi, nih.",Sad
"dibilang sedih, ya pasti. Tapi bagaimana pun, harus terima dan dukung Denise. Tidak mau lama-lama sedihnya karena cewek-cewek ini juga butuh dukungan kita. Lockey kuat.",Sad
"hahaaha, sedih sangat nih, teman. Bagikanlah bersama saya, boboy.",Sad
"sender, jangan sedih, bisa jadi nanti sender langsung diketemukan dengan jodoh sender.",Sad
"ternyata saya belum jodoh juga dengan kampus ini, sedih sih tapi tidak sesedih ketika saya gagal kemarin. Akhirnya, saya cepat-cepat melanjutkan sambil mencari kampus negeri yang masih buka pendaftaran.",Sad
"heizou b5? Padahal sudah sangat berharap dia sebelumnya, sedih banget.",Sad
"pagi-pagi lagi sudah kena spam ending AOT dengan Demon Slayer di dekat TikTok, murung sekali, Sabtu ini.",Sad
"saya tidak turut, tapi ikut sedih; Denise keluar dari grup. Semoga sukses terus ke depannya untuk Denise.",Sad
"iya, kamu yang di sana. Kok kamu ganteng banget, sih? Maaf, tidak bisa berbicara langsung. Sedih, deh.",Sad
"sedih kalau diceritakan, ya.",Sad
"kelemahan seorang lelaki yang apabila suami yang tidak bisa sabar dengan kondisi perempuan. Jika mandul, menikah lagi untuk mencari yang lain. Jika dipukul atau didiskriminasi, diam dan menutup aib. Jika nafsu muncul, penuhi. Jangan sampai berkata tidak. Sedih banget jadi perempuan.",Sad
"tahu tidak, rasanya kecewa dengan diri sendiri seperti, ""oh saya gagal lagi.""",Sad
"renang dari jam 10.30 sampai jam 2 karena sangat seru, sepi, dan cuaca mendukung (mendung). Pulang-pulang, kaget, hidung dan pipi merah kena sunburn, sangat sedih.",Sad
"sedih banget, saya yang mengurus semuanya, saya yang tidak ikut.",Sad
"kamu senang, aku pun senang. Kamu sedih, aku ikut sedih. Tapi, berbeda lagi ya ceritanya kalau kamu sedih saat putus dengan dia.",Sad
"diam, saya sedang kecewa berat.",Sad
zzullucia: kasian banget tadi mau foto berempat itu bb gueseleborratu disusun buat ganjel hapenya nucil biar bisa pake timer. sedih tapi agak lucu wkwk,Sad
sedih darimana ya. hmm,Sad
sangat kopong. sedih kali lah.,Sad
"dulu tidak mampu mengantar anak ke pengasuh, sekitar 1k per month saja. jadi terpaksa berulang dari rumah mak ke kl 2 jam plus travel pergi balik. suami kerja di state lain. sedih banget balik",Sad
"punya facebook khusus hype mashiho tapi sepi, anjing. giliran saya upload, member lain ramai. sudah saya hapus. sekarang mau buat lagi nyesel menghapus",Sad
"padahal de gea baru dapat penghargaan, sudah dibuat sedih lagi oleh tim tolol",Sad
sedih banget,Sad
"12 tahun lebih bersama terus, bagaimana tidak sedih saat ditinggalkan",Sad
"ikut sedih, malah ikut menangis saat dijauhi dan teman yang paling dekat",Sad
"tahu tidak, kalau hari ini terasa seperti bahagia tapi sedih juga",Sad
"orang-orang di tiktok kok jahat banget, padahal lockey sedang sedih, kenapa terus saja dibuat semakin sedih. jahat banget",Sad
"akun saya semakin sepi, sedih benar",Sad
"haha, iya. sementara yang saya mau itu nendo, tolong halo GSC, sedih banget, atau rilis ulang figure saja. astaga.",Sad
"sesaat sebelum lepas landas, biasanya tidak begitu sedih, tapi sekarang sedih, campur ngantuk juga",Sad
"aku menjadikanmu sesaatnya tidak seperti dulu yang selalu ada, adalah bentuk kekecewaan yang tidak bisa aku ungkapkan, karena masih tersisa sedikit rasa yang menjadi penghalang. semoga bisa cepat hilang sepenuhnya.",Sad
"lihat mv teaser wonpil jadi galau, lagunya sedih kayaknya, huhu",Sad
"jujur, ya, saya tidak pernah mendengar kabar mipa 3, benar-benar sepi kelas itu dan seperti angker, bagaimana begitu",Sad
"sedih, karena video ini membuat banyak orang tidak mau ke dokter perempuan. dokter-dokter yang berjaga di klinik tempat saya bekerja, kebanyakan perempuan, dan semuanya dengan detail menjelaskan penyebab keluhan pasien. meskipun pasien bercerita panjang lebar soal keluhan, tetap dijelaskan sampai pasiennya mengerti.",Sad
"ini kuota dari kampus tidak turun, apa ya? sedih amat, uang habis untuk membeli kuota saja.",Sad
"melamar kerja, hanya dia yang diterima, ya wajar, tapi tidak tahu kenapa sedih saja begitu.",Sad
"mendekap sepi di sudut sunyi. Menyimpul tali mengikat diksi. Menggapai rindu tercabik pilu. Hatiku selalu terukir namamu, pilu.",Sad
"sudah lama tidak mendengar suara Denise. Jadi, ketika dia meng-cover lagu Day6, sedih saya menjadi +++++.",Sad
"yellow, iya, saat sedih, wkwk, Viva la Vida tidak terlalu, sih.",Sad
"wajar sih, di sini yang kelahiran 98 terus baru masuk SMA dan langsung pakai kurikulum 2013, sedih karena saya tidak bisa menampilkan keahlian saya di bidang komputer dengan teman kelas yang lain. Padahal saya anak warnet banget.",Sad
"eh, sebenarnya sedih banget, padahal debutnya juga belum lama; mana suara dia paling bagus di SN.",Sad
"yah, kecewa, tidak ada stiker-nya lagi.",Sad
"aamiin, selamat pagi juga, kak. Sedih, hasil gambar tidak ada yang menyangkut.",Sad
"ya allah, sampai ke bawa mimpi, ceritanya digedor oleh salah satu host, terus salah membalas DM, eh tidak jadi menang. Sedih, sedih, bangun-bangun langsung perih karena mimpi.",Sad
"ada saja berita sedih dan sekarang syukur ada berita senang. Sehat terus, kak Ji.",Sad
"kamu kenapa? Aku (kecewa, sakit, cemburu, perih, rindu, galau, ingin kamu peka, ingin menangis) tidak apa-apa, kok.",Sad
"sedih banget, tidak, sih.",Sad
"mesti CR muram Durja, ulang tahunnya hari ini.",Sad
"bagaimana caranya supaya menang besar? CPK banget, astaga, tidak pernah menang, sedih banget, sebenarnya agak iri dengan yang bisa menang besar.",Sad
"sedih, ya, wak.",Sad
"terkadang, tidak peduli berapa banyak orang di sekitarmu, kamu merasa sepi, hanya karena kamu berharap dia yang kamu cintai ada di sisimu, karena kamu sangat menyayangi dirinya.",Sad
"huhuu, sedih tidak, ya? Maaf, saya harus isolasi mandiri selama dua minggu, sepertinya.",Sad
"iya, saya lihat ini di berita, sedih banget, Bapak-nya menangis.",Sad
"sangat sedih, pagi-pagi.",Sad
"bangun, menonton Bulgasal dan episode Joon nusuk Wooseok, kesal tetapi lebih ingin menangis melihatnya... sedih, huhu.",Sad
"sampai pagi ini masih terngiang suara Denise cover Day6 ini di kepala, antara masih saja kagum dan sedih karena dia salah satu orang yang membuat saya tertarik ke K-pop karena headvoice dan rentang vokalnya sangat bagus.",Sad
"karena saya sedih karena Hyunho, saya harus membuat lagu fluffy. Yook, little blessing, markitabuat.",Sad
sedih banget melihatnya jadi ikut menangis.,Sad
"sedih, sih, tapi ya, mau bagaimana lagi, bukan kita tokoh utamanya.",Sad
"hypeask! album dan WV 1 press kalian yang waktu itu ""shipsoon"", sekarang statusnya bagaimana? Tolong jangan dianggurin, sender sedih banget yang sudah di rumah, sampai Ina, dan lain-lain. Jangan reply, ya.",Sad
"iya, menurutku juga, desainnya sudah bagus. Banyak yang menginginkan bajunya pakai kimono seperti, sangat tradisional, dan kecewa kenapa seperti western-ish, tapi sebenarnya tidak juga; masih khas Jepang. Tidak semua karakter Jepang harus seperti tradisional Raiden dan lainnya.",Sad
"kadangkala, dirimu berhenti memberikan perhatian pada seseorang hanya untuk menyadarkannya bahwa ketidakhadiranmu akan membuatnya sepi.",Sad
"sedih, belum mendapatkan WL prioritas tapi sudah mau istirahat saja.",Sad
chapter 125-126 sedih banget,Sad
"kalau sepi pasien ya begini, agak bosan jadinya",Sad
"ini kalau tidak ada yang kelas, sepi dong",Sad
"kebanyakan orang mendengarkan lagu seperti ini, salah satunya utopia ingat kenang perjalanan cinta mereka tapi saya tidak begitu. Suatu lirik dapat mewakili strategi sebuah korporasi. Ada lagu yang buat saya sedih saat dengar, yaitu ""toxicity"" (sod), selalu teringat almarhum teman sudah",Sad
"terima kasih yoongi sudah membuat jumpalitan semalam, sudah lagi sedih, diam sedih pergi diam-diam",Sad
"adakah apabila takdirku sampai, allah ambil nyawaku, akan banyak yang sedih dengan kepemergianku, adakah banyak yang akan mau mandikan jenazahku, adakah banyak yang akan mengangkat jenazahku, adakah banyak yang akan mendoakanku, aku risau, dan karena risau aku bersedih",Sad
"dan hujung 2020, sudah berkata dengan diriku, saya mencoba tinder selama satu bulan saja. Jumpa empat orang: satu laki-laki, satu **, dan dua orang terakhir pilihan, ketika saya akan menghapus tinder karena sudah kecewa teruk dengan dua orang itu tadi. Jadi yang terakhir ini, saya mendapatkan nomor mereka pada menit terakhir sebelum saya menghapusnya",Sad
"mau tidur sebentar 30 menit malah jadi terbawa mimpi tidak enak, sedih banget, belum ikhlas banget ternyata",Sad
"hah, serius keluar? saya tidak mengikuti sn, cuma kan yang saya tahu mereka baru, tapi sedih saja, kok sudah ada yang keluar",Sad
"sedih tidak, harus mendengar hal yang seperti, kalau didengar membuat overthinking, sedih dan yang lainnya",Sad
tapi sedih juga karena yang saya pikir selama ini dia baik-baik saja ternyata berpikir seperti itu,Sad
"sedih bacanya, tapi tidak apa, terima kasih ya denise",Sad
"sedih banget, jadi penggemar miskin tidak bisa membela member langsung di saat seperti ini",Sad
"sudah tidak mood mau unboxing paket shopee, terburu-buru sedih duluan, hehe",Sad
"denise sayangku, saya sudah mengira akan begini endingnya, tapi tetap saja saya sedih banget",Sad
"semuanya sih, termasuk denise, juga sedih harus meninggalkan kakak-kakaknya",Sad
"om, aku sedih",Sad
"aihh, banyak yang bilang begitu, tapi banyak juga yang kecewa setelah mencubit pipi aku; pipi aku tidak memiliki rasa malu",Sad
"pagi lagi, air mata mengalir. sedih aku",Sad
"tidak masuk skuad barcelona untuk liga europa, dani alves kecewa berat, ""bolanet"" arenanews",Sad
"sedih banget, online lagi",Sad
"tidak apa-apa, beli skinnya dulu; orangnya datang nanti tidak apa-apa, tapi tetap saja sedih banget, anjing, arghhhh, mau menangis",Sad
syok sedih banget,Sad
"saat lewat juga kaget banget, begitu sekali, netizen indonesia sempat merekam karena kagetnya. berbeda banget dengan komentar orang luar. orang tuanya, kalau dilihat terus diterjemahkan, pasti sedih banget",Sad
"sedih banget, kan",Sad
sedih,Sad
"aku sedih, pih? hehe, mau menangis",Sad
"setiap mendengarkan lagu, kukira rumahmu jadi sedih banget, karena memiliki arti yang berbeda sekarang. Lihat cuplikan filmnya di halaman rekomendasi juga sedih",Sad
"sedih banget, kamu selalu diacuhkan oleh warga",Sad
sepi karena berkurang kegiatan makan dan minum,Sad
bagaimana damai dengan rasa kecewa. bagaimana,Sad
"semalam, mimpi orang yang sudah lama tidak dihubungi tiba-tiba mengirim pesan, tapi saat bangun mengecek ternyata tidak ada notifikasi apa-apa, itu sedih banget",Sad
"sunyi, ya, tidak ada keramaian dan tidak ada yang datang; omikron-nya membuat kesepian melara",Sad
"jibe, kajjaa, benar-benar sekacau itu dan membuat menangis sedih banget",Sad
"sepenuhnya sedih, mazzehh",Sad
"tolong, sedih banget",Sad
"ala... alaa... alaa... murung sekejap, hahaha",Sad
"mau genre apa pun, jika ceritanya membuat sedih, saya pasti menangis. Ini tadi saya menangis ketika menonton ""kita semua sudah mati""",Sad
... kok sedih,Sad
"ini permainannya, bisa menang melawan para oligarki, tapi tetap sedih, karena mereka tetap berjaya",Sad
"bahkan dalam keadaan fisik terluka dan batin yang sakit, ia masih bisa berkata ""aku masih sayang kamu"". Tapi engkau malah memilih untuk pergi. Apa yang hendak dikata, sesal tiada arti jika sudah di akhir",Sad
"banyak penggemar tersakiti. entah dari bws atau shipper yang mendukung pasangan dalam seri. Posisi menang dengan pemeran utama perempuan di seri baru juga jadi serba salah. Mereka ingin dekat ke bright nanti dihujat, tidak dekat dibilang tidak ada momen, dan itu juga membuat penggemar kecewa",Sad
"bangun tidur mendengar dua kabar, tidak menjadi lebih baik, sedih banget",Sad
"haha, sepi tanpa purwakarta tapi tidak apa-apa",Sad
"apapun grupnya, walaupun saya tidak mendukung mereka, kalau ada yang keluar atau bubar, rasanya sedih banget",Sad
mau menonton supaya tidak sedih karena diabaikan,Sad
bukan penggemar tapi ikut sedih membaca sudut denise,Sad
"sepi banget, membuat sedih",Sad
"sedih, dikira lemburan sampai malam, ternyata tidak",Sad
"sedih, njay. makin sulit tenaga kesehatan puskesmas, vaksin booster sampai turun ke rumah-rumah dibawa tni-polri, pelacakan kasus baru dibilang dikategorikan covid. Jawaban mereka sama ""covid itu tidak ada!"" Kehilangan sosok contoh rakyat ini",Sad
"ah sedih banget, program kerja sudah selesai semuanya. wah, tidak mau berakhir kuliah kerja nyata-nya.",Sad
akun baru sepi amat.,Sad
"yakan! sedih banget, bayanginnya.",Sad
ada sunyi di antara pagi dan aku; kamu.,Sad
"kemarin dia follow akun aku pake yang satunya, tapi dm aku tidak dibalas, setan, sedih.",Sad
"kuota aku habis, hm, sedih.",Sad
"dia macam sedih/stres karena tidak ada duit, tau. entahlah lah.",Sad
"kusut saja, pagi-pagi gelak, seakan tidak ada hari esok.",Sad
"ya allah, lihat ini, menangis sedih tapi mau ngakak pada saat bersamaan, huhuhuhuhu.",Sad
"awalnya menemunya secara acak dan cuma sekadar suka sama style dan tone warna yang dipakai, sekarang tiap lihat hasil karyanya terasa sedikit sedih, iya, tapi terasa hangat seperti dipeluk, dipukpuk.",Sad
"di sini sepi banget, kenapa ya.",Sad
"sudah lama tidak online, gue jadi sepi, mengecewakan.",Sad
"tolong, author, kenapa tidak mau bikin versi mature. sedih.",Sad
"iya, sedih banget, padahal aku suka dia banget di sn.",Sad
"agak sedih, tapi saya lega, bye.",Sad
"melihat barang-barang sudah hampir kosong, makin sedih.",Sad
"work! hari ini hari terakhir, aku resign. sedih banget pisah dengan teman, tapi di satu sisi aku bebas dari bos toxic. nekad sebenarnya resign duluan meski belum dapat pengganti, tapi sudah tidak kuat dengan bos toxic.",Sad
aku sedih banget kalau sampai jadi.,Sad
"dugaan loni tidak kerja. Mari kerja saja, nanti juga sudah. Banyak, dong, aku kerja, ayo, tapi tidak lengket. allah, sedihnya. bagaimana nanti, tinggal mati. Itu sebab, siapa, loni tidak pergi kerja ke mana-mana. sobs.",Sad
"ini Instagram lagi ramai karena foto ayang; terus jadi ketahuan, biasanya teman-temanku, siapa saja, karena pada ngepost foto oppa-oppa, kan. Terpantau tidak ada yang seperti pemenang, bagaimana kecewa.",Sad
kamu sedih tidak? aku sih iya.,Sad
"sedih banget, pas di tempat fc—lek-leknya masih menulis ""menerim isi lagu-lagu""; lek-leknya sudah tua begitu.",Sad
"saya sangat kecewa banget kalau sampai tidak jadi murtad, loh, karena sepak terjangnya selama ini, kan?",Sad
"kecewa dengan semalam-harinya, mulailah dengan tiga poin.",Sad
"anjir, menangis benar-benar melihatnya; perpisahan itu memang selalu bikin sedih.",Sad
"kalau dipikir-pikir, menyeramkan juga ya kalau semua orang bisa meraih mimpi mereka. Kan, siapa tahu mimpinya jadi seperti pol pot atau siapa, alias menyusahkan banyak orang. Tapi ya, sedih juga kalau ternyata kita yang tidak bisa meraih mimpi itu. Tapi ya, gimana lagi, kan.",Sad
"setelah baca cerita yang makin ke sini, makin sedih, dan aku terus curhat ke seseorang, menangis parah dong gue, haha.",Sad
"kecewa, rage, wi.",Sad
setiap pagi sedih.,Sad
sedih.,Sad
"sedih, bah, wkwk.",Sad
aku tidak menangis karena sedih; ini hanya karena angin yang membuat mataku berair. “i miss u.”,Sad
"ya, sedih karena makanan cukup untuk sehari satu orang.",Sad
"sedih sih, tapi ya udahlah, hehe.",Sad
sedih banget.,Sad
"sedih, aing.",Sad
"eh, aku ikutan sedih, Denise keluar.",Sad
"sial, aku sedih banget.",Sad
"hehehe, iya kak, benar daripada sakit hati karena pindah ke tempat lain. Masih banyak tuh di Bali, tempat yang bisa lebih menghargai turis yang berlibur ke Bali. Karena sekarang juga di Bali sepi banget dan hampir semua di-PHK dan gulung tikar, jadi masih ada turis lokal pun—syukurnya, minta ampun.",Sad
"pagi-pagi sedih karena dari tadi menggambar, tapi hasilnya aneh semua, wkwk, tertawa miris.",Sad
"Dan, ada satu sikap yang membuat ambisi dia jadi terlihat toxic. Kalau dia kalah dari teman-teman yang peringkat 10 besar lainnya, dia menangis. Aku tidak tahu, mungkin menurut orang lain wajar, tapi bagi saya tidak. Mungkin aku kalau jadi dia juga bakal sedih, tapi cukup aku simpan untuk diri sendiri saja, soalnya kadang jengkel juga.",Sad
"Baik banget orang ini, tapi suka sedih kalau orang-orang lebih memikirkan pcnya, sih.",Sad
heh kenapa nyesek banget ini pagi-pagi baca seperti ini sedih saya,Sad
hari ini aku libur dan fict maitake sepi. punya masalah apa sih dunia argh,Sad
"teman 5 tahun hasilnya seperti ini, sedih banget",Sad
"mesti itu mirip dengan wajib, ya? ya tidak juga sih kalau dibilang mesti. kalau memang mesti, mereka yang maaf (tidak bisa punya keturunan) gimana? semuanya tergantung niat awal menikah. niatnya saja untuk ibadah; kalau niatnya mau punya anak, nanti pasti kecewa kalau tidak diberikan, jadi ya awas saja.",Sad
"unexpected ending, sedih banget pas adegan kena tembak di depan ceweknya lagi.",Sad
"aku biarkan hujan mengurai rindu agar tidak pekat salahku, mencampur rindu dengan sepi hingga terkecaplah pahit yang nelangsa.",Sad
sedih karena dibilang bodoh sama pacar.,Sad
sedih banget.,Sad
sedih banget pagi-pagi liat saldo ada 26 ribu,Sad
bukan lockey tapi ikutan sedih liat denise keluar dari sn dan tidak perpanjang kontrak sama agensi terus ngasih ini buat fansnya.,Sad
"saya sangat rindu, btw gimana ya caranya biar aktif di sini soalnya sepi banget.",Sad
sedih terus.,Sad
"sepertinya tidak, sedih banget.",Sad
"sedih, bodoh bila ada orang mengingatkan kamu untuk segera lepas. sangat menyakitkan.",Sad
sedih banget sampai nangis,Sad
"jalani isolasi mandiri karena covid-19, sangat sedih karena tidak bisa memeluk anak",Sad
sedih sebenarnya,Sad
sedih banget ya..,Sad
banyak yang kecewa sama desainnya ayangto karena beda banget sama fanart-fanart yang ada,Sad
"sedih banget, anna.",Sad
"sedih, memilukan, dan juga kecewa dengan diri sendiri. mengeluh saja namun tidak ada perubahan. harus bagaimana kalau sudah begini?",Sad
"sedih, tahu tidak, tidak ada yang sayang",Sad
"ya, saya menangis. takut banget, sepi banget. ya sudah, memang hanya ada kamu dan diri sendiri. mau mengandalkan siapa",Sad
"sedih tapi juga lega. akhirnya ada kejelasan walaupun bukan pengumuman langsung dari agensi. semoga sukses, dan kami selalu mendukungmu tidak peduli apa yang terjadi",Sad
"ayo, hidup, sepi banget, minggu saya tidak ada tayangan snowdrop lagi.",Sad
"penjualan donut sepi banget sudah 2 minggu ini, tapi digantikan sama proyek suami yang ada terus, tidak motor ya mobil. semoga selalu dicukupi dan hati ini terus bersyukur, baik kecil maupun besar",Sad
"sedih, ya, tidak ada weton.",Sad
"berani, kalau saya sedang stres dan banyak masalah, harus menonton ulang agar merasakan juga kesedihan dan kelelahan mereka, tidak hanya saya yang menderita.",Sad
"itu yang ada, member dari indonesia, sedih banget",Sad
lagi sedih karena kucing saya meninggal.,Sad
tangis,Sad
"yah, sedih",Sad
sedih banget obralan seperti ini??,Sad
"kurasa di rumah, judulnya saja sudah sedih banget, woilaah.",Sad
aku sudah terbayang anakku. sedih melihat ryan,Sad
pagi pagi sedih,Sad
hari ini aku lagi sedih karena makanan tidak enak,Sad
sedih banget dilupakan,Sad
"rasanya campur tawa dan sedih, ingat sisa libur satu hari lagi sampai tanggal 20.",Sad
"tapi masih sepi, belum ada lagi yang memainkan pasir kucing.",Sad
"untuk comeback kemarin dan adanya hiatus. hiatus untuk mempersiapkan hati lockey agar tidak terluka; iya, tidak ada luka tapi sakitnya tetap ada. terima kasih buat member yang lain yang telah melewati ini, pasti mereka sedih dan sakit juga. sudah sampai di sini saja, aku mau lanjut menangis.",Sad
"kecewa banget, bang.",Sad
"hari ulang tahun bukannya bahagia, malah sedih karena dari sekian banyak teman yang mengucapkan hanya satu.",Sad
"ya, gimana ya, saya sebenarnya suka merasa bersalah kalau dia galau, sedih, overthinking, dan sebagainya kalau saya terus karaokean. tapi mau gimana lagi, itu kan memang hobi saya.",Sad
sedih. lagi tahan ngantuk.,Sad
"aku sangat sedih karena membayangkan nasib anak cucu kita kelak mengalami kesengsaraan yang amat karena kekayaan alamnya habis, sementara dampak bekas kerusakan ekosistem harus diperbaiki ditambah hutang yang melambung",Sad
"sudah ikhlas kok, tapi masih sedih saja kalau diingat-ingat lagi",Sad
"belum sih, mau zoom dulu (sedih karena sabtu tidak libur).",Sad
"yang bikin makin sedih itu denise masih mengetik untuk lockey saya dan member, saya sudah berhenti menangis malah makin menangis",Sad
sedih ya.,Sad
sedih.,Sad
"setelah kemarin ditinggal Snowdrop, terus minggu sekarang ditinggal Bulgasal; minggu depan sepertinya bakal sepi banget, tidak akan ada yang menemani malam mingguan lagi.",Sad
"sedih banget, seribu saja tidak ada.",Sad
aku juga kecewa karena tidak bisa mengucapkan yang pertama.,Sad
"sepi banget, tumben.",Sad
kecewa lagi.,Sad
"bro, lihat ini saja, sudah sedih.",Sad
"aku seperti orang yang terus mengulang lagu anak-anak sampai menangis, apa ya? Aku sedih banget dengan liriknya, anjing.",Sad
"tidak mengikuti SN, tapi menurutku dia… sedih banget, asli.",Sad
"secara emosional tidak stabil; mendengarkan DM dari Fromis9 saja bisa membuat aku menangis sampai jam dua pagi, padahal itu bukan lagu sedih.",Sad
kecewa.,Sad
"aku ini lagi mendengarkan OST Snowdrop yang berjudul ""Friend"" dan ""Wishes."" Sedih banget, sekarang tujuh harinya Sooho tidak ada.",Sad
"semalam habis nonton Dew. Dew ini remake bungee jumping versi Korea; aku sudah menonton versi Korea dan memutuskan untuk nonton versi Thai karena katanya lebih sedih, dan juga karena yang bermain, Ohm Pawat. Beneran, emang sedih, aku lebih suka versi Thai daripada versi Korea.",Sad
"aku sedih, nder.",Sad
"sedih melihat timeline orang ini, seakan bukan orang Sumbar.",Sad
"sedang sedih karena tidak direspon, tapi tidak apa.",Sad
sedih.,Sad
"sudah di-share ke base, belum fan? Sedih banget liatnya.",Sad
"terbawa mimpinya, aku sedih bersama ceweknya; aku pun melihat dia bahagia.",Sad
"madam ""Sedih,"" katanya.",Sad
jualan sepi banget.,Sad
mana sepi lagi.,Sad
"tapi di mimpi aku akrab dengan teman lama, yang sudah lama tidak menyapa; sudah tiga tahun, dan dia memutuskan pertemanan dengan aku. Ih, sedih banget, tapi terasa bahagia bisa seakrab dulu meski hanya di mimpi.",Sad
"apa sih, kenapa jadi sedih?",Sad
"seru, plot twist banget ceritanya; terus ada semua di situ: romancenya, thrillernya, sedih-sedihnya juga—walaupun memang agak bikin pusing setelah nonton. Aku menontonnya pas on going, jadi bikin pusing nunggu episode berikutnya.",Sad
"dear you, kalau kamu membaca ini: aku hanya ingin kamu tahu, maaf harus berhadapan dengan aku yang mentalnya tidak stabil, tidak bisa mengontrol perasaan, melakukan self-harm, sering mengeluh, dan lain-lain. Tapi, seakan kamu tidak tahu apa-apa yang sudah aku lalui. Sedih, tapi aku tahu, mungkin kamu sedang kesel saja.",Sad
"di tempatku gerimis, kalau di pipimu terdapat tangisan.",Sad
sedih saja.,Sad
tidak pernah bermimpi tentang treasure; sedih banget. Harus bagaimana biar bermimpi tentang Trejo?,Sad
"aku bodoamat karena memang tidak mau lama-lama di acara, tapi tetap saja terasa sedih. Aku bisa makeup sendiri. Pakai baju yang oke juga bisa, tapi rasanya seperti ""beda"" sendiri, itu agak sedih, hehe.",Sad
"jangan tambah sedih, ya.",Sad
"ingat waktu menonton ""Child"" dulu bersama-sama, dulu nonton rookies; semuanya terasa sedih, sudah pada dewasa, tidak ada yang seperti dulu, padahal dulu mereka tidak terlalu disukai karena terlihat seperti masih bocah, padahal sekarang sudah besar.",Sad
sedih bacanya.,Sad
"cintailah bahagia karena dia membuatmu ceria, tapi cintailah juga sedih karena dia membuatmu dewasa.",Sad
"sebagai tim bubur dengan topping kacang kedele, saya kecewa dengan pendapat Anda.",Sad
"berbisik, mengingatkan tentang sepotong kekecewaan yang tak kunjung usai, dibalut dengan luka yang tak kunjung diobati, luka demi luka, lalu ditutup lagi dengan luka. Sedikit terselip rasa bersalah, menolak untuk mengakui.",Sad
"sedih, ya, Bu, melihat negeri yang indah, elok, permai ini dirusak oleh bangsa yang tidak bertanggung jawab.",Sad
tidak ada yang sedikit sedih dan stres.,Sad
"sedih banget kalau support system gue adalah seorang Nicholas. Kalau gue sedih atau lagi sakit, masa mau menangis meraung-raung sambil memanggil Nicholas? Tidak mungkin mau ke Jepang gara-gara ingin ditenangkan oleh Nicholas.",Sad
"sedih, bestie, habis mandi tidak disuruh pakai baju juga.",Sad
"sudah buka, mungkin setelah imlek mau order roti srikaya dulu buat ngopi; sisa yang pandan aja jadi sedih yang lain, sold.",Sad
"acheol, aku ikutan sedih. Cepat sembuh ya.",Sad
"tapi sedih sama captionnya: ""Love my Tannie.""",Sad
"mirip kucingku, semalam dia ketabrak motor lalu mati; ya allah, sedih banget.",Sad
"lagunya, monyet, sedih banget.",Sad
"sedih, yang bisa disuruh masak indomie berkurang satu.",Sad
"mengsedih, wkwk.",Sad
aku bisa tersenyum walaupun di dalam hati ini masih tersimpan rasa kecewa.,Sad
"sekuat-kuatnya orang yang selalu riang, tertawa, dan bahagia setiap harinya, kalau sudah sendiri kadang suka sedih dan menangis.",Sad
"awalnya saling menyapa, ujungnya saling suka; awalnya saling mesra, ujungnya kecewa juga.",Sad
"gak bisa dah, dari semalam dah sedih banget, gak sampai nangis; orangnya masih ada 6 member lain. Lockey, semangat ya, mesti bisa.",Sad
"ini seru banget emang! Oiya, nder, coba nonton “My Annoying Brother” juga deh, sedih parah.",Sad
"hmch Twitter aku sangat sepi, sad.",Sad
"dan akhirnya kita berdamai. Sadar tidak bisa bersama dan tidak bisa mengulang kejadian yang sama pada waktu itu. Sedih sih sebenarnya, tapi kalau tidak begitu nanti aku yang hancur lagi, hehe.",Sad
"asli gue sedih banget, tai.",Sad
"semangat… jangan nangis. iya, air matamu lebih berharga dari apa; aku juga tidak tahu, tapi aku juga sedih karena tidak bisa menghadapi.",Sad
"terkadang aku bisa marah, bingung, sedih, dan ceria tak kenal hari dan waktu. Aku sadar itu dan aku menyesuaikan. Mungkin yang paling terlihat ketika aku berada di kerumunan orang adalah warna-warni (ceria), tapi sebenarnya aku memupuk warna hitam, putih, dan abu.",Sad
sedih karena belum dapat kabar dari ayang.,Sad
"belum nonton aja udah sedih… sedih, gak bisa baca judulnya, kampret.",Sad
sedih banget mukanya.,Sad
timeline-nya sepi.,Sad
"mimpi aku malam ini sedih tapi gak jelas. Sedih karena bestie aku meninggal, gak jelas karena guru matematika aku jadi TNI sekaligus dosen.",Sad
asli kusut… hahahaa.,Sad
"Kalau lingkungannya gak sehat, pindah rumah oke banget, tapi kadang sedih buat ninggalin rumah lama, karena banyak kenangan.",Sad
"reyna tuh, segala pengen beliin martabak buat emak sama S. Jesi, jadinya Mas Al, sedih. Terus nanti pasti Nino Dower bakalan bilang “k mb andin.” Kasihan banget, Mas Al.",Sad
"semalam keburu tidur, pagi-pagi nangis banget, kaget—Denise udah ngonfirmasi dia keluar demi apapun. Sedih banget, aa. Tapi semoga pilihan Denise baik buat dia dan dia bahagia, sukses terus, Denise. Tapi asli, kenangan zaman SN bikin kangen.",Sad
"lagi di fase pengen nangis tapi gak tau kenapa; bawaannya sedih aja, padahal gak ada yang menyedihkan.",Sad
"aku gak banget, jerawat makin meradang sampai sekarang on–off terus; sedih banget.",Sad
"gue gak sakit atau sedih gara-gara foto itu sih; gue percaya sama bw siapa pun. Kapal mereka di series bakal selalu bersama, cuma gue sedih gara-gara komentar yang mengedrag, sama ngebandingin momen bw sama kapal sebelah, yang jelas bedanya jauh banget dan gak sama.",Sad
"agak sedih, tapi gapapa; semoga tahun depan bisa ngehype ulang birthday Jisung lagi.",Sad
"sedih sih, soalnya aku mau maraton Manifest sama Bulgasal, tapi gak jadi terus.",Sad
saya kecewa dengan keputusan tersebut.,Sad
"rindumu, sajak, sentuhan. Kalimatku pernah pucat pula. Sama seperti keriput di lengan Ibunda; mengelus hangat, sepi kulitku.",Sad
"dua, tiga lari pagi lama-lama, aku gak kuat; Mas Crush pergi, aku sedih.",Sad
"semoga cepat selesai ya, sedih melihat mereka putus, tapi masih sayang, gak tega, jadi ikut sedih.",Sad
"sedih, harus ppg dulu.",Sad
"ya allah, farr turut berduka. Setiap kali kamu ngepost, selalu ada perasaan dalam, yang lucu banget, tapi sekarang udah pergi. Faar, meng-nya sudah tenang di sana. Jangan sedih-sedih ya, nanti meng-nya ikut sedih.",Sad
"masih sepi, bikin dingin, kesepian banget.",Sad
"buat kamu, fans emyu, tetap sedih dan jangan semangat ya; aku sering ngalamin yang kayak gini di Football Manager, wkwk.",Sad
"sedih, bestie, habis makan, gak disuruh minum sama moots.",Sad
"yah, sumpah sedih banget, loh—walaupun bukan fans-nya, tapi sedih loh. Mimpi buruk fandom tuh kayak gitu.",Sad
"pernah nonton filmnya, bener-bener sepi sih, tapi boom! Nangis banget.",Sad
"masih sedih, soalnya akun sebelah udah fb, convomf, convomfs, moviemenfess, beame.",Sad
sedih ditinggal pendidikan.,Sad
"aku meriang jadi gak nonton juga, sedih.",Sad
"pagi, bang jon, bukan? kangen ama ocehan bang jon, sepi banget, cuma admin yang keliatan.",Sad
minggumu terasa sepi tanpa musik ini.,Sad
"sedih banget sih, ngemis-ngemis sama orang, huft.",Sad
"iya kan, sedih.",Sad
makin sedih.,Sad
"demi allah, yang kena siapa, yang nangis siapa… aku jadi peran bad guy banget kalau begini, padahal aku yang dibikin sedih.",Sad
"denise, ih, gila, aku sedih banget; denise langsung bikin deg jantung aku.",Sad
"di mana-mana kamu, di mana, gak tau di mana… sedih, gak ada di mana-mana.",Sad
"sedih, yang perform cuma 6 member doang karena jiyoon lagi kurang sehat. get well soon, jiyoon.",Sad
pagi ini sedih sekali.,Sad
"pagi ini terbangun dengan perasaan campur aduk—ya emosi, ya sedih. bingung mau ngapain; rasanya waktu berputar lama banget, makin gak betah di rumah.",Sad
"ini denise, ya? sedih, vine ent. melepaskan anak se-multitalenta ini, tapi ya gimana lagi, sepertinya ini jalan terbaiknya.",Sad
"page 36/365 seharusnya jujur dari awal kalau emang sebenernya gak pernah tulus. jangan terpaut karena kasihan datangnya. yang ikhlas, ya, jangan buat orang yang mengharapkanmu kecewa.",Sad
"lagi di fase sedih banget, gak punya siapa buat cerita.",Sad
"ya ampun, aku ikutan sedih.",Sad
ini beneran denise keluar dari secret number? sedih banget bacanya.,Sad
"teman gue yang lockey sudah bilang seperti ini sebelumnya, kalau sampai chat group dia tidak ikut, ada kemungkinan menurut gue tidak akan lanjut lagi di sana. ya allah, sedih.",Sad
"ih, sedih banget.",Sad
"astungkara, oh gara-gara ini sedih.",Sad
"hidup gue sepi amat, ya.",Sad
"aku sudah bersahabat lama dengan sepi sebelum lo ada, tapi sekarang sunyi tanpa apa-apa; tanpa lo, aku belum mengakrabinya lagi.",Sad
"lama-lama gue sedih benar-benar, njir, lihat manchester united.",Sad
"sedih melihat orang berargumen tentang islam menindas. dia sama saja; ada beberapa manfaat untuk orang islam, tapi sebenarnya sama saja, hanya ditukar dengan istilah arab sedikit. total pembayaran balik sama atau hampir sama dengan yang konvensional. itu hanya untuk mencari nafkah.",Sad
penonton kecewa,Sad
pagi-pagi langsung dapat berita sedih,Sad
"sejak membaca kalimatku yang terbagikan, sungguh perasaan takut yang menghantui saat keluar malam melewati jalanan sepi sunyi dapat memudar. Saya membawa ponsel, memotret, nge-tweet lagi di area terang lampu, sesudahnya pulang dengan harapan selalu aman.",Sad
"tidak sedih sama sekali tetapi seperti tidak ikhlas, mengerti tidak, sih",Sad
sedih betul,Sad
"huhu, iya sedih, agak nggak rela",Sad
"sedih, wkwk",Sad
saya kemarin kecewa mendukung PS di TPS kini; semua sudah terbuka jati diri yang sebenarnya.,Sad
"satu kata saja, ""kecewa""",Sad
"ya allah, ya balik atuh, sepi, tidak ada kakak",Sad
"kayak sedih saja gitu kalau weekend dipakai untuk kegiatan kantor. Kapan gue bisa istirahat, ya?",Sad
"ayo, yang lain juga boleh; akun baru ini masih sepi",Sad
"aku sedih, eh, tapi kok kamu sudah bangun",Sad
"kemarin malam, istri sopirku yang terserang stroke itu meninggal dunia. innalillahi wa innailayhi rojiun. allahummaghfirlahaa warhamhaa wa aafihaa wa fu anhaa, wa akrim nuzulahaa wawasimadkholahaa. aku sedih banget dan marah pada masalah yang memicu dia terserang stroke.",Sad
"ikut sedih bacanya, keputusan berat, tapi aku yakin denise pasti sudah pertimbangkan hal ini. Yang terbaik untuk denise; semangat juga, lockeys.",Sad
"tidak tahu lagi, sedih kalau lihat foto-foto cowok ganteng",Sad
"tetap semangat ya. aku baru buka Twitter, sudah bikin sedih, karena aku yakin sekarang lockey tidak baik saja. Tolong, jangan terpengaruh dengan hal negatif yang bikin kalian jadi semakin sedih. Intinya, tetap dukung secret number dan denise, apapun yang terjadi.",Sad
sedih terus,Sad
"senang, akhirnya jenjang karir yang diinginkan abangku sudah tercapai, tapi sedih juga harus jauh jauhan lagi. Nanti kalau telepon, pasti sombong deh; manajer ini manajer, jangan macam-macam. Emang rada tai sih, tapi gapapa, uang jajanku nambah (bismillah)",Sad
"sedih banget denger kabar denise; biasanya di secret number dia, suaranya cakep banget, ampun. Tapi tidak apa, apapun yang terbaik buat dia. Kuharap aku bisa mendengar suaramu lagi",Sad
"sedih banget, denise keluar",Sad
"ini tidak ada niatan digaji begitu, ya? Sedih amat.",Sad
"pagi, bang. Di sini lagi sedih, bang; liat anakku nangis terus karena kucing kesayangannya tertabrak mobil.",Sad
"bukan lockey, tapi sedih banget, denise hengkang dari secret number. Menurut gue, denise dan monday adalah vokal terbaik di gen4 (menurut gue, jangan salty), ditambah lagi mereka dari perusahaan kecil.",Sad
"sedih, dijual semua",Sad
"terus, untuk apa dipacarin kalau tidak bisa kasih kepastian, nanti kalau ditinggal menikah—sedih dan nyesel",Sad
"pengen di rumah saja, kak. lagi sedih; kucing aku barusan saja meninggal",Sad
sedih banget dengernya.,Sad
"aku bukan siapa-siapa, tapi kok ikutan sedih ya",Sad
"pas cheongsan memeluk onjo demi allah, gue sampai teriak ""jangan pergi ahelah"" terus nangis. pas namra mau menggigit onjo tapi tidak jadi; namra teriak frustasi banget sampai merinding gue karena gak tau, ya, sedih. pas anak-anak mendekati namra di rooftop, gue nangis.",Sad
hari-hari sedih terus,Sad
"sedih, jisoo belum mengirim dm aku",Sad
"aku sudah dewasa, aku sudah kecewa",Sad
"sibuk banget sama kuliah, apalagi sudah praktikum offline, jadi bolak-balik lab tiap hari, terus balik kost, suka capek, jadi gak sempet buka twitter :( sedih",Sad
"sedih, nder",Sad
"min, mending pc-nya dibanyakin deh supaya kejadian yang merugikan tidak terjadi lagi. kontrak dengan dreamies-nya setahun kan? nah, banyakin pc nct dream-nya selama setahun ini supaya kita semua kebagian. sedih sih, gak dapat-dapat photocard-nya",Sad
"sedih, woy, tolong.",Sad
"orang kalau terlalu sering kecewa, perasaannya pasti sudah di level ""ya gimana ya, mau gimana lagi"" sampai pasrah.",Sad
"angin malam terus menyapa, mencengkeram rasa sepi ini, membuat diri tersenyum; teringat manik indah dirinya saat menatap dengan senyum.",Sad
"sedih, aing",Sad
sedih banget.,Sad
"teman gue, lockeys, baca ini; ikutan sedih banget",Sad
"baca ini sebelum mendengarkan lagu mark, jadi bila dengar tadi teringat tweet ini. sedih dong, senarnya lagu ini.",Sad
"loh, udah berakhir kontraknya, sedih banget.",Sad
"langit tahu banyak yang lagi sedih, makanya turun.",Sad
"jangan lupa bergabung, pin aku ya. masih sepi, huhu. terima kasih, semoga cepat menang besar ya.",Sad
"ah, sedih.",Sad
musiknya sedih.,Sad
"cuma kayak sedih aja. saya benar-benar berharap saya bisa mengubah takdir, tapi ya mana bisa, gue gak punya kekuatan apa-apa buat mengubah takdir.",Sad
"sedih, tapi apapun hubungannya, pada akhirnya tetap akan jadi orang asing, gak sih?",Sad
"ih, sedih bayanginnya. bagaimanapun, suatu hari semuanya pasti mencapai akhir, kan?",Sad
sepi.,Sad
aku juga sedih.,Sad
lebih baik melihat dia marah daripada melihat dia sedih.,Sad
sedih banget lihat xiaojun minta maaf karena wayv belum bisa coba.,Sad
aku sedih.,Sad
"kecewa, min.",Sad
"baru bangun tidur, woy, elah sedih banget, denise keluar, padahal masih berpikiran positif. dia bakal cb ot7, mana vine, tidak ada pengumuman resmi lagi, emang agensinya.",Sad
"sedih banget, ancur, benar-benar sakit. kalau ada apa-apa, jangan ngomong sama ibu aku atau ngomong sama aku.",Sad
"tidak kok, emang sedih kalau beneran ngerasain di posisi pram atau niskalanya.",Sad
"buset, sedih tapi wkwk.",Sad
"ya allah, sampai tidak ada ekskul, grgr, tidak dibangunin… sedih.",Sad
"aku yakin ke depannya, lockey sedih kalau lihat gambar ini.",Sad
aku sedih banget.,Sad
"kasihan dan ikut sedih. cari aman tanpa foto, tanpa upload, dan lainnya. kalau gak, jangan di dunia homo.",Sad
sedih karena mati ditinggal pacar.,Sad
aku sedih banget lihat foto-foto cowok ganteng.,Sad
"noo eter niat mau nyari kembarannya, malah sedih banget.",Sad
"tersesat dalam tangis, menginginkan kehadiranmu, tapi kau tak kunjung hadir bahkan hanya untuk sekadar mengabari. sadar dan damai dalam jalan yang lurus, tapi merasa tak berarti karena hadirmu benar-benar sudah tidak di sini. bagaimana bisa aku melihat sosokmu dalam diri orang lain?",Sad
"buka twitter sekarang, rasanya kayak sepi banget.",Sad
"pjj lagi, pjj lagi. sedih, gak ketemu ayang.",Sad
"diudahin segitu saja, sepi ya. kalau dilanjutkan, bingung juga.",Sad
"udah tau bikin sedih, masih saja dibaca terus.",Sad
"tidak terlalu kecewa ya, tapi tetap tidak senang.",Sad
"ya, siapa yang gak sedih, anjerr. makanya ngomongnya juga gimana, nanti perasaan orang tersinggung.",Sad
pekerjaan sepi banget.,Sad
"iya, ini mah nggak apa-apa, kak, menunda dulu karena ada alasan tertentu. sepertinya ke depannya juga bakal pengen punya. beda cerita kalau yang sebenarnya menolak rezeki alias kehadiran anak, itu yang jadi topik diskusi. sedih sih, tapi ya, itu hak mereka menurut agama yang jelas tidak diperbolehkan.",Sad
"heran aku, masih pagi sudah nyinyir aja, ya ampun. gimana, gue gak suka sedih ya. bahkan kesibukan aku aja, lo gak usah cari tahu, malah begitu",Sad
"sedih, dari segitu banyak yang lihat tweet ku, gak ada yang mau bantu; hanya beberapa orang yang sudah bantu aku bisa dihitung. terima kasih, semoga allah ganti lebih banyak.",Sad
"saya bukan lockey, tapi saya merasa sedih karena itu. buat para lockey, jangan sedih terus ya! saya berharap yang terbaik untuk denise, secret number, dan lockey. semangat terus, lockey, buat dukung denise di secret number!",Sad
"ya kan, sedih amat.",Sad
"bangsat, aku 'enjoy' bersedih-sedih, karena gue suka menahan diri untuk gak bersedih atau nangis. stress relief-ku adalah kisah angst.",Sad
"sabar, cuma agak sedih",Sad
"kalau pusing dengan sedih, pasti jadi kangen rumah",Sad
sedih amat sudah,Sad
"versi selesai, anjir, sedih banget",Sad
butuh waktu yang lama untuk kembali percaya dan berdamai dengan rasa kecewa,Sad
"aku tim raydu, tapi liat ini sedih banget.",Sad
"enaknya nino kita, apa, in ya? mak, bisa-bisanya bikin anak mamak sedih; nanti kalau sedih, tidak bisa live juga lagi",Sad
"aku tidak tahu kenapa bisa ikut bahagia ketika kamu sedang bahagia; dibilang kontak batin, takutnya gw salah. aku sudah terlalu sering menganggap semuanya murni dari kontak batin, tapi terkadang hal itu yang bikin aku kecewa dan aku tidak mau mengulanginya. dibilang peduli, iya banget",Sad
"lagu sedih dicampur perasaan, beuh, makin.",Sad
sedih banget waktu salaman sama kucing,Sad
"sedih, la dia tidak ada kawan",Sad
"fess ini es krim enak banget, tapi kok sekarang susah carinya. Sender, sedih ni",Sad
"sedih, aku jadi tidak dapat, anjir",Sad
pasar lagi sepi,Sad
"halah, paling juga gugur lawan PSG; kecewa dengan taktiknya",Sad
"aku tidak bisa makan apa-apa, nder, sedih",Sad
"astaga, sedih banget… Denise tuh favorit banget, suaranya",Sad
"aku sering di posisi sedih, jadi waanjai. Satu sisi, mewgulf itu sumber kebahagiaan buat gue dan mereka itu candu; tapi sisi lain, aku tahu kalau itu salah. tiap malam overthinking; “do I have to leave them?” tapi bagaimana caranya aku pergi dari sumber kebahagiaan aku?",Sad
"aaa, jangan sedih-sedih, nunaa",Sad
"habis liat berita Denise, sedih amat sudah. Padahal vocalnya paling bagus di SN",Sad
"ini teel emang sepi, apa gimana? Kesepian",Sad
"wml rules done. Akunku ika_ruyanah, semoga Jaehwan dan Baejin sembuh, sedih liatnya",Sad
"judul temlenmu bikin ngakak abis, Mbak, sehingga perjalanan ini seperti jadi saksi. Gembala kecil menangis, sedih",Sad
"lemes, maszehh; namanya juga Emyu, kadang bikin bahagia, kadang juga kecewa, bukan begitu?",Sad
"naeun menyukai lagu sedih, dan setiap ia mendengarkan lagu itu adalah gambaran suasana hatinya",Sad
kayaknya tim baby yang kecewa,Sad
"sempet sedih juga pas denger tahun kemarin, kuantitas minus dikit pendapatannya (kayaknya, grgr, Kingdom juga sih ini). Semoga tahun ini bisa berlipat-lipat gandaa",Sad
"menurut aku sedih kalau pacar gue pergi kerja pagi-pagi, haha. Dia seperti sahabat terbaik yang pergi, sebab dia sangat sibuk kerja",Sad
lagu “merasa indah”—kenapa sedih ya?,Sad
"yah, kecewa. seharusnya out bareng cr7 kemarin. Hadeh",Sad
"sedih, aku masih sakit padahal semalam sudah minum obat",Sad
"sedih, kulkasku cuma berisi bunga es dan sayur",Sad
"paket aku belum dikirim juga ya, padahal sudah dua hari lalu pesan, meni sedih, ih, asa lilaa",Sad
"sedih melihat kenyataan di lapangan, banyak rekan pensiun menggunakan aturan UU Ciptaker inkonstitusional, uang pesangon yang minim",Sad
"tapi pas liat liriknya, aku jadi merasa: apakah ini yang dirasakan mark sesungguhnya? aku sedih dan merasa jahat, begitu depresi seorang idol sampai kehilangan masa kecilnya demi karya yang kadang juga masih dihujat",Sad
"ih, kenapa queen aunty jadi sedih",Sad
"kenapa ya kalau tengah malam, suka sedih sendiri berlarut-larut, lalu semuanya berkelebat di kepala: mulai masa lalu, masa sekarang, masa depan, tuh, whyy",Sad
"sendiri dan sepi, aku ingin berlari menelusuri mimpi yang tak kunjung menepi",Sad
“warded” lagi ke? muka sedih saja,Sad
hal yang membuat anda kecewa? me:,Sad
"ah, denise nyanyi “yeposo”, gue jadi double sedih; sedih karena Denise, sedih karena Jae, hadeh.",Sad
mvs sudah nonton kesekian kali dan masih tetap mewek (recommended buat yang lagi mau nonton yang sedih-sedih),Sad
"kesel dan sedih alias kecewa, bro :( yang tadinya semangat, sekarang jadi agak loyo",Sad
"kak Laraa, cepat sembuh, ya Allah; sedih banget, istirahat banyak-banyak",Sad
"apa, aku harus mute “p word” ya? Sedih lagi, hemat tapi mau jajan",Sad
"sedih, aku lagi berantem; mereka saling cemburu, akhirnya win jadi ngambek",Sad
"yah, kecewa",Sad
"pantes, ya, waktu hari Kamis, wajah Ell tuh kelihatan lemas, terus matanya berkaca-kaca; aku kira lagi sedih. Tapi aku, kalau sakit, suka gitu juga, nangis, pengen sembuh, hiks",Sad
"gara-gara fanart yang itu, aku kalau liat Thomaya jadi sedih, mikirin Yoimiya",Sad
penonton kecewa,Sad
"pengen nonton, aku kira kamu di rumah, tapi nanti aku sedih karena sendirian, anjir. ini kawan yang diajak, tapi tidak ada yang mau lagi.",Sad
"ketika senang, ia datang lagi. ketika sedih, ia tak pernah pergi. perkenalkan, dia ibuku, bidadariku.",Sad
"sedih banget, please get well soon, dayeon!",Sad
"apa, la mama ini? maaf, sayang. mama tidak menjaga dhyan dengan baik. mama leka. maaf, sayang. cepat sembuhlah, dhyan. walaupun awak demam pun, macam tak demam. tapi bila malam nampak awak seperti itu, sedih, mama.",Sad
"sumpah sedih banget, denise.",Sad
"aku tidak ikut sn, tapi ini sedih banget, ya allah.",Sad
"iya, sedih banget, padahal udah nungguin dia comeback lagi sama sn.",Sad
"sedih, foto sopinya dihapus.",Sad
"sedih banget, gila, denise.",Sad
"ada yang salah besar di klub kalau tiap musim tidak mampu jadi penantang gelar di tiap kompetisi. kecewa setelah kecewa, karena klub ini sekarang penuh drama, bukan soal prestasi lagi. musim ini, semua kejadian gak enak terjadi di kandang, jadi bahan olokan bagi pihak yang gak paham bola.",Sad
kok sedih banget.,Sad
"kedepannya sedih, sih, cuma pusing saja, pang.",Sad
"aku tidak mengerti harus ngapain, sedih aja begitu.",Sad
"tidak sedih, ya… kayaknya barang kemarin diunggah, nif… wkwkwk.",Sad
"kenapa maknae suka kayak gini sih?! kayak semua hyungnya sedih mewek, kebanyakan maknae tetap, padahal hasilnya juga sedih, tapi kayak gak bisa nangis di depan kamera. terutama maknae big hit. tuh, kalian pasti sukses, pasti aku yakin.",Sad
hal paling sedih itu saat aku tidak tahu mau mengeluh sama siapa.,Sad
"hanya dirimu yang bisa membuatku tenang; tanpa dirimu, aku merasa hilang dan sepi.",Sad
"omg, lagu itu! dulu didengar karena tak tahu apa hubungannya, tapi setelah besar baru tahu. sedih gila mv itu.",Sad
"foundation-nya shiseido syncroskin, mau aku kasih buat hadiah ultahnya ibu, katanya bagus, tapi harganya 550k–700k buat 50ml, aku sedih.",Sad
"sedih njirr, pagi-pagi dapet kabar gini. thanks, denise, sudah menjadi bagian dari secret number dan lockeys. di mana pun, kamu akan selalu menjadi fans di hati lockeys.",Sad
"tulisan yang luar biasa; anak cewek aku masih 6 bulan. tidak membayangkan akan sudah berusia 18, sudah bisa mengurus dirinya sendiri seperti mbak anin. pasti rasanya sedih dan bangga bercampur aduk.",Sad
"paling sedih, waktu ortu sudah kehilangan masa jaya, wkwkw. dulu tiap hari bisa order makanan entah mcd, phd, kfc, dll; sekarang kalau mau order, harus nunggu menang giveaway, dengan batasan beli karena harus hemat. sedih banget, sih, tapi ya, dunia pasti muter.",Sad
"iya ya, sudah cocok, huhu. sedih sih, tapi tidak apa-apa.",Sad
"tidak nder, kayaknya gara-gara karantina deh. soalnya dulu, kalau maju, santai banget, gak nervous, gak tremor, bagus-bagus aja. terus sekarang, kalau mau maju tuh masih menikmati, tapi waktu sudah mulai ngomong, semua buyar. jadi tremor, kata-kata yang disiapin hilang, gitu deh, jadi sedih.",Sad
"sedih banget ya, Denise gak balik lagi ke sn.",Sad
"huhu, emang pendek banget ya. Kalau tidak buka ig, kadang notifikasi live tidak muncul, suka sedih",Sad
"ih, sedih beneran, ini kok tega.",Sad
"sedih, belum dikabarin sama pacar.",Sad
"sedih, kali.",Sad
"sedih, kenapa, bub aku?",Sad
kita kecewa sama harapan yang kita buat sendiri.,Sad
"barusan nonton ini, sedih ngeliat il-rak; jadinya dia beneran anaknya si ha so itu? Atau salah sangka doang?",Sad
"duh, gimana ya buka pola pikir orang-orang kayak gini... sedih aja ngebacanya.",Sad
"mau sedih, tapi...",Sad
"langit menjatuhkan bulir-bulir yang sedih, yang sedikit, yang sakit, yang tak sungguh-sungguh menghapus dosa, apalagi kenangan.",Sad
bahagia adalah kecewa yang sudah lewat..,Sad
"kok aku sedih ya? aku menyesal, kenapa aku tidak kenal bw-nya pas dulu-dulu aja, pas pertama mereka buat series, yang katanya tuh masih adem ayem, rasanya, kenapa gue harus ngerasain di momen sekarang, yang isinya cuma war-waran terus. Jujur aja, gue emang masih awam banget kenal bw.",Sad
"bimbim lagi sedih, bohongan.",Sad
"hp aku rusak, sksk, sedih.",Sad
"sepi banget rasanya, wkwk.",Sad
"gila, lockey, kalian stay strong ya. Tidak terbayang kalau ada anggota yang keluar; kalau ada berita anggota keluar, entah dari grup manapun, jadi ikutan sedih. Semoga Trejo aman-aman sampai kedepannya.",Sad
"kecewa, kurasa?",Sad
"elanga, jangan sedih.",Sad
"sedih tadi malam, mimpinya jelek kali, sampai aku kebangun tengah malam nangis deress; terus aku tahajud, baca doa, blabla, terus mimpi jelek lagi sampai dalam mimpi itu aku capek kali baca ayat kursi tiga qul, tapi setannya gak pergi-pergi, anjir.",Sad
"Paling sedih bila tengok gambar kelas mereka… meja mereka semua penuh bunga, gambar apa semua, lalu siswa yang selamat sampai sekarang trauma dengan tragedi itu.",Sad
"Makanya, yuyur agak kecewa. Biasanya mhy pintar bikin baju bozz.",Sad
sedih,Sad
"aku yang sudah nonton kim sabu berulang kali, apa kabar? Yang nonton di net bikin gak nyaman. Yang harusnya aku sudah terbiasa nonton adegan di meja operasi malah begini, sumpah kecewa. dari romantic tayang di net, feel-nya jadi gak sedap, kayak pas nonton di netflix.",Sad
"Barusan liat tren, Denise katanya keluar dari sn. Ya ampun, sedih banget; baru bangun baca gini.",Sad
Tidak tau kenapa vibe pagi ini sedih banget.,Sad
"sch! sedih banget, mingguan ptm 50% huhu. mana, aku sekolah tuh gapunya temen, deket gitu; apalagi kalau 50% gitu, hh sedihnya. iklan: bergabung komunitas mahasiswa ""schcampus"" di telegram dan discord!",Sad
sedih banget.,Sad
"makanan itu lebih dari sekadar hitungan kalori lemaknya, duuh. sedih banget tiap bawa pulang kue/pastry; riset, cari bahan, bikinnya berjam-jam cuma buat dikomentarin: “aduh, ini lemak semua ya?”",Sad
"denisee, huhu, pagi-pagi sedih, liat polaroidnya jadi kangen jaman ""siapa ini"" sama ""punya ledakan itu.""",Sad
sedih betul jadi penyokong manu pagi ini.,Sad
"sekarang masih gitu gak, ka? sedih banget.",Sad
"sedih, tangan ayang buntung.",Sad
"huhu, sedih banget, mana lagi online.",Sad
ko masih sepi ya…,Sad
"sedih banget, banget, ah, bias gue! denise.",Sad
"kalau anggaran tiap bulan, ya bangkrut; kalau lagi butuh aja dong. masa teroris pakai musim kadang muncul, nanti sepi; nanti muncul lagi. kalau teroris ada, ya terus dong aksinya. sekarang lagi ada covid-19 pas pemerintah sibuk—ternyata terorisnya libur kalau pemerintah sibuk.",Sad
ko sedih.,Sad
"karena kecantikan luar biasa, maka kamu jadi foto model. di foto ini, konsepnya mikirin ""kenapa ya, mas crush malah jadian sama temenku?"" jadi sedih banget.",Sad
"anjir, sedih udah deh, ini mah secret number udah berasa gak lengkap lagi.",Sad
"kecewa, rusak, menghilangkan sedih, menghilangkan masalah; paling parah, pingin melanjutkan hidup.",Sad
"itu serius, mbak denise keluar?? sedih banget, tolong; walaupun gue bukan fansnya, tapi gue ikut sedih.",Sad
"masih sepi, gak ada yang lewat.",Sad
"dulu di medsos gue baca, banyak yang komen ""psi"" itu dipelesetkan dengan kepanjangan ""partai sampah indonesia."" dan gue sangat sedih mendengarnya. tapi sekarang gue baru mulai percaya akan hal itu, terlebih setelah mengetahui kualitas pimpinannya seperti ini.",Sad
"mau dong saling follow, beb. akun baru netes masih sepi banget.",Sad
"sedih, sumpah, yang bikin gue bertahan nge-stan secret number selama ini cuma denise. sebenernya dari awal dua member baru masuk, gue udah punya firasat kalau denise bakal keluar. tbh, gue masih gak bisa nerima kedatangan dua member baru itu. terima kasih denise, terima kasih secret number, dan selamat tinggal.",Sad
"selamat ulang tahun, tapi sedih, musim ini mungkin tiada hadiah peralatan perak; klub epl sudah sah jauh ketinggalan, ucl je lah tinggal, itupun kalau mampu.",Sad
aku pernah punya hari di mana hari itu gue sedih karena kecewa. kemudian hari ini aku bahagia; aku ketawain hari itu.,Sad
"gajian saja belum, sudah ada yang ngomong ""nanti kalau sudah terima gaji, pinjam uang, yah."" sedih.",Sad
"yang joonyong sedih banget, ""cibee kajaa.""",Sad
"dear! hi, gue umur 19, punya sepupu cewe umur 22. nah, dia mau nikah, terus dikira mua-nya gue yang mau nikah. sodaraku bilang, intinya mukanya borosan gue. ada gak sih skincare yang bikin muka gak boros? sedih banget dikatain gitu.",Sad
"ini tidak pamer, tolong; aku beneran sedih, haha.",Sad
"maaf untuk mengatakannya, kbe harus dihapus. jujur, sedih banget, tapi mau gimana lagi, rasanya tuh aduh, sekalian juga nanti gue mau debutin kisah baru. mungkin ini kbe mau lahir kembali, tapi ceritanya berubah 360° lah, pokoknya jadi lebih ringan alurnya. aduh, maaf banget, dan tungguin cerita selanjutnya, ya.",Sad
"tadi waktu mau berangkat ke sekolah, kan harus salim dulu sama ortu? terus tadi mau salim ke ayah, tapi katanya ""udah sana, berangkat aja."" jadinya cuma salim ke mama. sumpah, kayak kenapa susah banget tinggal julurin tangan doang? tadi di perjalanan mikir keras sambil nahan tangis.",Sad
"masih inget pas secret number di vlive, soalnya pernah kelepasan sebut soal denise, dita mengiyakan. lalu suasana jadi hening dan seketika ganti topik. aku yakin kakak-kakanya di secret number pasti sedih dengan kepergian denise. mungkin di balik layar mereka tetap berhubungan baik meski udah gak bersama lagi.",Sad
"sedih, mau cd.",Sad
"kadang aku sedih, kenapa jadinya orang yang kalau ada apa-apa, diam sendiri, kan jadi pusing.",Sad
kadang rasa kecewa yang mendalam itu disebabkan oleh harapan kita yang terlalu tinggi terhadap sesuatu.,Sad
"sayang, aku ke mana, sepi banget, mingyu.",Sad
"enaknya yang goreng atau kuah, sih? kemarin beli yang goreng, tapi tidak ada yang pedas, jadi kecewa.",Sad
"halo, siang, min, kok gak bisa pesan tiket ""ku kira kau rumah"" di gojek dengan alasan kota gue gak ada di situ, ya, kecewa banget.",Sad
"sedih, dah, yah, pun mahal, ibarat beli dolar amerika.",Sad
"aku sedih banget, kaya, huhuu; kisah mereka mulus sekali, mana relate banget sama lirik di samping.",Sad
"ore sedih, ore mau punya chingu, la.",Sad
"sedih banget rasanya aku; hatiku rasanya dipatahkan. bagaimana ya, disukai seseorang yang seperti jeon jungkook? iri banget, iya, tapi yaudahlah, mau bagaimana lagi. semoga aku dapat pasangan yang kayak jungkook.",Sad
"heleh, padahal di hati terdalam, kecewa luar biasa.",Sad
ekspektasi berbanding lurus dengan rasa kecewa.,Sad
"padahal aku tidak mendukung secret number, tapi kok ikut sedih dengar denise keluar.",Sad
"sedikit sekali, baru juga beli, belum sebulan, sudah mau habis. sedih banget, agak mahal juga, tetapi cocok sih; lumayan mencoba yang wardah, tidak cocok soalnya di aku.",Sad
"lupa banget caranya nangis… kadang, biar nangis, gue pancing dengan nonton film sedih, tapi tetap aja susah. gimana ini ya, takut sistem air mata udah gak bereproduksi lagi.",Sad
mau dong saling follow… akun baru netes masih sepi banget.,Sad
"kecewa, ditambah malu-maluin, bisa ketahan sampai adu penalti dari tim championship, padahal tiga perempat pemain inti yang main.",Sad
sedih aku melihatnya.,Sad
"baik, dengan kata ""tolong,"" dan bersedia nungguin. sedih banget.",Sad
"mampir yuk, yang lagi nyari bacaan kesedihan mendalam, dijamin nangis karena sedih banget.",Sad
sedih banget.,Sad
"masih ingat banget pas nonton ini bareng sekelas, aku lagi sakit haid, film ini sangat sedih, menahan sakit perut pun tetap nangis ketika menonton film ini.",Sad
"kecewa paling mendalam itu ketika dalam hati cuma bisa bilang ""oh yaudah, cukup tahu saja.""",Sad
sedih.,Sad
"lagi menulis surat (karena dia ulang tahun) buat teman yang udah temenan sejak kelas 1 SMP. sedih banget, gak nyangka teman dari dulu yang masih bodoh sampai sekarang tetap bodoh juga, maksudnya udah lama, dari yang gak tahu apa-apa sampai yang sekarang kita sudah harus menentukan masa depan.",Sad
"ya allah, aku salah tempat pulang, gini aja aku sedih. kayaknya sudah tahu rumahnya ya.",Sad
"dulu tiap ngerasa gak nyaman (sedih, takut, kesel) selalu mencari pelarian.",Sad
"sedih, lima season tidak ada cup.",Sad
"mungkin sedih? tapi ya mau gimana lagi. kalau dipikir-pikir itu bukan hak kita lagi; mau pc-nya digimanakan pun tetap bukan hak kita lagi, karena kita kan udah jual barang itu ke dia, dan dia udah bayar. Jadi, barang tersebut sudah sepenuhnya jadi milik dia.",Sad
"sedih banget, please.",Sad
"pagi ini lagi pengen nangis. terus bingung mikir soundtrack sedih apa yang bagus buat nemenin gue nangis. eh, ujung-ujungnya malah nonton ulang ending snowdrop dan gue berakhir gak bisa berhenti nangis sekarang. definisi dari menyakiti diri sendiri, emang.",Sad
bangun tidur tiba-tiba sedih.,Sad
"sedih banget, ajjir, tapi happy ending sih.",Sad
"sedih sih aku, kan malam HP-nya udah disita lagi, sedihnya dan overthinking-nya malam, terus gimana?",Sad
"bestie gue mau nikah, gak tau kok rasanya sedih ya.",Sad
"jebal, kajja, sedih banget pas dia ngomong kayak gitu.",Sad
sedih juga ya kalau mau terang-terangin ucapan yang bisa dibicarakan di priv.,Sad
"kadang-kadang kita yang selalu buat diri kita kecewa sebab selalu overthinking; menurut kata orang, overthinking itu seperti drama berepisod yang tak berpenghujung: coba tanya orang yang di sana, dia mesti pikir lain.",Sad
"mjb kak, coba sambil dengerin lagu yang mellow sedih gitu.",Sad
"gemini emang seburuk itu, ya? jadi sedih.",Sad
"loh, aku aja bisa nangis lagi pas scene ini, sampai banget. Selama ada Irvan sakit sampai meninggal dan Jessy nangis penuh supaya sedihnya ke penonton, tapi aku kok gak bisa ikut sedih. Cuma pas Andin sedih di makam itu, aku sempet ikut sedih.",Sad
aku lebih sedih lihat ini dibanding emyu kalah. aslinya.,Sad
"sedih sih, cuma gimana.",Sad
"sama kak aku juga, dari semalam sampai kebangun pagi-pagi buta karena mikirin komentar-komentar orang yang pada jahat-jahat, tau gak komentarnya, ada juga yang ngomongin ""win aku"". sedih banget aku asli, dari tadi aja rasanya bad mood banget, anjir.",Sad
"heran, seegois itu jadi manusia; datang menjalin karena lagi sepi, meninggalkan semuanya karena bosan dan mulai tak sehati, menjatuhkan karena terasa terlalu baik di hati.",Sad
"wkwk, aku sedih banget.",Sad
"hari ini tidak bisa mikir jernih, bawaannya sedih. terima kasih, Denise, you're my favorite maknae.",Sad
"ada yang matanya sembab, begadang sambil nahan tangis.",Sad
"benar, pikiran suka banget mikirin hal yang bikin sedih.",Sad
aku sedih.,Sad
sedihnya statement ini.,Sad
"tidak punya pacar, sedih; jadi fans manchester united, sedih-sedih.",Sad
"pagi-pagi sedih, lihat berita-berita sedih, jadi sedih, kan.",Sad
"kamu adalah aku yang sedang tak tahu arah, sedih.",Sad
sedih banget.,Sad
"capek banget packing barang, banyak debu. tapi sedih karena banyak kenangan, walaupun cuma setahun, tapi itu rumah sudah banyak aktivitas yang kita lakukan di situ.",Sad
kayaknya aku memang harus beneran dengerin si Zeco buat kali ini deh. sedih juga deh aku kalau gini-gini.,Sad
"beneran dia fix keluar? aa, sedih.",Sad
"hwaa, denise!! sedih sih, tapi yang terbaik buat denise dan semoga sukses untuk kedepannya ya. kamu sangat berbakat, denise.",Sad
"kangen dan sedih dan overthinking, wkwk. apalagi kalau baca komentar-komentar di buku lama.",Sad
"welcome back, denise. sedih banget baca pengumuman dari kamu pagi ini, apalagi liat Instagram story kamu yang foto sama member, tapi walaupun kalian terpisah sekarang, aku akan tetap selalu mendukung kalian.",Sad
"butuh season 2, pokoknya, khusus buat yang kakak-kakak couple harus ada, soalnya momen sedihnya cuma dikit dan sebentar banget. dan semoga Yesung oppa cepat-cepat dapat pasangan di real life-nya; sudah waktunya menikah, oppa. kami menunggu undangannya.",Sad
tiba-tiba sedih terus nangis.,Sad
"udah sedih semalam, sekarang denger denise keluar, makin sedih.",Sad
"bukan Lockey, tapi sedih banget denger berita Denise, btw, kok bisa kontraknya beda-beda per orang.",Sad
"orang ini jadi sering menjawab pesan; ini orang senang karena dijawab terus, atau sedih, kayaknya dia menganggap orang ini sebagai teman doang. kita udah hampir gak chat selama sebulan, terus dia tiba-tiba sering menjawab pesan.",Sad
"subuh begini, sudah galau dan kecewa.",Sad
"thanks, denise, sudah menghiasi; akan selalu kami ingat sebagai mm, our super main vocal. kerandoman denise, keceriaan denise, thank you for all. sumpah sedih banget, denise out dari sn, tidak tahu alasannya apa kok out, tapi mau bagaimana pun, tetap dukung sn, denise.",Sad
sumpah sedih banget ini,Sad
jadi tidak mood untuk buka twitter karena bawaannya jadi sedih.,Sad
ikut sedih.,Sad
benerbener sedih pagii yg harusnya bahagiaa karena keluargasuami tp dibuat ancur dijam 6 pagi gini..salah keluar rumah di pagihari,Sad
sedih mart mu takde piala musim ni,Sad
sedih doi belum ngucapin hhuhu,Sad
aku dari minggu lalu pengen ke pantai and tempat yang dingin dingin gitu kaya bukit tapi gak kesampaian,Sad
hah..aku sedih banget..,Sad
"jd rayyan positif guys, sbg tante yg lemah ini gbs bgt denger berita keponakannya sakit hh sedih bgt gbs bantu nemenin anaknya blm bangun jd blm dikasi tau aa gatega",Sad
sedih bggt,Sad
ya allah.. turut sedih juga soalnya dia temen monday,Sad
terkadang disitu sya merasa sedih,Sad
"sorot matanya tidak bersinar seperti yang dulu , ini terlihat sedih ya",Sad
"kalo tae sampe nge post ulang foto yg diledekin seokjin, i get it tae kenapa itu sedih banget buat kamu:((",Sad
"guye ak lagi sedih bgt, kucing aku satu meninggal",Sad
"kalau udah drop gini baru terasa. sepi, hampa, dan ga guna. :')",Sad
bangun jam 5 tadi krn mimpinya sedih. barusan tidur lagi 15 menit mimpinya malah lanjut. another day of waking up with a heavy heart. ga enak,Sad
huhu pirii kmu hebatt kerenn kerja bagus untuk mv nyaa jaga kesehatan yaa pirii sedih bgt ah gpunya akun twt luu:(,Sad
"kaak makasih banyak , yaampun denise sedih banget",Sad
gak tau tp dengernya sedih bgtt,Sad
"ooh iya ituu. kalo baca dari spoiler, kayanya sih iya. sedih banget, cuma dia yang beneran peduli sama ruby. :((",Sad
"mauu banget kakk, dari awal nge stan bangtan belum kebeli album, merch, army bomb,, sedih bangett",Sad
pas mark live ig kemaren ada yang nanya ada live koreografi g.. lagu mark tuh sedih masa lu nyuruh mark nyanyi sambil ngedance yang bener aja,Sad
"nyesek dipendem, kangen dipendem, cemburu juga dipendem, kecewa dipendem, bahkan nangis juga dipendem..sampe sakit dada :')",Sad
sedih melulu nie,Sad
"non txt sedih bgt denise ga lanjut di sn :( padahal nungguin bgt dan jujur aja member yg baru kurang sreg gitu di gue tapi ga hate deh tetep dukung, semangat denise dan secret number &lt;3",Sad
tl gue sepi amat dah :(,Sad
"sedih, liat kamu bisa lebih bahagia dengan orang lain..",Sad
"sedih euy, sedekade yang lalu fans emyu berani nyindir semua rival rivalnya. fans emyu sekarang cuma berani nyindir arsenal doang, karna tau diri.",Sad
pagi2 udh dibikin sedih aja sama dennise,Sad
"3bln setelah nikah ok aja mau dibilang apapun,tp makin kesini bahasa nya benerbener tidak buat enak dan stress sendiri sampe mikir mau kurus dengan cepat tp tidak mungkin,semua itu butuh proses untuk sehat jg.. sedih bangett",Sad
denise gw sedih,Sad
gue masih sedih udh difb base rh tpi w g bisa ngirim arghh. beneran saya lebih memilih untuk gpp keunfoll sendiri driada harus cari folls diakun ini akun teraman,Sad
aku sedih bet,Sad
anjrit aku lagi sedih baca ini malah gajadi sedih,Sad
sedih w pake mati segala,Sad
mantap ah sedih kucing mati pun aku kerja lagi. hamba sistem nampaknya.,Sad
"ahaha sedih banget tau gakk, mau sampe kapan gini terus",Sad
aku adalah seseorang yang bodoh dalam hal menyerah - naruto uzumaki,Sad
"kadang, ngerasa sebel sama diri sendiri tuh lebih ke sifat kekanakan sama too easy to explode alias emosi meledak2. yah, annoying.",Sad
aura :(( gapapa kalo kamu nangis dan bikin kamu bisa ngeluarin emosi yang kamu rasain. tapi jangan lupa untuk tetap tersenyum yaa besoknya. gapapa nangis sebanyak2nya kalo itu emang bikin kamu lbh baik walaupun sedikit :),Sad
sedih sih gue takut makin bego,Sad
". . bagaimana? sudah sadar betapa lucunya kamu yang pernah bodoh untuk seseorang yang bahkan tak pernah menganggapmu? . jika sudah mari tertawa bersama, ngetawain perjuangan yang sia-sia. serta harapan fiktif dengan luka yang nyata. . .",Sad
"ngga tau kenapa, saya bodoh bgt dalam hal mengingat bisa bisanya saya melupakan ulang tahun bestie saya padahal dari jauh hari ingat, pas hari h lupa. jangankan dia, ultah mami saya sendiri aja bisa lupa pas hari h. ada cara ngga sih buat jadi orang yg ngga lupaan? capek.",Sad
gagal menjaga emosi di kata terakhir,Sad
"ini tadi w beres2, w kagak tau kalo ada plastik yg digantungin di kursi meja makan itu isinya rambutan masih kecil2 tinggal dikit w kira kulitnya doang. jadi ya w buang aja. maklum gaada yg beres2 kalo gak pas w libur. dimarah dong sampe marah banget. ya maap w rabun.",Sad
"kalau bisa aku ingin mengulang waktu di tahun 2017, benci dengan keadaan sekarang. terjebak diantara situasi yang membuat harus berfikir banyak, hanya membuat tangisan di setiap harinya. apakah bisa memutar waktu kembali ?",Sad
pernah ga si kalian nyakitin diri sendiri biar ga marah hehe,Sad
kadang benci sama diri sendiri yang lemah banget dikit2 sakit dikit2 sakit bikin repot semua orang,Sad
"bukan benci. lebih tepatnya kecewa. kemarin sih engga, sekarang iya, hari esok ya engga tau. tapi biasanya kecewa itu kebawa sampai kapanpun sih. jadi ya silahkan bawa semua barang-barang mu, ambil kembali sisa sisa kehadiran mu, agar yang tersisa hanyalah kisah mu saja.",Sad
adik ajak jogging. pastu aku mimpi aku dh jogging dengan dia. aci la tu hahahahaha bodoh sekarang,Sad
"aku gapaham kondisimu waktu km nyari aku buat bincang/ngobrol kaya biasanya itu kaya apa, dan bego nya aku malah ceng"" in gabut/kasian. maaf banget.. aku gatau km bakal semarah ini, maaf banget beneran aku gada maksud buat gitu aku cuma becanda kek biasanya gitu,",Sad
aku janji memperbaiki diri demi kamu. tapi maaf ya kalau untuk menjaga diri aku tidak bisa. aku benci diri aku sendiri,Sad
hehe kalau aku kasihan ke diri sendiri karena kelemahan dan kekurangan-kekurangan yang aku punya. jujur saja aku membenci hal itu. aku benci kelemahan dan kekurangan-kekuranganku. banyak hal-hal yang tidak bisa aku lakukan karena hal itu. doakan aku semoga bisa jadi lebih baik,Sad
karena saya bodoh,Sad
tapi aku malah terpicu lagi pikiran yang bikin kesal sama diri sendiri. ya memang belum waktunya. cuma sebenarnya aku tahu aku bisa banget seperti itu. cuma tiap mau melangkah ada saja hambatannya. gemas saja begitu. seperti manusia bodoh sekali. aku hapus instagram dulu pasti,Sad
memang saya ateis? saya kan pemuja folges. coba jelaskan secara rinci ateis yang tidak palsu itu seperti apa kalau kamu memang pakar ateis. kalau kamu tidak bisa jawab pasti kamu akan mengatakan saya perempuan bodoh seperti tadi,Sad
aku lihat hi bye mama baru prison playbook. baru episode satu sudah menangis saking terbawa emosi dramanya,Sad
mana struknya sudah dibuang lagi. bodoh sekali aku,Sad
awalnya aku sangat kesal dengan nj tapi lama-lama malah kasihan,Sad
kalau ingat aku bodoh sekali ya jadi perempuan kadang sampai ingin menangis,Sad
terlihat meyakinkan namun menyakitkan. suatu saat kau akan mengingatku. entah sebagai orang bodoh yang berhasil kau tipu atau sebagai orang baik yang kau sia-siakan,Sad
capek. ingin marah tapi bingung kepada siapa,Sad
banget. kalau aku slow respon dan cuma bisa membalas seadanya dan cp aku marah atau kesal itu wajar. itu aku merasa bersalah,Sad
maaf ya teman-teman aku bodoh,Sad
masa pagi sudah menangis. benci sekali sama hatiku ini lemah,Sad
aku terlalu ingin tahu. seharusnya aku tidak tahu jadi tahu. tapi bagaimana lagi setelah tahu rasanya benci sekali sama dia. tapi di satu sisi aku kasihan harus bagaimana juga tidak tahu jadi ini hanya rasa kasihan saja,Sad
sayangnya aku kalau jatuh cinta ya mau secantik apapun laki-laki lain tetap melihatnya kamu. sedih sekali jadi perempuan ya. kenapa jatuh cinta membuat bodoh semua,Sad
terlihat meyakinkan namun menyakitkan. suatu saat kau akan mengingatku entah sebagai orang bodoh yang berhasil engkau tipu atau sebagai orang baik yang kau sia-siakan,Sad
"bagaimana ya. rasanya hidup aku tidak bergairah. aku tinggal dengan orang yang aku tidak rasa tapi aku menggantungkan ekonomi sama dia meski dia pas-pasan. dan orang yang aku suka di dunia maya miskin, terus bodoh dan penghianat. entah rasa aku masih ada atau tidak. aku juga tidak berharap bertemu yang lebih menarik. tidak mungkin",Sad
sumpah kalau ingat seperti kok aku bodoh ya. cuma ciuman saja sekian detik. sekarang aku menyesali itu karena mantan aku makin tampan,Sad
"yang namanya terlanjur sayang itu rumit loh. mau cuek tidak bisa, mau marah tidak bisa. bisanya cuma diam. diam-diam sesak, diam-diam menangis",Sad
dipaksa untuk mengerti perasaan emosi di rumah sedangkan tidak sebaliknya ini tidak adil,Sad
kenapa aku bodoh sekali sih,Sad
"ah tidak mengerti dengan aturan kerumunan. kena sanksi ada yang cuma denda lima ratus ribu, ada yang lima juta, ada yang dua puluh juta plus penjara empat bulan. ah sudahlah capek dengan yang beginian. maafkan saya yang bodoh dan dungu ini",Sad
sedih karena dibilang bodoh sama kekasih,Sad
mati-matian berusaha sayang sama diri sendiri malah dibuat benci sama diri sendiri lagi cuma karena perkataan orang,Sad
"hai, tidak tahu ya pagi-pagi gini ada yang mau baca keluhanku. jujur saja aku capek sekali lima hari terakhir. rumah kacau banget gara-gara mama aku tiba-tiba marah dan ngambek tidak jelas ke aku sama papa. dia tidak mau masak di rumah, pisah kamar, dan lain-lain",Sad
"dan menangis lagi pas prilly marah ke mama papanya, meluapkan semuanya, aku menangis lagi. yang di kehidupan prilly itu semua berhubungan",Sad
"ada beberapa hal yang patut kita berikan dan tidak, tapi saya kadang terlalu bodoh untuk memberikan apa yang kita punya kepada orang yang bahkan kita tidak tahu apakah dia akan menetap atau pergi",Sad
kayaknya gusti allah marah sama aku,Sad
"fasenya begini. tiba-tiba suasana hati melow, menangis, ingin marah tapi tidak bisa, menggerutu, nanti pura-pura biasa saja, nanti akhirnya ingin berbicara terus sampai capek, baru nanti biasa lagi",Sad
satu hal yang saya benci; terlambat menyayangi seseorang,Sad
"menemani adikku main genshin di playstation. dia menceritakan soal gamenya panjang lebar pakai bahasa inggris tapi aku cuma ""oh"" ""hahaha"" ""iya kah"" tidak mengerti soalnya. berasa bodoh level akhir",Sad
aku benci ketika menangis saat bersama temanku,Sad
"jangan marah padanya jika dia tidak lagi peduli. tapi marahlah pada diri sendiri sebab ketika dia peduli, kamu tidak pernah menghargai",Sad
"ayam mahal, minyak goreng mahal, bahan mentah mahal. ingin menaikkan harga banyak takut pelanggan marah. serba salah dibuatnya. tidak tahu lah sampai kapan bisa bertahan. adakah pedagang makanan dan minuman yang merasa seperti ini juga",Sad
terlihat meyakinkan namun menyakitkan. suatu saat kau akan mengingatku entah sebagai orang bodoh yang berhasil kau tipu atau sebagai orang baik yang kau sia-siakan,Sad
aku terlalu sayang kamu juga terlalu bodoh untuk memahami semua hanya permainanmu,Sad
"terkadang aku bisa marah, bingung, sedih dan ceria tidak kenal hari dan waktu. aku sadar itu dan aku menyesuaikan. mungkin yang paling sering terlihat ketika aku berada di kerumunan banyak orang adalah warna-warni ceria. tapi sebenarnya aku memupuk warna hitam, putih dan abu-abu",Sad
anjing episode tiga sedih banget. aku menangis sampai hidung mampet,Sad
bagian si kala tantrum memang terasa sekali emosinya. dari situ saya sudah mulai menangis,Sad
micellar water malah mau buat bersihin kuteks. bodoh sekali otakku kecil,Sad
luka paling berat dan bikin trauma sekali. benci sekali tapi ya sudah. sudah terlanjur dan sudah terjadi. ingin memutar waktu mending tidak kenal dia dari awal. tapi semua sudah terjadi,Sad
sedih tapi tidak apa-apa setidaknya masih bisa mengabari penggemar. jadi tidak khawatir banget karena ditinggal hilang,Sad
mana banyak aduh malu sekali,Sad
kemarin takut serok. sekalinya tiga hari berturut-turut hijau terus. sedih,Sad
habis itu dia mengirim pesan ke aku. habis mengirim pesan ya begitu jadi dekat-dekat. beberapa kali dia memberi cokelat sama susu stroberi kalau tidak salah. terus aku sama dia di sekolah tidak pernah menyapa kadang hanya bertatapan saja soalnya dua-duanya malu begitu. agak sedih sih,Sad
aku merasa ada di fase maju apapun malu ya sekarang,Sad
"dan pada akhirnya kamu menjadi bingung sama perasaan kamu, sama pola pikir kamu, terlalu takut untuk maju, termenung dalam diam, berpikir berlebihan tiap malam, masuk dunia maya dan menjadi nyaman, aman, tentram, tidak mau keluar, mau tetap di sana bersama orang-orang yang bisa mengerti kamu",Sad
"dia baik, dia bertanggung jawab, dia perhatian, dia pengganti sosok ayah, dia mengerti aku, orang tuanya sayang menganggap aku seperti anaknya, dia tidak membiarkan aku sedih, selalu khawatir kalau aku kenapa-napa. dan sekarang aku kehilangan dia untuk selamanya",Sad
"saat tetangga muslim meninggal meski kelakuannya sering jadi omongan, bertaburanlah doa di grup whatsapp. tapi saat tetangga nonmuslim yang jarang berkonflik, hanya ucapan turut berduka yang terucap. apakah mereka takut atau tidak mau mendoakan? padahal allah sebaik-baiknya pengampun dosa. astaghfirullah",Sad
hahaha iya nih malu malah tidak bawa celana jeans lagi,Sad
malu sama karakter sendiri. ingin rasanya juga lebih santai daripada polisi penggemar tapi tidak kesampaian. sedih,Sad
malas membaca. malu sendiri,Sad
"saya pernah mengundurkan diri dan memutuskan untuk berbisnis. setelah saya mengundurkan diri, saya tetap bangun pagi dan memakai kemeja, lalu nongkrong kerja di kafe sampai sore agar tetap terlihat bekerja. semua itu saya lakukan agar ibu dan bapak saya tidak khawatir dengan keadaan saya. cukup menyedihkan",Sad
"aku memang suka gimik, suka bercanda, tapi kalau aku lagi serius ya tolong ikut serius lah. tolong baca situasi juga. masa karena aku suka bercanda kamu jadi suka. dari ujung rambutmu sampai ujung kakimu semuanya aku suka. malu tiga kali tapi mau. sedih",Sad
tidak ada yang aneh kecuali satu emot hati dari masa lalu. tidak usah takut aku direbut laki-laki lain. aku tetap setia mengagumimu meski harus terluka melihat kamu bahagia,Sad
"entah kenapa agak ragu kalau dibilang yang dicari bakat karena pada dasarnya yang dilihat ada dua yaitu penampilan dan bakat. tapi wajar sih namanya juga dunia hiburan. indonesia saja begitu, apalagi korea. cukup menyedihkan",Sad
"pernah juga aku ke sekolah pakai kuteks pink. datang terlambat. ya ampun malu sekali sudah telat, mana jelas-jelas melanggar aturan sekolah. ya sudah terpaksa dihapus",Sad
memang tidak tahu malu manusia satu ini. mau marah tapi tidak bisa,Sad
jangan seperti ini aku malu sekali sama masa lalu aku. sedih kalau diingat,Sad
terus pas lagi isi air tidak sengaja tumpah kena kabel. refleks aku teriak biar dia cepat ambil kabelnya supaya tidak semakin banyak kena air. tapi kenapa aku yang dimarahi padahal aku refleks teriak karena kaget,Sad
"tidak apa-apa mbak, kaget saja. padahal saya juga membela mbaknya. sedikit kecewa saja",Sad
bahkan jika itu palsu terima kasih telah membuatku merasa penting,Sad
"bisa tidak sih kalau bimbingan itu tidak digabung sama bapak-bapak lulusan s2 s3. aku jadi minder, malu sekali kalau terlihat bodohnya",Sad
"biasanya kalau telat masuk sekolah disemprot sama gurunya, jadi malu",Sad
"sama banget sampai malas kasih tahu kalau aku perempuan. kadang pengemudinya suka kaget loh perempuan toh kak, saya kira laki-laki. sedih",Sad
ayahku di alam kubur kayaknya malu juga anaknya jadi pecinta budaya jepang begini,Sad
mau menangis. yedam sunu aku melakukannya. benar-benar tidak menyangka sama sekali dapat hasil segini karena memang ujian akhir kemarin sangat putus asa takut tidak sesuai harapan dan membuat orang tua kecewa,Sad
aku tahu malu ya,Sad
kadang hanya dengan satu senyuman palsu kita bisa menyembunyikan begitu banyak rasa sakit,Sad
dia tidak memberikan apa-apa tapi janji manis serta harapan palsunya itu masih aku simpan,Sad
"sebelum dewasa sudah sendirian ke mana-mana, tidak ada yang bisa diajak menemani. sampai akhirnya sekarang kalau mau minta ditemani tidak enak takut mengganggu, akhirnya sendiri lagi. hidupku yang sedih",Sad
kangen dunia perkapalan tapi sudah tidak semangat melayarkan kapal,Sad
sayangnya kanra masih belum puas,Sad
kapal aku benar-benar karam. bahagia selalu kalian dengan jalan masing-masing. selamat tinggal,Sad
tidak enak sekali bangun-bangun badan panas,Sad
tidak apa-apa masih ada besok. ayo tetap menyerah jangan semangat,Sad
iya tapi tidak enak badanku. keseringan bolak-balik. ini lagi nunggu kakak buat kerokan. maklum remaja tua,Sad
enak tidak enak kangen kerja tapi masih disuruh istirahat sama ayah,Sad
rajin kerja tidak. kalau punya semangat kerja yang tinggi mah tidak apa-apa,Sad
tidak enak rasanya,Sad
ovomaltine enak juga sih. duh menyesal sekali,Sad
padahal enak yang beras merah malah diganti. sedih,Sad
pagiku tidak semangat karena belum disun oleh kekasih,Sad
senyum tidak selalu berarti seseorang bahagia. kadang seseorang tersenyum hanya karena tidak ingin menjelaskan kenapa hatinya terluka,Sad
"sungguh kangen itu tidak enak. enak itu dikangenin, diperhatikan, dimanjakan, dibahagiakan. sedih kesepian menunggu dia",Sad
aqil lagi kurang enak badan dari kemarin siang dia pilek. kasihan malam susah tidur karena hidung mampet,Sad
perempuan itu tidak mau mengecewakan laki-lakinya karena dia tahu kalau dikecewakan orang yang disayang itu rasanya tidak enak dan sangat sakit,Sad
ternyata tinggal di kos sendirian tidak seenak yang aku bayangkan. mending ada teman sekamar jadi enak ada teman ngobrol,Sad
kamu jahat tapi nikmat. aku bingung,Sad
enak sekali pembelajaran jarak jauh. aku pembelajaran tatap muka,Sad
"terus aku makan sampai dibawakan minum, dibilangin pakai ini supaya enak. intinya terus berbicara tidak berhenti. aku sudah menahan nangis karena merasa bersalah. aku jutekkan",Sad
pagi buta sarapan nasi dan chiki boncabe. hmm perut mulai agak tidak enak,Sad
"harusnya tadi beli itu. lupa namanya. banyakin, soalnya enak",Sad
budayakan mengeluh jangan semangat,Sad
aku baru bangun tidur dan semalam tidur cepat karena tidak enak badan batuk pilek. tahu-tahu bangun dengar denis bikin pengumuman kontrak sudah habis. makin bertambah sakit. vine masih diam sampai sekarang belum mengeluarkan pengumuman juga kah? agensi aneh. semoga baik-baik saja,Sad
aku yang meninggalkannya namun dia yang lebih dulu bahagia,Sad
aku memang kurang segalanya. tapi setidaknya kasih sayang ini cukup untuk membuatmu bahagia walaupun tidak sepenuhnya dan meski kau selalu merasa diriku tidak pernah cukup,Sad
tidak enak mau melakukan apa pun,Sad
tiba-tiba tidur bangun terus. tiba-tiba tidak enak pikirannya. tiba-tiba ingin menangis tapi tidak tahu sebabnya. yuk kompromi yuk,Sad
posisi sendiri itu memang enak. tapi kalau lagi merasa sendirian tidak enak banget. kalian begitu juga tidak?,Sad
kenapa aku harus tidak enak badan pas akhir pekan,Sad
enak ya yang punya pasangan. chrissy kapan coba punya pasangan,Sad
mungkin hidup aku bakal bahagia kalau aku merasa ada orang yang menyayangi aku,Sad
baru kali ini tidak keluar rumah beberapa hari gara-gara tidak enak badan. hari sebelumnya karena menganggur,Sad
tidak enak banget ini,Sad
seperti tidak ada semangat hidup,Sad
tidak enak rasanya,Sad
tahu nih. padahal enak aku pesan langsung. yang lain sudah diblokir duluan,Sad
tidak semangat hidup,Sad
hari ini tidak semangat gara-gara belum diucapkan selamat pagi sama kekasih,Sad
pagi-pagi sudah dapat kabar dari teman. antara sedih dan bahagia tapi banyak sedihnya,Sad
dua-duanya saja agar kau puas dan bahagia,Sad
selamat pagi. sakit apa kak? saya juga kurang enak badan,Sad
pemulihan enam puluh persen tapi tetap tidak enak,Sad
semangat ya. aku juga sedih tapi tetap konsisten saja,Sad
kapan sih bisa semangat ceria begitu pas berangkat kerja,Sad
ya serius tidak masuk? sedih bersama hydra. semangat ya,Sad
tidak enak badan karena hasil berpikir berlebihan,Sad
tidak enak badan,Sad
tidak enak badan,Sad
ya allah mau menyerah tapi harus semangat,Sad
aku meriang tapi harus tetap kerja demi bisa bahagia dapat uang. miris sedih,Sad
enak banget tapi hanya bisa melihat,Sad
tidak semangat karena tidak disemangati kekasih,Sad
dulu di sekolah memang banyak yang tidak suka sama aku. ditambah aku juga tidak cantik,Sad
padahal aku suka sekali supergirl tapi dihilangkan dari salurannya. aduh sedih sekali,Sad
pusing banget tapi suka. sedih jadinya karena tidak kesampaian,Sad
"ketemu laki-laki itu di pekanbaru. masih ingat banget semua hal sama dia walaupun tidak pernah berpacaran. ya sesayang itu dulu. sekarang sih dapat yang lebih baik. tapi dengan kejadian itu aku bisa bilang ke anak perempuanku suatu hari, jangan mau kalau cuma dibilang suka tapi tidak diresmikan",Sad
biasanya yang suka memaksa itu sales asuransi. mana ngomongnya cepat banget tidak bisa dipotong,Sad
"revisi proposal dikira tiga puluh ribu per revisi, tapi perintahnya menambahkan penjelasan dua variabel lain dan hasil penelitian dari tiap variabel. menghilang berhari-hari, datang-datang menuduh menipu. padahal pelanggan lain suka aku kasih bonus halaman atau potongan harga",Sad
jujur suka heran kenapa giliran aku yang punya masalah aku jarang bisa leluasa cerita ke orang. padahal mendengarkan curhatan orang ada kali tiap hari,Sad
lukaku banyak banget di sini dan kalau tiba-tiba teringat masih suka menangis dan masih terasa sakit,Sad
"aku kalau mimpi ngomongnya pakai bahasa inggris atau lainnya selain indonesia. pas bangun suka capek banget, kepala pusing. apa banget dah",Sad
aku baru jadi penggemar myday akhir dua ribu dua puluh kalau tidak awal dua ribu dua puluh satu. sedih sekali belum pernah lihat mereka satu frame dan agak menyesal sih baru jadi penggemar waktu itu. padahal sebelumnya sudah suka sekali sama lagu-lagu day6,Sad
sampai sekarang masih bertanya-tanya kenapa orang suka banget buang sampah di halaman rumahku. sedih harus bersihin terus,Sad
sama laki-laki kembar. tapi sepertinya yang satu suka sama aku. terus kami kosannya sebelahan begitu. dia baik banget. terus entah kenapa mereka yang kembar itu tiba-tiba menjauh bahkan pindah kos. jadi aku kesepian lagi dan lagi,Sad
"aku cuma bisa mengagumimu, suka padamu dalam diam dan benar-benar cinta padamu. karena untuk memilikimu adalah hal yang mustahil",Sad
pacarku suka menghilang tanpa kabar dan kadang hilangnya bisa seharian. sekarang dia juga menghilang lagi sudah dua hari. kalau aku minta putus apa aku berlebihan? jujur aku sudah capek banget tapi aku masih sayang,Sad
"sudah membiasakan dari zaman sekolah menengah atas, mulai suka sama band, penyanyi solo, sampai sekarang aktor. baru sadar itu menghabiskan uang banget ya. sudah kaya mungkin aku sekarang kalau tidak terperosok dari dulu",Sad
aku baru sadar muka aku pas pernikahan tidak ada yang beres. seperti terpaksa banget senyum sampai fotografernya bilang biasanya pengantin suka banget difoto tapi kalau ini susah banget difoto,Sad
"alay, tapi pelajaran kewarganegaraan. segitu tidak sukanya aku sama pelajaran itu. dan kebetulan dikasih tugas banyak sekali",Sad
"dulu aku suka banget sama wenda. tapi pas dia meninggalkan, untung ada jeketri. sedih",Sad
cinta memang rumit dan menguras energi jiwa raga hati hidup aku,Sad
"ternyata beda ya dianggap sekadar tempat cerita saja. kebayang bagaimana sakitnya dewangga waktu nanya ke april ""kamu benar cuma anggap saya atasan yang kebetulan suka sama kamu ya? bukan laki-laki yang mungkin bisa kasih kamu bahu untuk bersandar? partner untuk berbagi?""",Sad
"permintaan pesan pribadi telat banget. kalau mau nanya ke whatsapp atau langsung tag aku ya, soalnya suka telat kalau di pesan pribadi",Sad
yang suka saja banyak tidak aku pungkiri. nah yang sayang dan cinta tidak ada banyak,Sad
dulu tiap ada yang kasih berkas perceraian suka heran kenapa harus pisah padahal masih muda bahkan ada yang sudah punya anak. tapi keadaan mental istri atau suami ya mereka sendiri yang tahu dan pasti itu sudah yang terbaik untuk kedua pihak,Sad
sedih banget deh. kucing aku ada tuh dua yang selalu dilepas dari kecil tapi selalu ingat pulang karena mereka memang tidak suka main terlalu jauh dari rumah,Sad
"mau cerita. ayah pengirim bukan tipe orang yang suka marah atau suka ngomong kasar ke pengirim. cuma tadi karena pengirim tidak mau ikut pergi keluar, pengirim dibilang bodoh sama ayah pengirim. rasanya sakit banget dan kaget. tapi pengirim menahan untuk tidak menangis di depan ayah",Sad
habis vaksin dosis tiga rasanya badan gampang banget capek,Sad
tidak ada karena aku kurang suka. suka sih tapi tidak banget,Sad
"kenapa sendiri? karena tiap suka sama orang, aku doang yang suka. dia tidak suka alias cinta bertepuk sebelah tangan",Sad
"kalau habis mandi lalu bercermin kadang suka mikir, gila sih muka aku mirip alien banget",Sad
"iya, apalagi kalau sudah sakit banget yang susah makan begitu suka minta disuapi mama, terus kalau tidur harus ditemani papa juga",Sad
"ngilunya menyebar ke seluruh badan, bikin sesak napas juga, jadi seperti aku lupa bernapas lagi. saking mending aku tahan napas saja. pokoknya sakit banget tidak kuat, tapi aku tetap tidak mau berobat karena malas. jadi aku diamkan saja",Sad
"aku tahu ini akan berakhir dengan ab, dan aku merasa ceritanya mencoba membuat c sebagai antagonis. tapi serius, siapa yang suka kalau kamu sayang sama orang tapi orang tersebut terus menerus membicarakan mantannya",Sad
"dulu dia suka aku, tapi aku sering menghilang karena sibuk persiapan ujian dan belajar, soalnya kelas sembilan. aku cepat tidur jam sepuluh malam. jam tidur aku dulu tidak berantakan jadi cepat tidurnya. anak itu sabar sekali. mungkin karma ya aku gagal move on banget dari dia yang sesabar itu",Sad
"aku sering banget begini. sampai teman-temanku suka marah-marah ke aku, asli lupa banget. kayak berasa sudah membalas, ternyata aku membalasnya dalam hati. sampai ada yang baru aku balas enam bulan kemudian. itu pun aku sadar gara-gara scroll chat. kalau tidak scroll bisa setahun",Sad
"tidak suka jeruk tapi tidak apa-apa, menyiksa banget karena sariawan",Sad
"aku tidak enak banget ingat kejadian lama. kalau aku memang bukan manusia yang baik ya terserah. aku merasa kalian nyaman, bisa mendengarkan apa pun bahkan ocehan aku, tapi ternyata kalian malah tidak suka sama aku. ya terserah. aku masih bisa bahagia walaupun sendirian",Sad
"pernah suka, pernah sayang, tapi tidak jadian",Sad
"teman aku ada yang bilang ke dia kalau aku suka sama dia. eh dia bilang kita beda agama, mending jangan suka sama aku. ya allah sakit banget",Sad
suka menangis sendiri kalau bertemu orang baik banget ke aku padahal awalnya tidak saling kenal. ya allah jadi merasa bersalah pernah berpikir negatif. kurang bersyukur banget,Sad
"aku pikir aku salah makan atau apa, karena aku sendiri kadang suka bandel soal makan. aku pikir maag biasa, tapi pas diperiksa katanya lambungku infeksi. obatnya banyak banget. terima kasih banyak, kamu juga sehat-sehat terus",Sad
aku belum sekolah ilmu komunikasi politik saja sudah banyak yang tidak suka. hina banget aku kayaknya,Sad
"mungkin salah aku terlalu memanjakannya. kan tidak salah? iya sih. tapi kelamaan kok dimanfaatkan. kenapa diam? namanya sayang kok ngeluh? sikap pura-pura dan suka bersumpah untuk membela dirinya aku tidak suka, takut karma. apa dia sadar? entahlah, cuma dia yang tahu",Sad
"dulu suka banget, sering diam di rumahnya karena merasa nyaman. bisa diajak cerita, mengerti keadaanku. tapi sekarang sudah tidak ada, sedih banget. tidak ada teman cerita lagi",Sad
"kalau yang suka aku adalah orang yang aku lumayan suka juga ya bisa jadi jadian kalau nyaman. kalau cuma aku anggap teman, kadang masih bisa jadi teman. tapi ada juga yang marah lalu memblokir aku, padahal yang suka dia bukan aku, malah ngamuk. dan juga tidak pernah ngobrol. aku jadi bingung",Sad
"gila ya, sangat terpicu kalau lihat orang yang menyiksa hewan. hatinya mati apa bagaimana",Sad
"rindu sekali dengan ipe, rindu tempat saya menangis, orang yang saya jadikan alasan untuk suka dengan buah naga. foto ini diambil saat kami memperjuangkan ugm dan melepas penat belajar di pasar kangen yogyakarta",Sad
"dulu suka banget ke pasar, apalagi dijajanin dawet, cenil, pecel, jamu, dan banyak lagi jajanan pasar. kangen banget. sekarang sudah tidak punya mbah putri. semoga damai di surga mbah",Sad
"sempat ketika kamu lulus dan aku masih kelas tiga, aku mencoba memaksakan suka sama orang lain. akhirnya jadian dan disakiti. saat itu aku sudah lupa sama kamu. fokusku sudah ke mantan aku ini. karena ya sudah sayang juga. jadi aku galau soal dia cukup lama",Sad
"tidak suka kalau hubungan aku diceritakan ke banyak orang. ini hubungan aku, cukup aku saja yang tahu baik buruknya. tidak semua harus diceritakan. aku juga tidak suka kalau ada banyak yang ikut campur. mungkin sesekali butuh pendapat orang lain kalau sudah mentok",Sad
"memang suka mengedit foto. pas merasa ""oke sudah bagus"" lalu buka pinterest langsung merasa minder. merasa editan tidak pantas sekali",Sad
"ada sedikit penyesalan kenapa tidak dari awal suka mereka. padahal sudah tahu mereka booming waktu itu, tapi baru tertarik tahun 2021 gara-gara teman",Sad
"kadang suka sepi, tapi beda dengan sepi karena merasa kehilangan",Sad
"satu-satu aku suka kamu, dua-dua aku sayang kamu, tiga-tiga aku cinta kamu, satu dua tiga kamu kena modus",Sad
"sering banget mikir begini. terus kalau lihat muka ibu saat tidur langsung menangis. merasa ""pasti capek ya bu"". suka tiba-tiba nangis lihat ibu diam begitu. sampai aku bilang ""selagi senyum ibu masih ada, semua masih baik-baik saja"" tiap aku mau menyerah",Sad
suka banget tapi tidak pernah dapat,Sad
"aku suka kepemimpinan muda yang diisi orang muda. tapi sayang, kenapa gabung ke perusahaan itu",Sad
"merasa orang-orang yang dulu dekat sekarang jadi jauh. merasa asing. kadang ingin lari saja kalau bertemu mereka. apalagi kalau tidak sengaja ketemu di luar, jadi canggung sekali buat menyapa duluan",Sad
relate banget sampai suka dikatain sombong,Sad
"suka sedih dengan orang yang membenci dirinya sendiri. padahal di luar sana orang-orang jahat dan tidak suka sama kita. setidaknya satu orang harus cinta sama diri sendiri, yaitu diri kita sendiri",Sad
pernah menolak orang yang sebenarnya aku suka banget. hasilnya aku gagal move on sampai sebelas tahun berlalu,Sad
"lebih nyaman sendiri sebenarnya karena tidak merepotkan orang lain. tapi kadang suka mikir, masa sendiri terus, apakah aku tidak cukup berharga",Sad
ganggu banget dan bikin risih. ingin resign padahal aku suka pekerjaan ini,Sad
"suka tapi dipendam. ya, aku banget",Sad
kurang suka kalau harus cerita ke orang lain. lebih baik langsung diomongin ke pasangan dan cari solusi bersama,Sad
"sayang, tapi tidak bisa bersatu. cukup suka sebagai teman dekat. itu sudah cukup. insya allah",Sad
kadang kalau deep talk sama ayah suka mau nangis apalagi kalau soal pendidikan. ayah ingin sekali aku kuliah karena kakakku sudah tidak kuliah,Sad
"kadang perempuan suka pasang topeng sok tegar, sok baik-baik saja padahal hatinya sangat sedih",Sad
baru sadar ternyata sesakit ini suka sama orang yang sudah punya pacar. aku salahkan diri sendiri karena dulu takut mulai,Sad
"kasihan banget kamu ketemu laki-laki seperti aku. sudah tidak ganteng, suka curiga, dan cemburuan",Sad
kadang aku tidak paham sama perasaanku sendiri. tidak tahu mana yang benar-benar sayang mana yang pura-pura. semua orang aku anggap teman tulus. tidak pilih-pilih,Sad
padahal tinggal bilang maaf saja sudah cukup bikin aku biasa lagi,Sad
sedih banget dengar kabar kalau denise keluar dari secret number,Sad
ya allah baru bangun dengar kabar tentang denise,Sad
"begitu banyak kekhawatiran ketika anak lahir tidak cukup bulan dan sudah mengalami beberapa riwayat medis. alhamdulillah semua berjalan normal. tapi kadang sebagai orang tua bisa lemah ketika ada orang yang melemahkan dengan pertanyaan ""kira-kira bisa tidak nanti ya""",Sad
"komentar orang-orang tidak jauh dari kata ""normal"", sakit hati baca itu",Sad
"iya aku memilih jalan yang entah benar atau salah. bagaimana caranya rumah tangga aku tetap baik-baik saja. memang setelah wanita ini datang hubungan aku jadi baik, bahagia. ribut hal kecil itu biasa. sampai kena pukul dan kepala bocor aku sudah biasa. itu hal kecil buat aku",Sad
"luar biasa banget. kadang suka iri sama anak ipa tiga dulu, kenapa bisa ambisius dan kompak secara bersamaan. anak kelas aku malah berkelompok terus kalau ada apa-apa, jadinya malas",Sad
ini papanya saja belum ada kabar. aku lapar belum disuruh makan sama kekasih,Sad
biasanya begitu. atau nunggu bulan depan lagi buat bisa beli. agak miris dengan skincare yang agak mahal,Sad
"tidak ada. barusan banget menjatuhkan pot bunga ayah, aku dimarahi. aku cuma duduk santai di dekat pot bunga itu",Sad
aku rela menunggu meski kamu tidak memberi kabar. bahkan aku sadar jika aku ingin kamu pergi,Sad
"pagi-pagi dengar kabar teman main yang begitu dekat pindah rumah ke luar kota ikut suaminya. sudah teman sedikit, beda domisili pula",Sad
"pagi-pagi dapat kabar baru ini rasanya ingin menangis. masih berpikir positif sebenarnya, tapi sungguh aku tidak bisa",Sad
bagaimana kalau aku tidak baik-baik saja,Sad
"bagaimana rasanya teman kelasnya diacak? sejujurnya biasa saja sih, karena pas sekolah menengah pertama juga begitu. cuma lebih tidak semangat, hari-hari jadi biasa saja, lebih banyak mengeluh sendiri, memendam semuanya sendiri, bingung juga kadang tiba-tiba merasa sedih, bawaannya ingin menangis",Sad
"jika basah karena hujan saja engkau resah, lalu bagaimana mungkin kau bilang akan membasuh hati yang lesu",Sad
menghilang begitu saja,Sad
"aku perempuan umur dua puluh empat tahun. aku di umur segini masih saja dipukul ayahku sendiri hanya karena masalah sepele, misal salah pakai panci buat masak mie. aku dari kecil sudah biasa dipukul. dan ibuku malah mengancam-ancam aku kalau sampai lapor ke siapa saja. aku harus bagaimana? aku sudah menyerah dengan hidup",Sad
"aku sangat bodoh saat aku tahu aku jatuh cinta denganmu dan terluka, karena aku tahu itu akan sia-sia saja",Sad
"iya, tentu saja ada air mata, tentu saja ada semilir duka",Sad
"aku yang selalu mudah kepikiran, berpikir kalau keluarga lama-lama muak membantu keluargaku terus. padahal mereka terlihat ikhlas saja. aku merasa bersalah karena di umurku yang menuju dewasa, aku tidak bisa membantu keuangan keluarga. aku jadi merasa lemah dan tidak berguna",Sad
"lima februari kenapa sih, pagi-pagi sudah ada kabar sedih saja",Sad
"inginku menggenggam tanganmu, memeluk dirimu erat. namun apakah itu akan terwujud? kamu saja bahkan sudah muak denganku",Sad
"pagi saat seisi semesta sujud pada zat yang sering lupa kau sebut karena kesombongan yang membalut pagi, ketika angin berbisik lirih saat malaikat rahmat mengirim kasih, aku yang buta mata hati masih saja sedih pada jiwa yang letih, pada raga yang merapuh, dan rambut yang mulai memutih",Sad
"meski engkau yang pergi, meski engkau yang meninggalkan, meski engkau hilang, tetap saja bagiku engkau masih ada di sampingku seperti biasanya. maaf saat ini aku cuma bisa mendoakan semoga engkau baik-baik saja di manapun berada. selamanya engkau tetap ada di hati walau tak bisa kumiliki lagi",Sad
sudah biasa kalah dan tersakiti,Sad
"apa kabar aku? apakah baik-baik saja? tidak. aku sedang tidak baik, pikiranku sedang tidak menentu",Sad
"pengguna ini sedang tidak baik-baik saja, sedang stres",Sad